id_estudiante,programa,semestre,seccion,creditos_inscritos,horas_estudio_semana,asistencia_pct,entregas_pct,accesos_plataforma_semana,participaciones_foro,nota_previa,nota_final,resultado_curso,orientacion_intrinseca,orientacion_extrinseca,valor_tarea,control_aprendizaje,autoeficacia,ansiedad_pruebas,ensayo,elaboracion,organizacion,pensamiento_critico,autorregulacion_metacognitiva,tiempo_ambiente_estudio,regulacion_esfuerzo,aprendizaje_pares,busqueda_ayuda
E0001,Ingeniería Civil Industrial,1,C,34,13,78,83,24,1,4.3,4.3,Aprobado,6.69,4.96,6.3,6.23,4.46,5.67,5.36,5.01,4.42,3.98,4.87,5.18,6.59,4.19,3.03
E0002,Ingeniería Civil Industrial,4,C,34,10,82,81,21,4,5.0,6.9,Aprobado,7.0,5.68,6.92,5.95,6.71,1.0,3.4,4.09,3.11,2.95,4.82,4.89,6.63,4.92,4.96
E0003,Ingeniería Informática,4,D,22,12,80,79,8,3,5.1,5.6,Aprobado,4.61,4.39,5.02,4.74,5.37,1.0,3.58,3.95,3.83,3.77,4.31,4.99,4.76,4.73,3.63
E0004,Ingeniería en Construcción,2,A,24,11,89,63,6,3,5.0,5.9,Aprobado,6.62,4.85,7.0,5.82,6.22,1.74,4.13,3.26,3.02,3.78,4.4,4.62,5.05,4.05,4.47
E0005,Ingeniería Informática,4,B,30,15,81,83,25,3,4.1,5.7,Aprobado,5.8,4.47,5.37,5.62,4.46,2.52,4.92,5.05,5.67,4.72,4.57,5.25,6.55,4.3,4.35
E0006,Ingeniería Civil Industrial,4,C,24,8,67,57,12,0,3.7,3.4,Reprobado,3.54,4.6,4.17,3.67,4.19,2.96,3.02,5.06,3.41,5.97,3.68,3.0,4.54,4.47,4.65
E0007,Ingeniería Informática,3,D,27,8,59,59,9,5,5.4,4.6,Aprobado,5.5,6.47,5.45,5.55,5.75,5.03,3.75,3.85,3.86,4.34,4.57,4.53,4.1,4.22,2.6
E0008,Ingeniería Informática,1,B,30,8,77,79,15,3,4.5,5.8,Aprobado,4.01,4.96,4.49,4.37,4.62,2.17,2.58,3.96,4.58,2.83,5.07,4.46,4.94,3.35,3.53
E0009,Ingeniería Electrónica,2,C,34,18,81,78,30,2,4.6,5.5,Aprobado,5.89,4.07,5.98,6.1,6.24,3.02,5.84,5.28,5.63,5.15,5.97,6.58,5.83,2.89,4.51
E0010,Ingeniería Informática,4,D,26,5,62,37,9,2,4.9,3.5,Reprobado,4.24,4.03,5.04,4.07,2.84,3.75,4.4,4.11,3.9,1.46,1.72,2.3,3.61,5.67,1.85
E0011,Ingeniería Informática,2,D,28,7,57,70,8,0,4.3,3.6,Reprobado,4.41,3.36,4.02,3.59,3.39,4.89,2.61,3.45,3.62,2.71,4.67,3.83,3.96,2.82,4.09
E0012,Ingeniería en Construcción,1,B,28,7,71,56,16,3,5.7,5.5,Aprobado,4.63,4.75,5.38,4.71,4.45,1.81,4.55,3.7,3.15,3.26,4.0,3.84,4.19,3.37,4.17
E0013,Ingeniería Electrónica,4,C,23,19,74,78,35,3,5.7,5.9,Aprobado,6.41,4.37,6.13,5.29,6.48,3.61,5.03,5.03,5.16,4.85,5.12,6.28,5.21,3.87,5.14
E0014,Ingeniería Informática,4,C,30,13,82,88,23,4,5.0,5.2,Aprobado,6.11,4.94,6.06,6.19,5.58,3.21,3.02,4.06,2.7,4.06,5.36,6.02,6.04,4.19,5.2
E0015,Ingeniería Electrónica,2,B,27,1,80,54,10,5,4.4,3.4,Reprobado,3.6,2.31,4.97,3.9,3.82,4.37,2.84,3.4,2.77,1.65,2.36,2.43,3.91,3.99,4.25
E0016,Ingeniería Civil Industrial,2,D,30,11,80,77,12,4,3.2,4.7,Aprobado,4.22,4.52,4.56,4.49,5.36,3.49,4.68,5.39,5.38,5.26,4.74,4.72,4.41,5.71,3.92
E0017,Ingeniería Informática,3,D,30,12,61,62,16,5,5.4,4.6,Aprobado,4.15,4.15,4.29,5.04,4.47,5.23,3.75,4.36,3.68,4.11,2.74,4.64,3.63,3.59,2.77
E0018,Ingeniería en Construcción,2,A,23,12,67,42,17,0,5.0,3.6,Reprobado,5.71,4.63,5.11,4.86,4.45,4.18,3.03,3.38,3.43,2.58,3.08,4.31,3.79,3.58,5.07
E0019,Ingeniería Civil Industrial,1,C,34,19,78,90,24,5,4.7,6.3,Aprobado,5.7,5.46,5.93,5.56,7.0,4.36,4.28,5.74,5.6,3.71,6.1,5.58,6.02,4.36,5.36
E0020,Ingeniería en Construcción,2,C,24,13,70,92,25,3,4.7,5.7,Aprobado,5.07,2.47,5.66,4.02,5.4,4.04,6.6,6.96,5.93,5.25,5.36,5.43,5.22,6.23,4.0
E0021,Ingeniería en Construcción,1,B,22,13,62,52,24,4,5.2,4.6,Aprobado,4.14,4.5,4.17,3.45,3.7,2.26,5.28,5.45,4.79,4.87,3.98,4.95,4.66,4.08,3.87
E0022,Ingeniería Civil Industrial,2,B,24,10,89,76,10,0,5.4,5.7,Aprobado,6.24,4.17,7.0,5.21,5.7,4.13,4.25,4.14,4.02,4.31,4.04,4.0,5.69,3.22,2.57
E0023,Ingeniería Informática,2,A,27,13,65,58,20,5,5.9,6.0,Aprobado,6.42,5.31,6.42,5.97,5.24,1.83,5.47,4.86,6.12,3.8,4.76,5.01,4.96,5.36,4.57
E0024,Ingeniería en Construcción,3,C,30,18,76,84,29,3,4.2,6.0,Aprobado,6.08,4.44,6.69,6.53,6.95,3.14,4.95,5.57,4.54,5.1,6.12,6.69,5.91,3.99,4.51
E0025,Ingeniería Civil Industrial,2,C,30,9,59,90,12,0,4.7,5.3,Aprobado,5.52,3.85,6.48,5.07,6.31,3.76,4.28,5.25,5.45,4.64,5.94,4.56,5.35,2.79,3.66
E0026,Ingeniería en Construcción,3,C,32,13,98,93,14,1,6.4,7.0,Aprobado,5.52,4.92,5.74,6.24,5.79,1.89,5.21,5.23,4.68,3.67,6.48,6.49,5.99,3.01,2.76
E0027,Ingeniería Civil Industrial,4,C,27,14,75,80,21,5,4.8,5.8,Aprobado,7.0,4.91,7.0,6.39,7.0,4.51,5.76,4.6,5.12,4.23,5.07,5.75,5.79,4.97,4.24
E0028,Ingeniería Electrónica,1,D,24,13,92,79,19,2,4.5,6.0,Aprobado,5.76,4.71,5.19,5.04,5.73,5.54,4.53,4.8,5.05,3.82,5.37,5.01,6.27,4.0,4.3
E0029,Ingeniería en Construcción,1,C,24,15,78,84,29,0,4.3,5.3,Aprobado,5.63,4.11,4.76,4.96,4.55,2.82,4.49,4.68,3.65,5.69,5.48,6.1,5.31,3.38,4.34
E0030,Ingeniería Civil Industrial,1,C,31,14,80,78,20,0,4.6,5.9,Aprobado,4.85,5.12,6.18,4.98,4.36,3.43,4.27,4.66,4.01,4.11,5.54,4.93,5.82,4.08,4.36
E0031,Ingeniería en Construcción,3,A,29,7,72,57,17,1,5.7,4.4,Aprobado,3.86,3.44,5.2,4.33,4.3,1.4,5.97,5.75,5.41,4.42,4.29,4.54,4.61,3.34,3.25
E0032,Ingeniería en Construcción,1,D,31,7,73,51,13,3,4.0,4.4,Aprobado,3.98,4.72,4.21,3.55,4.0,1.89,3.73,4.98,4.53,3.12,2.9,3.66,3.58,3.41,5.76
E0033,Ingeniería Informática,2,A,34,3,68,62,5,5,4.1,3.6,Reprobado,3.95,4.88,4.83,4.26,4.26,2.85,2.77,2.75,2.12,1.61,3.01,2.9,3.62,5.19,4.57
E0034,Ingeniería en Construcción,3,B,24,9,55,53,15,1,4.5,3.5,Reprobado,2.69,3.92,2.63,2.82,3.25,4.08,4.37,3.96,4.57,3.63,2.74,3.29,3.08,3.21,1.98
E0035,Ingeniería Civil Industrial,1,B,22,17,86,79,33,5,4.7,5.2,Aprobado,4.2,3.92,5.31,4.48,4.33,6.1,4.97,3.65,5.02,3.55,4.13,5.41,4.7,4.89,5.07
E0036,Ingeniería en Construcción,3,B,28,12,77,83,13,3,3.2,5.2,Aprobado,5.19,6.63,6.18,4.52,5.37,2.19,2.47,3.72,3.58,2.82,5.27,3.16,5.15,3.75,4.38
E0037,Ingeniería Informática,1,C,30,9,80,73,20,2,4.9,5.7,Aprobado,3.98,6.26,4.48,4.35,4.01,4.29,3.41,5.19,5.59,3.51,4.84,3.63,3.55,3.29,4.28
E0038,Ingeniería en Construcción,3,D,31,13,74,67,18,2,3.7,4.2,Aprobado,3.44,4.07,4.3,3.59,3.68,6.09,7.0,6.6,7.0,6.03,4.39,6.38,4.06,3.07,4.85
E0039,Ingeniería Civil Industrial,4,C,24,10,74,77,19,2,4.1,5.5,Aprobado,4.04,5.43,3.67,3.96,4.54,4.22,4.74,4.64,3.82,4.33,4.36,4.56,3.9,4.13,4.42
E0040,Ingeniería Civil Industrial,3,A,25,12,87,79,17,2,4.7,5.6,Aprobado,4.96,7.0,3.94,5.34,5.03,4.44,4.71,4.68,4.6,3.54,4.33,4.8,4.07,5.49,4.54
E0041,Ingeniería Civil Industrial,2,D,27,13,56,64,19,4,4.0,4.0,Aprobado,4.17,3.47,3.82,3.76,3.54,4.31,2.63,3.2,3.64,3.81,3.86,4.89,4.06,5.02,5.75
E0042,Ingeniería Civil Industrial,1,C,30,8,77,69,23,2,5.6,4.9,Aprobado,4.16,4.48,5.29,3.57,4.52,2.8,3.71,4.34,3.43,4.05,3.38,3.82,4.64,3.79,5.33
E0043,Ingeniería Civil Industrial,1,C,31,10,73,73,19,3,5.2,5.8,Aprobado,4.41,4.7,4.56,4.88,5.25,3.35,4.35,5.17,4.91,4.77,5.43,4.89,4.67,5.57,4.15
E0044,Ingeniería Electrónica,1,C,22,14,57,68,19,4,5.3,4.3,Aprobado,5.01,5.73,4.89,4.72,4.3,4.62,3.39,3.93,4.18,2.95,3.63,4.8,3.98,5.3,3.04
E0045,Ingeniería en Construcción,2,C,23,8,63,42,14,4,5.5,4.1,Aprobado,3.93,4.5,3.8,3.54,3.89,2.45,5.68,5.27,4.77,4.47,3.82,4.72,4.17,5.52,4.55
E0046,Ingeniería en Construcción,1,D,24,11,81,61,13,3,4.5,4.7,Aprobado,3.98,4.77,4.21,4.09,3.73,2.36,4.17,5.06,4.64,5.09,4.34,3.74,4.03,3.67,2.65
E0047,Ingeniería Civil Industrial,4,B,31,7,71,50,18,5,3.9,3.4,Reprobado,4.19,3.84,4.27,4.63,3.62,4.46,2.66,3.61,3.52,2.71,2.89,2.73,3.02,5.18,5.84
E0048,Ingeniería Informática,3,C,22,14,86,72,17,1,4.3,5.7,Aprobado,4.09,4.3,5.2,4.83,4.41,3.75,7.0,7.0,6.04,5.25,6.6,5.44,5.06,2.75,3.02
E0049,Ingeniería Electrónica,1,A,26,5,68,41,15,1,4.0,3.7,Reprobado,2.79,5.09,3.57,3.02,3.41,2.56,3.13,3.91,3.41,2.77,2.72,2.96,3.07,3.46,3.9
E0050,Ingeniería en Construcción,4,C,31,14,81,77,15,2,3.3,5.8,Aprobado,6.31,2.96,6.88,5.8,5.55,3.48,4.41,4.09,3.94,4.67,6.35,6.25,5.67,5.17,4.09
E0051,Ingeniería Electrónica,4,A,31,11,87,76,9,3,4.9,4.9,Aprobado,4.58,6.74,4.0,3.71,4.18,3.52,4.38,4.56,5.11,3.9,3.64,3.71,4.77,4.62,4.19
E0052,Ingeniería Informática,1,C,22,7,85,61,24,4,1.3,3.9,Reprobado,2.51,4.63,3.73,3.24,3.41,4.18,4.25,5.65,4.83,3.89,3.47,3.84,3.51,4.41,4.59
E0053,Ingeniería Civil Industrial,1,B,24,10,72,78,18,0,3.8,5.2,Aprobado,6.37,3.75,6.23,5.54,5.35,2.43,4.69,5.25,3.52,3.83,5.26,5.51,4.63,4.94,3.7
E0054,Ingeniería Electrónica,4,D,28,13,78,69,24,1,5.4,5.5,Aprobado,4.47,4.57,5.62,4.1,5.4,3.73,4.56,3.48,4.77,4.74,4.21,4.34,3.84,2.94,3.41
E0055,Ingeniería Electrónica,1,C,28,13,77,53,23,2,4.6,5.6,Aprobado,4.11,6.12,5.17,4.25,5.56,4.05,4.53,4.15,3.93,3.26,5.04,5.02,4.78,4.67,3.94
E0056,Ingeniería Civil Industrial,3,B,27,8,60,70,19,1,3.9,4.3,Aprobado,4.93,4.74,4.86,4.82,4.13,6.12,4.72,5.87,5.75,5.05,4.23,4.38,3.97,4.63,3.96
E0057,Ingeniería Civil Industrial,3,D,33,14,67,73,21,4,5.1,4.4,Aprobado,3.88,3.33,4.45,4.66,3.06,4.58,5.6,5.49,5.28,5.02,3.79,4.86,5.0,3.57,6.57
E0058,Ingeniería Informática,2,C,32,13,85,81,23,3,5.9,6.2,Aprobado,6.04,5.45,6.25,5.95,6.05,3.35,4.05,5.26,5.62,4.81,6.03,5.02,6.88,4.69,3.64
E0059,Ingeniería Informática,1,B,25,11,73,46,28,0,4.8,4.3,Aprobado,3.88,4.43,4.79,4.8,3.97,2.56,5.39,5.5,5.62,4.21,3.67,5.11,3.98,5.24,4.05
E0060,Ingeniería en Construcción,1,C,32,11,86,67,17,3,3.3,5.1,Aprobado,4.23,5.47,5.09,3.11,5.0,3.46,5.29,5.95,5.96,4.99,4.75,5.12,4.72,3.75,4.29
E0061,Ingeniería Informática,1,C,23,11,74,64,14,4,5.9,5.0,Aprobado,5.79,4.56,6.21,4.92,4.92,3.16,5.67,5.93,4.75,5.46,5.44,4.89,5.15,5.16,4.4
E0062,Ingeniería en Construcción,2,C,25,12,58,56,19,2,4.6,3.4,Reprobado,5.21,3.87,5.29,3.84,4.27,5.59,2.92,3.94,3.57,2.73,2.31,3.54,3.07,4.12,4.08
E0063,Ingeniería Electrónica,2,C,24,16,72,60,23,3,4.3,4.7,Aprobado,5.53,5.2,6.54,5.19,4.96,1.0,5.73,5.87,3.8,4.77,4.2,3.7,4.75,5.38,5.61
E0064,Ingeniería en Construcción,1,C,28,12,81,67,19,4,3.8,5.0,Aprobado,4.08,4.51,4.09,3.24,3.93,5.39,4.13,4.84,3.58,2.55,3.83,4.24,3.7,4.53,3.79
E0065,Ingeniería Civil Industrial,3,D,23,13,67,70,25,4,5.5,5.0,Aprobado,6.14,5.12,5.92,5.19,4.93,2.84,6.22,5.4,6.19,5.46,4.81,4.32,4.71,4.69,4.13
E0066,Ingeniería Electrónica,1,D,22,12,90,79,16,3,5.5,5.1,Aprobado,5.79,4.36,5.65,4.7,5.1,3.46,4.4,5.13,5.2,4.15,4.96,4.64,4.78,4.13,3.24
E0067,Ingeniería Civil Industrial,4,B,28,11,89,66,24,5,6.2,5.6,Aprobado,4.87,4.89,6.12,5.22,5.48,5.01,4.88,4.73,5.62,4.27,5.17,4.84,4.97,6.06,5.41
E0068,Ingeniería Informática,4,C,29,6,72,40,7,1,5.2,4.0,Aprobado,3.41,4.55,3.83,3.55,2.82,2.47,2.95,3.47,2.44,3.43,3.05,3.37,3.77,3.32,4.48
E0069,Ingeniería Electrónica,2,B,30,7,68,53,12,3,4.2,3.5,Reprobado,2.42,6.22,2.83,3.07,2.75,3.81,4.01,4.18,3.98,3.04,3.19,3.24,2.38,5.1,2.54
E0070,Ingeniería Civil Industrial,3,C,34,10,67,60,14,7,4.2,4.7,Aprobado,5.27,5.56,4.91,5.2,4.84,5.0,4.48,5.4,5.58,4.88,2.89,3.53,4.27,4.41,5.54
E0071,Ingeniería Electrónica,2,B,34,5,78,60,13,3,5.1,4.9,Aprobado,6.63,5.11,6.83,6.92,5.86,2.15,3.65,4.2,4.07,3.99,5.13,3.16,5.48,5.34,5.17
E0072,Ingeniería Electrónica,1,D,32,12,60,73,17,2,5.5,4.1,Aprobado,4.39,4.98,5.99,4.18,4.82,4.8,4.93,5.01,5.17,5.77,5.16,5.17,4.2,4.51,3.43
E0073,Ingeniería Informática,3,C,27,13,73,100,23,0,5.0,5.6,Aprobado,4.92,3.72,5.69,5.39,5.36,4.69,5.57,6.28,5.62,4.32,6.19,6.55,5.43,3.35,2.64
E0074,Ingeniería en Construcción,2,C,28,3,59,39,1,2,4.4,2.8,Reprobado,3.81,4.86,4.49,3.39,4.04,3.67,2.4,2.56,2.93,1.88,2.1,3.1,2.47,4.62,4.29
E0075,Ingeniería Electrónica,2,B,26,18,87,54,23,2,5.5,5.3,Aprobado,6.06,4.44,6.32,5.07,5.17,2.91,4.76,4.54,5.24,2.91,4.28,5.81,5.79,3.47,4.31
E0076,Ingeniería Civil Industrial,3,D,27,7,84,64,12,2,5.6,5.5,Aprobado,4.95,4.0,5.38,4.43,5.74,3.15,4.13,4.03,3.01,3.48,4.75,4.98,4.94,3.78,2.96
E0077,Ingeniería Informática,1,D,33,14,74,70,18,2,4.5,5.0,Aprobado,4.01,4.74,3.9,4.37,5.07,5.53,5.26,5.58,4.82,4.47,5.52,5.74,4.39,2.58,5.22
E0078,Ingeniería Civil Industrial,1,D,29,14,82,46,19,3,4.6,4.4,Aprobado,5.5,4.53,5.58,4.64,5.44,2.5,3.03,4.96,4.38,3.86,4.09,4.42,4.65,4.9,3.91
E0079,Ingeniería Informática,1,A,33,4,80,41,15,1,4.1,2.6,Reprobado,4.96,4.08,5.29,4.5,3.6,2.94,3.62,3.03,2.51,2.57,2.94,2.69,3.02,3.64,3.95
E0080,Ingeniería Civil Industrial,3,D,29,15,84,61,20,4,4.7,5.1,Aprobado,6.36,3.08,6.11,5.74,4.97,2.44,3.85,2.6,3.41,2.53,3.96,5.33,5.33,4.34,3.65
E0081,Ingeniería en Construcción,3,C,24,14,59,72,24,1,6.5,5.7,Aprobado,4.6,4.62,5.29,5.23,5.07,3.55,4.91,4.6,4.87,3.45,4.05,4.34,4.3,3.66,3.71
E0082,Ingeniería en Construcción,3,C,27,14,89,54,21,3,5.8,5.3,Aprobado,4.55,5.2,5.62,4.79,5.34,3.95,5.06,6.09,6.17,5.84,5.02,5.04,5.44,2.5,5.9
E0083,Ingeniería en Construcción,1,B,25,17,98,67,30,0,4.9,5.4,Aprobado,6.12,3.13,6.31,6.19,5.61,2.6,4.9,5.45,4.78,4.19,4.84,5.67,5.73,3.69,2.34
E0084,Ingeniería Electrónica,3,C,27,9,68,67,20,3,3.8,3.8,Reprobado,3.59,6.46,4.35,4.55,3.94,3.49,4.5,4.56,4.04,4.73,4.4,3.85,4.32,2.96,4.83
E0085,Ingeniería en Construcción,3,A,24,9,58,61,11,1,3.2,3.5,Reprobado,4.01,3.56,3.75,4.66,4.2,3.29,2.84,3.78,3.18,3.42,3.31,3.88,3.01,3.63,5.51
E0086,Ingeniería Civil Industrial,1,D,27,12,74,54,27,4,4.3,4.3,Aprobado,5.26,4.03,5.54,5.28,4.4,3.96,3.01,4.08,3.57,3.96,4.18,5.09,4.36,4.85,4.43
E0087,Ingeniería Informática,2,C,24,12,78,56,21,3,4.6,4.7,Aprobado,4.37,4.26,4.89,3.89,4.78,5.27,4.78,6.59,5.49,6.21,4.82,4.75,4.53,4.8,5.11
E0088,Ingeniería Electrónica,4,D,26,10,59,66,15,2,5.9,5.0,Aprobado,5.01,4.59,4.96,4.2,4.27,1.78,3.61,3.79,4.53,3.34,3.83,2.94,4.37,3.95,4.16
E0089,Ingeniería en Construcción,2,A,32,11,81,74,18,5,4.8,5.6,Aprobado,3.71,3.68,5.7,4.84,5.75,4.2,3.29,3.82,2.72,3.76,4.53,4.62,4.64,4.67,7.0
E0090,Ingeniería Informática,2,B,30,10,86,56,20,2,4.4,4.5,Aprobado,3.88,3.75,5.18,3.54,4.01,3.36,5.06,5.71,5.6,4.08,4.8,3.9,4.62,4.16,5.18
E0091,Ingeniería Informática,1,A,34,11,76,49,19,1,4.4,4.9,Aprobado,5.99,4.33,6.16,5.22,6.07,3.49,3.65,4.2,3.39,3.18,4.89,4.09,5.4,3.23,4.96
E0092,Ingeniería Electrónica,1,A,32,15,68,65,19,0,5.3,4.8,Aprobado,5.09,3.92,5.78,5.51,5.5,3.33,5.75,6.33,6.45,4.85,5.49,5.63,4.95,2.2,5.57
E0093,Ingeniería Civil Industrial,4,A,33,15,85,90,18,7,5.1,6.3,Aprobado,5.4,4.13,6.19,5.58,6.16,3.02,5.65,5.84,5.63,6.14,6.13,6.09,5.58,5.96,4.06
E0094,Ingeniería en Construcción,1,C,25,4,76,72,4,3,5.1,4.6,Aprobado,6.02,5.32,5.86,5.64,3.99,1.0,3.74,3.71,4.11,5.15,4.64,3.05,5.06,4.77,5.54
E0095,Ingeniería Civil Industrial,1,B,24,14,84,70,18,0,5.8,6.2,Aprobado,4.45,5.09,4.77,5.27,4.84,1.78,3.81,4.92,3.99,5.11,4.99,4.75,5.12,2.96,4.74
E0096,Ingeniería Electrónica,1,C,28,9,82,68,7,4,5.4,6.2,Aprobado,5.32,5.14,5.06,4.41,6.14,3.37,4.54,4.96,5.0,5.72,4.32,4.02,4.5,2.85,3.57
E0097,Ingeniería Informática,1,A,30,17,100,92,35,2,4.8,6.6,Aprobado,6.65,5.81,7.0,6.22,6.44,6.36,5.48,6.49,6.25,5.57,6.6,6.64,6.81,3.47,5.66
E0098,Ingeniería Informática,3,C,30,14,84,67,15,4,3.8,4.2,Aprobado,4.06,4.87,3.91,4.63,4.77,5.62,6.58,6.15,5.37,6.13,6.29,5.86,5.3,4.8,4.26
E0099,Ingeniería en Construcción,4,D,34,12,84,73,18,6,4.7,5.7,Aprobado,4.11,4.36,3.5,3.75,4.25,5.43,5.09,5.98,5.32,4.59,4.82,5.59,4.69,4.72,2.84
E0100,Ingeniería en Construcción,1,B,29,7,87,52,14,2,4.1,4.5,Aprobado,5.21,4.89,5.46,4.96,4.61,4.41,4.4,4.56,4.39,4.06,4.7,4.88,4.89,2.56,5.69
E0101,Ingeniería Informática,4,D,33,10,71,71,16,1,4.0,4.8,Aprobado,4.19,5.55,4.48,3.88,4.39,3.57,4.31,4.23,2.71,2.78,3.63,4.45,3.73,4.0,3.49
E0102,Ingeniería en Construcción,3,C,34,11,86,74,21,0,4.2,5.0,Aprobado,6.59,5.57,7.0,4.97,4.78,4.15,5.59,5.14,6.05,3.62,5.17,5.97,5.78,2.6,4.35
E0103,Ingeniería Electrónica,1,C,23,9,49,43,17,1,3.8,2.7,Reprobado,2.86,5.71,3.8,4.01,3.0,4.75,4.17,3.95,4.65,3.35,2.39,3.34,3.11,2.74,4.89
E0104,Ingeniería en Construcción,4,C,32,19,89,84,30,3,4.0,5.6,Aprobado,4.8,6.24,6.06,5.69,5.43,3.92,6.87,6.43,5.77,5.92,6.19,5.44,5.71,4.36,4.41
E0105,Ingeniería Civil Industrial,4,C,29,6,77,44,8,4,3.9,4.1,Aprobado,3.1,3.51,3.95,4.09,3.77,3.31,4.45,3.15,4.16,3.26,2.53,2.44,3.19,5.12,5.33
E0106,Ingeniería Civil Industrial,1,C,24,7,75,48,23,2,5.5,4.4,Aprobado,4.51,3.48,4.21,2.8,3.8,3.54,3.89,4.97,4.28,3.21,3.12,3.05,3.5,5.05,5.12
E0107,Ingeniería en Construcción,1,D,34,13,71,44,21,0,4.2,3.5,Reprobado,3.67,4.8,4.11,3.63,4.66,3.46,6.11,6.7,5.88,4.86,5.13,4.18,3.51,3.0,4.13
E0108,Ingeniería en Construcción,1,D,30,15,71,72,18,6,4.5,5.1,Aprobado,5.67,5.24,4.85,5.46,5.2,4.85,4.59,5.43,4.94,3.85,4.39,4.9,4.98,4.14,5.62
E0109,Ingeniería Civil Industrial,3,C,24,8,87,66,19,0,5.0,5.1,Aprobado,6.04,5.7,6.21,4.51,5.95,5.52,4.25,4.93,5.3,3.92,5.52,4.21,5.61,4.32,4.41
E0110,Ingeniería Civil Industrial,2,B,22,12,69,78,17,0,4.0,4.0,Aprobado,4.35,5.49,5.01,4.58,4.57,4.64,5.0,4.17,4.99,4.59,5.02,4.76,3.74,2.09,2.49
E0111,Ingeniería Electrónica,1,D,26,9,78,79,8,0,4.8,4.3,Aprobado,3.84,5.37,3.67,4.04,4.35,4.65,4.52,4.4,4.36,4.35,4.43,4.04,3.79,3.72,3.54
E0112,Ingeniería en Construcción,3,B,29,10,70,65,10,2,3.8,4.3,Aprobado,3.41,4.57,4.01,4.23,3.51,2.18,5.06,4.38,5.55,6.0,3.84,3.55,4.09,4.9,4.98
E0113,Ingeniería Civil Industrial,1,A,24,12,70,68,12,2,5.0,5.2,Aprobado,6.33,4.63,6.08,4.68,5.65,1.74,4.89,5.62,5.32,4.98,5.03,4.23,4.43,4.93,1.99
E0114,Ingeniería Electrónica,4,C,23,12,99,99,22,1,4.3,6.9,Aprobado,5.09,5.78,5.56,6.35,5.47,4.54,3.68,3.1,3.47,4.96,5.59,4.96,5.85,2.83,3.14
E0115,Ingeniería Electrónica,2,C,29,13,91,91,21,0,4.2,6.1,Aprobado,6.54,5.25,6.81,5.94,6.48,5.85,5.33,5.12,4.51,4.93,5.63,6.09,5.53,3.01,3.06
E0116,Ingeniería en Construcción,2,B,25,10,69,62,17,3,4.6,4.8,Aprobado,5.43,4.6,5.34,6.24,4.26,3.22,3.78,4.54,4.14,4.11,5.36,4.92,4.22,4.05,3.89
E0117,Ingeniería Civil Industrial,4,B,32,4,59,51,11,5,4.3,2.8,Reprobado,3.34,4.37,3.1,2.44,2.18,2.46,3.58,3.39,3.38,2.41,3.42,2.92,2.66,5.06,4.17
E0118,Ingeniería Civil Industrial,4,A,23,12,81,63,19,4,5.2,5.2,Aprobado,4.91,3.3,6.06,5.53,5.77,3.52,4.63,4.33,4.58,4.91,4.89,5.18,5.03,4.28,3.31
E0119,Ingeniería en Construcción,1,A,25,10,78,64,19,1,4.8,4.0,Aprobado,4.82,4.82,6.02,4.75,4.69,3.66,2.24,2.79,2.96,1.94,3.81,3.75,5.2,2.95,3.65
E0120,Ingeniería Electrónica,2,B,34,13,68,60,8,3,5.2,4.4,Aprobado,3.36,5.16,3.64,2.84,4.24,2.97,3.63,3.65,4.36,3.93,3.84,3.69,3.06,4.48,4.36
E0121,Ingeniería Electrónica,1,C,25,16,78,82,29,1,5.0,5.1,Aprobado,4.51,3.85,5.21,4.89,4.49,4.14,4.92,6.04,5.12,5.7,5.34,6.33,4.95,4.47,4.02
E0122,Ingeniería en Construcción,3,B,29,15,90,70,26,4,4.7,5.4,Aprobado,6.02,2.76,6.18,5.48,5.26,4.22,4.64,4.48,4.31,4.22,5.48,6.56,5.11,3.81,4.41
E0123,Ingeniería Electrónica,3,B,34,19,89,71,25,3,4.9,6.7,Aprobado,3.16,4.48,4.35,4.32,4.34,4.97,5.85,5.49,4.85,6.13,5.38,5.88,4.68,5.04,3.18
E0124,Ingeniería Informática,1,A,32,13,82,67,20,2,3.5,4.1,Aprobado,5.09,6.1,5.5,4.48,4.74,3.94,3.47,3.41,3.78,2.86,4.86,4.94,4.71,4.04,4.25
E0125,Ingeniería Electrónica,1,D,29,14,77,77,17,3,5.1,5.3,Aprobado,5.89,5.23,6.14,5.56,4.4,1.38,2.29,2.88,1.89,1.57,5.12,4.95,5.57,4.98,4.39
E0126,Ingeniería Informática,3,B,34,7,81,70,2,3,4.9,5.7,Aprobado,6.07,3.78,6.3,5.79,5.72,3.78,3.3,5.24,4.91,5.2,4.87,3.94,4.67,3.68,3.85
E0127,Ingeniería Civil Industrial,3,D,27,13,78,71,12,0,4.5,5.9,Aprobado,6.01,5.36,6.66,4.41,5.49,4.8,3.33,4.26,4.1,3.44,5.35,5.42,6.17,3.43,3.31
E0128,Ingeniería Electrónica,1,C,30,13,75,58,31,1,5.2,5.4,Aprobado,5.93,4.4,6.62,5.67,5.65,3.73,3.72,2.66,3.74,2.82,3.95,4.91,4.73,2.71,5.67
E0129,Ingeniería en Construcción,2,B,24,14,78,77,19,3,4.2,4.6,Aprobado,5.06,5.46,5.23,4.19,4.61,3.72,4.36,3.74,4.2,3.74,5.49,5.46,4.88,4.97,4.07
E0130,Ingeniería en Construcción,3,A,23,9,56,59,5,1,6.2,4.5,Aprobado,4.66,4.11,4.17,4.16,4.32,3.39,4.48,3.1,4.0,2.63,4.18,4.15,2.85,3.63,3.18
E0131,Ingeniería Electrónica,3,B,34,10,80,59,25,4,4.4,5.3,Aprobado,4.69,5.07,4.37,4.9,4.08,2.57,3.69,4.0,3.75,4.79,3.59,4.66,5.28,5.12,3.11
E0132,Ingeniería Electrónica,1,A,34,10,86,70,22,0,4.2,5.6,Aprobado,5.5,4.23,5.12,5.24,5.54,4.94,5.98,4.9,4.62,4.88,6.31,5.33,5.89,3.83,5.05
E0133,Ingeniería Electrónica,2,C,32,9,63,72,15,1,5.0,3.9,Reprobado,4.83,4.83,4.89,5.05,3.85,3.99,4.91,5.32,4.47,5.17,5.48,4.28,4.31,4.07,4.07
E0134,Ingeniería Electrónica,2,C,31,16,80,64,20,2,5.0,5.6,Aprobado,4.85,5.22,4.87,5.07,5.54,4.19,6.25,5.31,6.36,6.57,6.56,5.55,4.36,3.83,4.1
E0135,Ingeniería en Construcción,1,A,29,5,59,59,12,1,4.9,4.1,Aprobado,4.93,3.54,6.23,4.52,5.2,4.02,4.22,5.29,4.47,3.84,4.04,4.78,4.62,3.59,4.37
E0136,Ingeniería Electrónica,2,B,31,14,86,65,19,0,5.2,6.0,Aprobado,4.3,3.42,4.73,4.76,4.57,2.87,3.79,4.07,3.55,4.32,5.18,4.64,5.07,2.57,3.85
E0137,Ingeniería Informática,1,D,30,8,78,51,21,4,3.3,3.7,Reprobado,6.23,4.02,5.11,4.86,5.1,3.46,4.06,3.59,4.13,3.74,4.07,4.05,4.89,4.91,3.73
E0138,Ingeniería Informática,1,B,24,6,80,60,9,2,5.1,4.1,Aprobado,4.93,5.2,5.63,4.88,4.13,4.39,2.3,3.7,4.13,1.87,4.55,3.81,4.79,3.38,2.23
E0139,Ingeniería Electrónica,2,C,33,6,76,63,14,0,5.8,4.7,Aprobado,3.12,3.95,4.3,4.28,4.43,4.49,4.3,4.79,5.04,6.02,4.22,3.63,4.44,4.04,3.51
E0140,Ingeniería Civil Industrial,1,C,31,10,84,61,23,1,3.7,4.4,Aprobado,4.31,6.07,5.72,4.27,4.68,4.28,5.76,5.36,4.52,3.26,4.13,5.05,4.54,3.75,5.61
E0141,Ingeniería Civil Industrial,2,D,29,11,62,64,17,2,4.3,4.2,Aprobado,4.2,3.24,4.66,3.93,4.3,3.07,5.23,4.05,4.12,4.6,3.93,4.49,3.89,3.54,4.26
E0142,Ingeniería en Construcción,2,A,27,16,75,82,24,1,5.1,5.6,Aprobado,4.64,3.95,3.95,4.27,4.98,4.44,5.9,4.89,4.73,3.92,6.75,6.18,5.63,3.59,3.78
E0143,Ingeniería Electrónica,4,D,23,8,73,67,21,2,5.2,6.0,Aprobado,5.18,4.58,4.89,4.95,4.81,3.7,5.2,4.21,4.27,4.66,3.96,4.08,4.0,2.86,6.24
E0144,Ingeniería en Construcción,2,C,24,16,66,72,27,6,4.8,5.5,Aprobado,5.15,4.63,5.42,5.05,5.23,3.3,5.93,4.24,5.18,4.03,5.04,6.05,5.74,4.94,4.47
E0145,Ingeniería Electrónica,1,C,26,16,83,82,27,5,4.5,4.8,Aprobado,2.46,3.68,3.64,3.65,3.22,1.3,5.21,5.5,5.35,5.23,5.37,6.16,4.68,5.18,4.73
E0146,Ingeniería en Construcción,2,C,34,8,61,44,16,4,4.3,3.5,Reprobado,3.77,3.91,4.6,3.11,3.88,3.83,5.67,4.04,5.49,4.11,3.24,2.68,3.33,4.07,3.52
E0147,Ingeniería en Construcción,4,B,31,11,53,73,19,4,4.1,4.5,Aprobado,5.33,4.26,5.06,4.44,4.75,3.28,3.81,3.43,3.91,4.12,4.1,4.67,4.47,4.44,3.06
E0148,Ingeniería Informática,1,D,25,9,74,57,17,3,4.3,3.8,Reprobado,5.4,2.9,5.17,3.98,4.88,4.3,3.23,3.53,2.35,3.44,3.48,4.81,4.23,5.24,5.6
E0149,Ingeniería Informática,3,B,33,13,70,73,15,1,4.2,4.7,Aprobado,4.25,4.84,4.94,4.01,3.82,4.26,5.09,5.2,4.93,5.73,4.84,4.87,4.36,3.43,3.92
E0150,Ingeniería Informática,3,D,30,17,67,88,33,0,4.5,5.3,Aprobado,4.64,4.86,5.6,5.4,5.79,4.77,6.07,6.38,6.69,6.71,6.15,5.36,5.35,2.08,3.85
E0151,Ingeniería en Construcción,1,A,22,12,71,55,13,0,4.6,5.0,Aprobado,5.35,4.02,5.27,5.24,4.71,5.62,4.96,4.94,4.57,4.12,5.19,4.86,4.7,3.81,3.38
E0152,Ingeniería Informática,2,A,34,13,85,71,24,4,5.2,6.0,Aprobado,4.75,4.92,4.89,4.07,5.0,3.67,5.76,6.29,4.56,5.27,4.22,4.52,5.57,4.23,5.24
E0153,Ingeniería en Construcción,2,C,32,16,82,77,16,5,5.8,6.4,Aprobado,4.35,5.1,6.23,5.67,6.19,5.61,4.75,5.63,5.04,4.11,6.38,7.0,5.21,4.95,4.49
E0154,Ingeniería en Construcción,1,D,28,6,90,60,11,3,4.4,4.7,Aprobado,4.88,5.51,4.77,4.36,4.05,2.56,3.55,5.27,4.42,3.75,3.61,2.62,4.68,5.32,5.55
E0155,Ingeniería Informática,1,C,25,13,64,48,21,1,6.0,5.1,Aprobado,6.32,6.17,6.48,5.43,5.2,4.2,2.84,2.27,3.89,2.53,4.46,4.72,5.13,4.24,4.59
E0156,Ingeniería Civil Industrial,1,B,25,7,64,50,24,2,4.6,4.3,Aprobado,4.12,3.98,4.93,3.91,4.29,5.09,4.88,4.96,5.62,4.75,4.41,4.2,4.17,3.47,4.88
E0157,Ingeniería Electrónica,1,A,31,19,79,51,27,2,5.5,4.8,Aprobado,3.74,5.51,5.0,3.75,4.18,1.99,4.17,5.13,3.52,5.14,4.17,6.75,4.2,3.97,3.7
E0158,Ingeniería Electrónica,1,C,31,8,70,40,17,0,5.2,3.8,Reprobado,3.66,3.47,4.61,4.21,2.37,1.0,5.19,3.8,4.24,3.98,1.74,2.39,3.18,3.17,4.17
E0159,Ingeniería Electrónica,2,D,27,7,57,42,15,2,5.5,4.5,Aprobado,5.02,4.44,4.4,4.4,4.68,4.24,4.34,5.13,4.4,6.1,3.4,4.16,3.79,3.21,4.12
E0160,Ingeniería Electrónica,1,A,25,6,75,66,1,0,4.3,4.3,Aprobado,4.82,5.27,4.99,3.46,3.89,3.67,3.98,5.98,4.76,3.4,4.1,3.54,3.98,3.31,3.49
E0161,Ingeniería Informática,4,B,27,10,78,70,14,1,3.9,5.1,Aprobado,5.63,3.53,5.72,5.32,5.15,2.89,3.0,2.84,2.46,2.97,3.92,4.1,4.48,3.99,3.78
E0162,Ingeniería Electrónica,2,B,23,11,74,59,15,2,4.9,5.1,Aprobado,5.71,4.77,5.19,5.0,5.34,4.93,3.96,3.69,3.38,3.98,5.28,4.28,4.59,3.41,4.15
E0163,Ingeniería Civil Industrial,1,D,25,12,83,74,17,2,4.8,6.0,Aprobado,5.12,3.12,5.25,4.67,4.07,3.7,5.03,4.33,4.47,4.45,5.06,5.35,5.15,4.74,3.44
E0164,Ingeniería en Construcción,2,D,29,13,85,75,11,0,4.7,6.2,Aprobado,6.65,3.08,6.25,5.63,6.59,3.38,4.56,4.86,4.72,4.44,4.56,4.56,5.49,3.55,3.36
E0165,Ingeniería en Construcción,1,B,28,12,63,53,14,0,6.6,5.5,Aprobado,4.56,3.87,5.04,4.84,5.76,1.12,5.04,5.01,3.79,4.48,5.09,4.42,4.78,2.4,4.46
E0166,Ingeniería Electrónica,1,B,26,12,93,54,15,2,5.0,5.8,Aprobado,4.01,5.29,5.65,4.38,5.35,1.67,5.12,4.94,4.44,4.14,4.19,4.26,4.8,4.06,4.16
E0167,Ingeniería Electrónica,4,A,25,20,73,76,24,4,3.9,5.2,Aprobado,4.86,6.47,4.5,5.25,5.56,6.75,5.9,6.06,4.58,5.07,5.04,5.44,5.29,5.99,4.07
E0168,Ingeniería Electrónica,1,B,30,10,66,64,16,4,4.7,4.2,Aprobado,3.96,2.58,3.89,3.82,3.64,4.64,4.53,5.29,5.01,3.59,4.1,3.78,4.51,3.16,4.29
E0169,Ingeniería Electrónica,1,C,23,15,74,89,19,1,5.6,6.0,Aprobado,4.93,5.05,5.82,4.85,4.94,5.54,2.52,3.14,2.62,2.56,5.5,5.49,5.91,3.21,3.64
E0170,Ingeniería Electrónica,4,C,31,8,78,53,14,7,3.2,4.1,Aprobado,5.75,5.57,5.66,5.17,4.3,2.71,4.81,4.14,4.05,4.63,3.88,4.15,4.38,6.56,4.09
E0171,Ingeniería Informática,1,A,28,10,72,73,20,4,5.2,4.8,Aprobado,4.51,4.79,5.39,5.01,4.38,3.12,2.87,3.45,5.75,3.47,4.23,4.01,4.31,4.71,3.48
E0172,Ingeniería en Construcción,2,B,24,9,75,65,14,5,3.9,4.7,Aprobado,3.98,5.01,5.04,4.45,5.26,3.1,5.47,4.94,5.0,5.35,5.2,5.73,4.99,4.36,5.67
E0173,Ingeniería en Construcción,4,C,32,13,76,75,24,2,4.2,5.3,Aprobado,5.7,4.59,6.41,5.41,4.72,4.07,3.52,3.92,4.3,3.71,5.47,5.45,4.63,4.05,4.29
E0174,Ingeniería Civil Industrial,1,B,24,13,66,62,16,3,4.6,4.4,Aprobado,2.42,5.22,3.65,3.17,3.82,1.86,5.26,5.37,4.49,5.22,3.68,4.2,3.59,3.98,4.01
E0175,Ingeniería Informática,4,B,31,14,81,72,29,5,5.1,4.9,Aprobado,5.13,4.81,5.21,4.11,4.76,3.56,4.73,3.62,4.23,2.99,4.23,4.22,4.84,5.28,5.18
E0176,Ingeniería Civil Industrial,2,C,29,12,75,69,19,0,5.5,4.8,Aprobado,5.31,4.08,5.65,5.25,4.64,2.64,3.76,4.72,3.84,3.33,4.83,5.23,4.91,3.01,5.21
E0177,Ingeniería Electrónica,2,B,29,9,68,71,19,3,5.3,5.0,Aprobado,5.57,4.44,4.62,3.64,4.8,3.0,4.02,4.82,3.1,3.41,4.16,3.0,4.28,5.66,5.04
E0178,Ingeniería en Construcción,2,C,25,10,75,73,12,3,6.0,4.8,Aprobado,4.45,4.44,4.86,4.9,4.69,3.59,5.03,4.97,4.82,5.4,5.52,4.39,4.68,5.41,3.19
E0179,Ingeniería Electrónica,1,A,34,14,96,89,23,1,4.5,6.5,Aprobado,6.18,3.66,5.94,5.42,6.42,1.42,5.79,5.03,5.17,5.57,5.15,4.99,5.46,4.04,3.92
E0180,Ingeniería en Construcción,3,D,32,10,89,78,11,3,4.6,5.4,Aprobado,5.1,5.86,5.37,6.16,4.64,4.95,3.67,4.13,4.93,3.93,5.4,5.43,5.96,3.8,3.64
E0181,Ingeniería Informática,1,A,29,11,72,69,20,0,4.3,5.1,Aprobado,3.91,4.29,4.01,3.81,4.11,3.14,3.87,4.8,4.83,4.36,5.06,4.35,4.99,4.23,5.47
E0182,Ingeniería Civil Industrial,1,C,28,16,79,63,33,0,3.7,5.9,Aprobado,5.2,5.28,5.53,5.82,5.27,2.83,3.83,3.42,4.46,2.59,4.94,6.04,4.76,3.96,4.02
E0183,Ingeniería Informática,2,B,29,14,86,80,19,0,4.5,6.3,Aprobado,6.32,4.66,7.0,5.82,6.28,2.86,4.77,3.49,4.86,3.85,5.04,5.11,5.95,4.2,2.83
E0184,Ingeniería Informática,3,B,30,13,85,74,18,2,6.1,5.3,Aprobado,4.57,4.06,5.12,4.59,4.73,4.14,4.94,5.1,5.49,4.63,4.64,4.57,5.09,3.27,5.02
E0185,Ingeniería en Construcción,3,A,23,10,73,76,17,3,4.0,4.8,Aprobado,4.87,4.52,4.96,5.66,4.79,3.32,3.88,3.28,3.38,4.16,4.98,5.07,5.03,4.39,4.51
E0186,Ingeniería Informática,1,C,32,14,86,89,20,0,4.8,6.9,Aprobado,7.0,4.0,6.92,5.3,5.94,2.56,5.32,3.42,3.03,2.97,5.26,6.09,6.81,4.48,2.62
E0187,Ingeniería Civil Industrial,2,A,24,17,95,82,24,3,5.2,5.9,Aprobado,4.92,4.48,5.18,5.21,5.69,3.65,5.58,5.03,4.7,4.74,6.13,7.0,5.3,5.3,4.21
E0188,Ingeniería Electrónica,2,C,22,17,99,75,31,4,4.2,5.4,Aprobado,5.67,5.44,5.83,5.75,6.67,6.98,4.73,5.33,4.27,3.82,5.24,5.33,5.57,4.46,3.8
E0189,Ingeniería Informática,1,A,34,9,66,73,18,3,4.0,4.0,Aprobado,2.65,4.38,2.92,3.11,1.97,3.0,3.54,3.47,3.04,3.32,4.71,4.39,3.24,3.64,3.64
E0190,Ingeniería Informática,1,A,28,8,69,48,15,3,5.1,4.2,Aprobado,5.82,4.46,6.15,5.58,5.67,1.53,3.62,3.0,3.72,3.04,4.07,3.27,3.69,3.16,4.43
E0191,Ingeniería Electrónica,1,B,34,13,95,67,17,0,4.9,5.3,Aprobado,5.28,5.43,5.38,5.03,5.43,6.34,4.46,4.72,3.58,4.53,5.73,5.34,5.0,2.96,3.1
E0192,Ingeniería Civil Industrial,1,D,24,14,86,75,20,3,5.7,6.3,Aprobado,6.53,5.03,5.91,5.8,5.58,5.21,5.0,4.78,4.79,4.57,5.45,5.08,6.68,3.56,3.41
E0193,Ingeniería Civil Industrial,1,B,28,14,66,78,23,0,5.2,5.1,Aprobado,3.49,3.97,4.75,4.52,4.59,3.22,5.53,6.01,5.84,4.9,4.11,4.98,4.61,3.58,4.09
E0194,Ingeniería en Construcción,3,A,27,11,83,75,24,2,4.2,5.1,Aprobado,3.87,5.39,4.74,4.2,4.16,2.65,5.9,5.38,4.1,4.56,5.1,4.75,4.4,3.07,4.57
E0195,Ingeniería Informática,3,D,26,10,82,71,9,2,3.6,4.9,Aprobado,6.01,4.72,6.83,5.97,5.75,5.67,3.57,4.15,2.96,3.19,4.19,4.79,5.52,4.08,4.6
E0196,Ingeniería Electrónica,4,A,27,7,68,69,13,0,2.8,3.3,Reprobado,3.8,5.39,3.74,3.38,4.33,4.21,4.11,3.97,3.83,3.23,3.73,3.91,3.86,3.01,3.3
E0197,Ingeniería Civil Industrial,1,C,25,16,89,88,20,1,5.0,6.6,Aprobado,6.68,4.57,7.0,6.86,7.0,3.12,3.86,3.66,3.02,3.38,5.55,4.69,6.21,4.69,1.94
E0198,Ingeniería Informática,3,D,26,18,83,87,22,0,3.7,6.3,Aprobado,4.7,4.33,5.49,5.56,5.4,5.12,6.96,6.63,5.28,6.77,5.63,6.22,6.36,3.49,3.5
E0199,Ingeniería en Construcción,1,C,25,5,68,59,10,5,5.0,3.7,Reprobado,3.91,4.05,4.94,3.52,3.84,3.01,2.75,2.95,2.12,3.04,2.84,2.97,3.43,5.98,4.03
E0200,Ingeniería Civil Industrial,2,D,22,17,85,86,16,0,4.9,6.3,Aprobado,6.12,4.38,5.69,6.88,5.08,5.19,4.09,5.14,4.31,3.51,4.68,5.32,5.19,2.82,3.34
E0201,Ingeniería Electrónica,1,A,32,8,65,69,27,2,3.5,4.0,Aprobado,4.51,3.11,4.83,2.87,3.49,4.45,3.31,4.4,3.81,3.71,3.42,2.55,3.91,3.52,4.9
E0202,Ingeniería Electrónica,1,A,26,14,61,68,21,3,4.4,5.1,Aprobado,5.01,4.18,5.28,4.68,4.71,6.11,2.57,4.57,3.89,3.3,5.24,5.22,4.83,3.72,4.15
E0203,Ingeniería Informática,1,D,24,14,81,84,29,2,4.4,6.9,Aprobado,5.91,4.08,5.7,6.4,6.55,4.15,6.8,6.77,6.01,6.02,6.36,5.98,6.58,4.42,4.23
E0204,Ingeniería en Construcción,2,A,25,12,80,93,10,3,4.7,5.7,Aprobado,5.52,5.86,6.24,5.78,4.98,3.55,3.46,4.0,4.09,3.03,6.08,4.79,5.51,3.24,3.6
E0205,Ingeniería Electrónica,1,C,23,14,75,49,26,2,5.5,4.4,Aprobado,4.48,5.26,4.84,4.01,3.91,6.09,5.56,4.19,4.83,3.43,3.31,3.64,4.09,3.27,4.6
E0206,Ingeniería Electrónica,1,D,28,11,70,67,20,4,5.2,4.4,Aprobado,3.2,4.43,2.93,3.19,4.68,4.06,6.83,6.58,6.13,5.61,4.36,5.22,4.77,4.48,4.34
E0207,Ingeniería Informática,4,C,23,10,71,58,8,4,5.8,5.0,Aprobado,4.89,3.6,5.53,4.47,5.1,1.84,5.54,6.15,5.83,5.52,4.05,5.57,4.44,4.97,3.11
E0208,Ingeniería Informática,2,B,34,14,72,37,29,2,4.5,3.8,Reprobado,4.2,4.84,3.91,3.74,3.15,1.77,2.3,3.38,3.28,3.73,2.16,3.88,3.55,4.38,3.66
E0209,Ingeniería Civil Industrial,2,D,28,9,87,54,15,3,4.3,5.3,Aprobado,5.12,4.21,5.65,5.35,4.23,4.91,4.46,3.84,3.83,3.31,4.22,4.26,4.29,3.66,5.19
E0210,Ingeniería Electrónica,4,D,34,9,77,68,26,2,3.8,4.1,Aprobado,4.88,3.47,5.41,4.21,4.59,3.77,5.66,5.42,5.01,3.7,3.44,3.98,4.2,3.78,6.18
E0211,Ingeniería Electrónica,2,D,34,13,91,64,25,3,5.1,5.3,Aprobado,4.86,3.72,5.86,6.37,6.33,7.0,3.56,4.29,5.01,2.77,5.47,4.8,5.84,5.74,3.97
E0212,Ingeniería Civil Industrial,1,B,24,20,81,79,29,3,4.4,6.5,Aprobado,6.37,4.85,6.87,6.0,6.85,2.75,4.16,5.08,4.46,3.81,6.01,5.93,6.13,4.62,4.7
E0213,Ingeniería Electrónica,2,C,22,8,62,56,16,3,4.0,3.2,Reprobado,3.92,4.59,4.07,4.26,2.79,5.07,3.96,4.24,3.67,2.85,3.82,3.64,2.67,5.1,3.03
E0214,Ingeniería Electrónica,2,A,29,9,74,61,18,2,4.7,4.1,Aprobado,3.31,5.26,3.75,3.92,4.23,4.4,5.08,4.17,5.17,5.19,3.94,4.5,3.81,4.19,4.07
E0215,Ingeniería Electrónica,1,B,28,7,80,76,17,2,6.0,6.0,Aprobado,4.72,3.87,5.98,4.31,4.88,1.15,3.32,3.69,4.04,2.92,3.81,2.66,3.82,2.46,3.76
E0216,Ingeniería Civil Industrial,2,A,23,9,96,89,11,0,4.7,6.4,Aprobado,6.92,4.68,7.0,6.22,6.02,2.96,3.0,3.57,3.4,2.84,4.71,4.23,5.86,4.33,5.06
E0217,Ingeniería Civil Industrial,2,B,30,16,71,53,13,6,4.8,4.7,Aprobado,3.97,2.04,3.15,4.24,4.52,5.17,5.53,4.2,4.82,5.34,3.81,5.05,4.02,5.65,1.83
E0218,Ingeniería Electrónica,4,B,32,10,78,80,16,4,5.9,6.2,Aprobado,4.47,4.5,6.51,5.77,5.88,6.0,4.51,4.99,4.52,4.86,4.82,4.84,5.85,3.91,4.55
E0219,Ingeniería en Construcción,3,B,23,9,68,75,6,2,5.5,5.1,Aprobado,4.99,4.26,4.93,4.46,4.67,4.15,4.66,4.16,3.73,4.33,4.86,5.39,4.3,5.14,4.62
E0220,Ingeniería Electrónica,3,A,25,16,93,69,20,5,4.1,5.7,Aprobado,5.88,3.98,6.43,6.06,5.71,3.38,4.9,7.0,6.32,5.09,5.66,5.58,6.41,4.66,5.17
E0221,Ingeniería Civil Industrial,1,D,28,4,74,63,4,5,4.4,3.8,Reprobado,3.61,2.55,4.07,3.1,3.63,3.47,3.54,3.15,2.27,2.25,2.58,2.71,3.98,4.22,2.9
E0222,Ingeniería Civil Industrial,4,C,22,20,86,91,24,0,4.7,6.3,Aprobado,6.37,4.93,6.45,5.86,5.34,3.33,3.99,5.7,5.52,5.21,5.59,6.04,6.62,4.11,5.09
E0223,Ingeniería Informática,1,D,33,12,73,50,23,2,4.6,4.3,Aprobado,5.07,3.78,4.99,4.22,4.97,4.63,3.31,4.81,4.36,3.47,5.38,4.46,4.47,3.91,3.45
E0224,Ingeniería Informática,1,A,31,4,76,39,18,4,7.0,4.1,Aprobado,4.86,4.19,3.94,2.92,4.3,4.32,4.91,4.39,2.85,5.4,3.16,2.37,3.44,4.39,5.6
E0225,Ingeniería Electrónica,4,D,26,19,81,79,29,2,4.4,5.3,Aprobado,4.8,3.35,5.1,4.02,5.27,5.43,4.73,3.5,5.4,5.34,4.28,5.45,5.21,3.67,4.84
E0226,Ingeniería Informática,1,A,34,13,66,72,22,2,4.2,4.9,Aprobado,3.04,5.25,4.27,3.49,3.56,2.87,5.59,5.68,5.76,5.03,4.94,5.74,4.19,3.72,3.58
E0227,Ingeniería en Construcción,1,B,23,11,85,64,24,2,5.5,5.8,Aprobado,4.01,3.97,4.76,4.3,4.63,2.4,5.89,5.73,5.71,5.15,4.3,4.5,3.87,3.4,4.79
E0228,Ingeniería Informática,2,C,31,8,69,53,16,2,4.1,4.5,Aprobado,3.62,5.18,3.59,3.44,3.58,2.44,4.58,3.71,4.59,4.07,3.76,3.86,3.49,3.1,3.96
E0229,Ingeniería Civil Industrial,1,B,26,11,79,61,9,3,4.6,4.7,Aprobado,4.35,4.54,5.31,4.35,3.63,4.71,5.63,5.72,4.3,5.17,4.79,4.08,3.99,4.62,3.03
E0230,Ingeniería Electrónica,1,A,33,9,53,64,15,4,4.2,4.2,Aprobado,4.39,4.73,4.1,3.93,4.27,4.27,3.97,4.48,4.04,4.27,4.25,4.53,3.1,3.78,5.12
E0231,Ingeniería Electrónica,2,C,32,14,84,86,11,5,4.6,5.2,Aprobado,4.72,5.83,4.86,5.32,4.63,2.47,5.41,4.66,5.79,4.37,7.0,4.94,5.08,4.19,5.12
E0232,Ingeniería Civil Industrial,1,C,24,11,83,83,13,0,6.2,6.3,Aprobado,7.0,2.74,7.0,6.9,6.3,3.06,4.71,3.89,4.08,5.13,5.14,4.88,6.93,2.06,4.86
E0233,Ingeniería Electrónica,1,A,29,11,83,78,13,5,5.2,5.5,Aprobado,5.8,5.12,7.0,6.01,6.32,2.89,4.08,5.29,4.67,3.67,5.24,4.68,5.29,4.79,2.89
E0234,Ingeniería Civil Industrial,2,A,29,11,84,82,14,0,5.4,6.2,Aprobado,6.32,4.57,7.0,6.45,5.83,3.7,4.76,5.7,5.12,3.83,5.88,4.88,5.43,2.75,2.17
E0235,Ingeniería Civil Industrial,2,A,27,14,88,87,15,0,6.0,7.0,Aprobado,7.0,4.84,6.68,6.09,7.0,2.71,6.31,6.28,6.74,5.96,7.0,7.0,6.79,2.93,3.43
E0236,Ingeniería Electrónica,2,D,30,13,72,68,32,0,3.2,4.7,Aprobado,5.75,4.05,5.21,5.69,5.28,4.21,3.35,3.54,3.29,5.09,4.25,4.8,4.82,4.81,5.22
E0237,Ingeniería Informática,3,A,34,14,59,75,17,1,4.8,4.7,Aprobado,4.38,6.29,5.17,4.07,5.91,3.96,5.18,4.87,4.44,4.13,5.16,5.92,4.35,3.89,3.7
E0238,Ingeniería en Construcción,2,B,25,6,77,71,18,1,5.3,5.7,Aprobado,4.69,4.14,3.76,4.01,3.56,2.31,4.64,5.55,5.62,5.32,3.7,3.11,4.59,4.14,3.84
E0239,Ingeniería Electrónica,2,A,26,10,68,78,27,1,5.6,5.4,Aprobado,5.41,4.43,5.35,5.73,4.71,1.93,4.6,5.32,5.4,6.14,5.61,4.64,5.04,2.52,5.0
E0240,Ingeniería Informática,2,D,33,11,66,56,16,6,5.5,4.6,Aprobado,4.58,4.23,4.59,4.59,3.94,2.94,4.79,4.86,5.76,3.86,3.9,4.14,4.2,5.29,4.62
E0241,Ingeniería en Construcción,3,A,27,12,73,64,4,2,5.2,4.6,Aprobado,3.61,4.81,4.28,3.98,4.25,2.98,5.39,5.06,4.84,5.51,5.17,5.66,4.28,2.92,2.83
E0242,Ingeniería Electrónica,1,D,25,12,60,54,24,3,4.5,4.3,Aprobado,3.91,3.9,5.64,4.36,3.78,1.0,4.0,3.47,3.78,4.02,3.97,4.23,3.31,2.56,5.81
E0243,Ingeniería Civil Industrial,1,D,27,14,76,67,19,3,3.9,4.2,Aprobado,4.26,5.18,5.33,5.22,4.78,3.52,3.7,5.16,4.19,3.72,5.49,4.87,4.69,5.65,4.38
E0244,Ingeniería Informática,3,C,22,10,72,50,8,4,5.5,5.5,Aprobado,3.77,3.63,4.62,4.35,5.51,3.1,4.8,5.12,5.68,4.7,4.85,4.27,4.64,5.09,5.87
E0245,Ingeniería Informática,3,B,27,15,89,75,17,3,5.5,6.9,Aprobado,4.47,3.8,4.25,4.33,5.68,3.9,5.46,5.72,5.01,5.7,5.52,5.59,5.06,4.96,4.45
E0246,Ingeniería Informática,1,A,26,10,66,70,22,2,3.6,4.2,Aprobado,3.09,5.71,3.32,3.94,2.7,4.06,4.21,3.77,3.62,3.83,4.04,4.09,3.78,2.73,4.12
E0247,Ingeniería Informática,4,C,30,11,78,83,22,3,5.9,6.1,Aprobado,4.99,5.68,5.03,4.76,5.5,3.28,6.06,5.02,5.29,5.27,4.54,4.91,4.86,3.88,5.47
E0248,Ingeniería en Construcción,1,A,34,12,75,74,19,2,5.5,4.6,Aprobado,5.2,4.22,5.63,5.63,5.49,2.46,4.59,5.07,3.28,3.56,4.22,3.72,4.8,4.1,4.62
E0249,Ingeniería Civil Industrial,4,A,34,17,91,78,25,1,5.3,6.2,Aprobado,6.12,3.17,6.76,5.22,6.06,4.1,4.42,4.4,4.46,3.6,4.87,5.14,6.38,4.29,5.22
E0250,Ingeniería en Construcción,1,C,32,13,75,100,28,2,4.3,5.9,Aprobado,4.75,4.85,5.69,5.56,4.83,4.3,5.57,4.74,4.57,4.92,6.05,5.72,5.32,3.66,4.94
E0251,Ingeniería en Construcción,1,A,23,9,77,67,14,0,5.3,6.6,Aprobado,6.56,4.82,6.3,5.76,6.38,1.04,5.7,5.15,5.8,4.48,4.52,5.07,6.11,4.66,3.13
E0252,Ingeniería Civil Industrial,3,A,23,13,68,49,17,3,1.5,3.3,Reprobado,3.9,5.33,4.78,4.72,3.79,6.25,3.77,4.38,3.56,3.05,3.91,4.41,3.77,3.85,2.53
E0253,Ingeniería Civil Industrial,1,B,24,10,63,69,18,1,4.9,4.1,Aprobado,3.68,6.11,3.77,4.81,3.96,4.52,5.13,4.19,3.79,4.53,4.48,4.17,3.92,4.12,3.85
E0254,Ingeniería Civil Industrial,2,B,30,11,92,68,18,3,3.8,5.6,Aprobado,5.08,3.18,6.41,5.79,5.89,4.36,5.55,6.25,5.3,7.0,5.45,4.86,5.85,5.22,5.35
E0255,Ingeniería en Construcción,3,D,33,9,79,60,10,6,4.1,4.8,Aprobado,4.51,4.81,4.46,3.67,4.03,3.22,4.61,5.29,4.59,4.53,3.7,5.11,3.56,4.63,3.38
E0256,Ingeniería Informática,1,C,22,10,69,64,11,4,6.6,5.2,Aprobado,4.85,4.84,4.92,4.26,5.5,1.0,4.74,5.6,5.31,4.13,5.67,4.8,4.06,6.24,4.36
E0257,Ingeniería en Construcción,4,D,30,15,78,66,21,4,4.3,5.0,Aprobado,4.71,4.93,5.32,5.09,4.26,3.62,2.52,3.27,2.17,2.88,4.82,5.95,4.79,2.49,3.9
E0258,Ingeniería Informática,2,C,33,7,65,52,11,2,4.7,4.2,Aprobado,4.95,4.03,5.79,3.87,4.34,2.38,3.27,2.53,3.27,3.37,2.44,2.46,4.64,4.1,3.71
E0259,Ingeniería en Construcción,1,D,32,14,85,74,28,1,4.6,5.8,Aprobado,6.68,4.17,6.62,5.14,6.24,1.36,4.3,4.7,3.24,3.6,4.43,4.85,5.76,3.61,4.92
E0260,Ingeniería Civil Industrial,4,A,28,20,100,81,30,3,5.4,7.0,Aprobado,6.38,4.76,6.67,5.94,6.16,1.53,5.18,5.04,4.45,5.9,6.64,6.77,5.89,3.57,4.12
E0261,Ingeniería en Construcción,2,C,27,9,86,65,14,1,7.0,5.3,Aprobado,3.19,5.81,3.86,4.55,3.52,4.85,5.46,5.16,4.96,4.8,4.52,3.88,3.54,3.67,2.86
E0262,Ingeniería en Construcción,2,B,24,12,66,51,20,8,4.3,3.8,Reprobado,2.9,3.71,3.35,3.88,2.9,4.31,5.94,6.09,5.96,5.51,3.47,4.51,3.06,6.12,5.08
E0263,Ingeniería Electrónica,2,D,32,2,78,58,6,3,5.3,3.7,Reprobado,3.87,4.46,4.67,3.26,4.33,3.55,3.09,3.75,2.82,3.08,3.68,3.02,3.18,3.16,4.35
E0264,Ingeniería Informática,4,B,29,10,84,54,18,0,4.9,4.2,Aprobado,5.87,5.14,6.1,5.79,4.99,2.36,5.14,5.61,5.52,3.66,3.84,4.07,5.05,3.03,4.52
E0265,Ingeniería Civil Industrial,2,C,31,12,66,61,16,0,4.9,5.0,Aprobado,4.45,5.31,4.7,4.13,4.05,4.65,6.22,4.35,4.39,4.54,4.91,4.46,4.1,2.78,5.33
E0266,Ingeniería Informática,4,C,29,15,85,60,26,4,5.4,5.5,Aprobado,4.13,5.59,5.38,4.91,5.7,2.36,5.48,6.02,5.8,4.66,4.44,5.57,4.77,3.37,4.61
E0267,Ingeniería Electrónica,1,A,34,13,75,72,17,4,5.3,5.4,Aprobado,4.48,5.45,4.97,6.41,5.76,3.0,4.93,6.27,5.32,5.02,6.27,6.57,5.47,5.15,5.38
E0268,Ingeniería Electrónica,1,C,22,10,92,88,10,2,6.5,6.2,Aprobado,4.41,2.94,4.79,5.16,5.0,4.57,5.01,5.77,4.31,4.29,5.45,4.55,6.0,3.52,4.09
E0269,Ingeniería en Construcción,2,C,29,6,74,72,18,3,4.4,5.3,Aprobado,5.51,4.11,6.59,5.69,5.32,1.87,5.12,4.46,5.33,4.96,5.67,4.71,5.61,4.79,2.33
E0270,Ingeniería Electrónica,3,C,33,13,77,57,22,4,6.0,4.9,Aprobado,3.44,3.91,3.51,4.24,4.51,1.83,4.98,4.72,4.45,3.19,4.06,4.33,3.55,4.17,5.47
E0271,Ingeniería en Construcción,4,C,34,11,58,51,16,5,5.1,3.9,Reprobado,3.41,5.08,4.35,3.78,4.18,2.02,5.76,4.41,4.7,4.7,4.78,4.56,4.15,5.34,5.3
E0272,Ingeniería Civil Industrial,2,B,30,13,77,71,23,2,5.3,5.7,Aprobado,5.77,4.99,6.06,6.1,5.61,4.5,3.36,3.16,3.12,3.31,4.67,4.75,5.24,3.96,3.61
E0273,Ingeniería Electrónica,1,C,29,11,67,66,17,3,4.2,4.3,Aprobado,3.82,3.58,3.74,3.57,4.38,4.22,4.63,4.63,3.68,3.88,4.27,5.28,3.74,4.49,4.59
E0274,Ingeniería Informática,2,C,26,11,71,42,4,5,5.2,3.1,Reprobado,4.52,5.95,5.6,4.38,4.43,4.16,3.3,3.69,4.52,2.8,4.18,4.08,4.7,3.8,4.38
E0275,Ingeniería Civil Industrial,2,C,29,7,88,64,10,2,5.6,4.9,Aprobado,2.8,4.97,3.2,3.44,4.06,3.31,5.48,5.37,5.47,5.69,4.38,5.34,4.67,3.97,6.0
E0276,Ingeniería en Construcción,4,A,24,7,92,73,8,2,5.5,5.7,Aprobado,5.59,4.47,5.08,4.7,5.19,4.18,4.23,4.57,3.03,4.57,4.55,4.67,4.52,4.18,4.18
E0277,Ingeniería Informática,4,C,25,14,84,72,21,2,5.3,5.3,Aprobado,5.25,4.99,4.96,4.69,5.16,2.63,5.54,5.99,6.46,6.7,5.95,6.57,6.05,3.81,5.41
E0278,Ingeniería en Construcción,1,B,26,10,86,75,6,0,3.6,4.8,Aprobado,5.1,4.51,4.84,5.88,4.79,3.33,4.29,3.72,4.88,2.87,5.19,4.36,4.35,3.04,4.23
E0279,Ingeniería Informática,1,C,34,10,67,69,20,1,4.8,4.7,Aprobado,3.38,5.19,3.68,3.12,3.99,4.21,4.28,4.92,4.45,5.13,4.49,4.17,3.33,3.78,3.18
E0280,Ingeniería en Construcción,2,D,27,15,79,73,18,2,4.0,5.6,Aprobado,4.41,5.52,4.28,4.26,4.58,4.4,5.71,5.96,4.4,4.14,5.5,4.97,4.18,3.73,4.41
E0281,Ingeniería Informática,1,A,33,8,72,60,20,0,5.0,4.2,Aprobado,2.62,4.28,3.4,2.46,4.17,4.28,4.73,4.32,4.73,4.52,3.8,4.1,3.51,2.88,4.05
E0282,Ingeniería Informática,1,A,24,16,85,74,20,2,3.7,4.9,Aprobado,4.72,4.21,6.04,5.55,4.92,5.17,4.62,5.23,4.67,4.16,4.81,5.68,4.21,4.34,4.44
E0283,Ingeniería Informática,1,A,22,12,70,58,17,5,5.0,5.2,Aprobado,4.94,6.89,5.49,4.25,4.41,2.32,3.16,3.13,3.31,2.26,4.14,4.7,4.16,4.64,4.75
E0284,Ingeniería Informática,2,C,32,6,82,68,8,3,3.5,4.1,Aprobado,3.58,5.34,4.44,3.36,4.48,2.92,4.32,3.38,3.92,3.09,3.85,3.06,3.96,3.29,4.64
E0285,Ingeniería Electrónica,4,A,31,14,69,82,14,1,4.9,4.7,Aprobado,3.77,4.02,4.1,4.36,3.75,4.19,4.83,4.87,4.71,3.58,3.32,3.35,4.52,4.37,4.65
E0286,Ingeniería Informática,2,A,32,11,71,54,19,0,5.8,4.1,Aprobado,5.36,4.62,5.68,4.54,5.62,5.07,3.52,3.47,3.19,2.99,2.3,4.99,4.38,3.48,4.89
E0287,Ingeniería Informática,1,C,31,12,83,73,27,7,5.4,6.0,Aprobado,4.83,3.79,6.08,6.62,4.7,1.64,4.11,3.9,3.97,2.48,5.16,4.5,4.78,6.51,4.41
E0288,Ingeniería Electrónica,4,B,25,18,71,56,30,1,3.3,4.7,Aprobado,3.93,4.59,5.33,4.94,4.31,2.92,5.1,5.44,4.41,3.71,4.56,4.97,4.72,3.11,4.86
E0289,Ingeniería Electrónica,1,D,22,12,66,76,23,4,4.2,4.7,Aprobado,3.81,5.1,3.97,3.75,4.19,1.76,5.79,6.16,6.12,5.62,4.82,5.66,4.65,3.54,5.68
E0290,Ingeniería en Construcción,1,A,22,11,85,57,21,3,3.8,5.5,Aprobado,4.76,4.81,5.03,4.25,4.51,3.14,5.87,4.95,4.49,5.06,4.81,5.77,6.12,5.14,4.35
E0291,Ingeniería Informática,2,A,25,14,54,78,20,1,5.5,4.7,Aprobado,4.69,4.4,3.94,4.44,3.53,3.3,7.0,6.23,6.24,6.12,5.2,4.51,4.32,3.01,5.31
E0292,Ingeniería Electrónica,2,C,24,13,85,71,26,2,4.1,6.2,Aprobado,5.76,5.89,5.96,5.95,5.34,1.72,4.98,5.54,5.14,4.82,5.7,6.14,4.59,3.05,4.68
E0293,Ingeniería Electrónica,2,D,26,14,65,75,26,3,3.1,4.2,Aprobado,5.07,3.94,4.22,4.29,3.49,4.38,5.14,5.18,5.58,5.45,5.03,4.77,4.8,3.58,5.4
E0294,Ingeniería Informática,1,D,24,9,81,76,17,5,5.3,5.8,Aprobado,5.37,5.57,5.07,5.64,5.2,2.53,5.58,5.12,5.05,4.05,5.54,4.43,5.09,6.35,3.64
E0295,Ingeniería en Construcción,1,A,33,14,83,84,18,2,5.1,6.5,Aprobado,6.34,5.68,6.95,5.82,6.86,3.37,5.37,6.38,5.56,4.59,6.86,5.01,6.23,3.44,4.37
E0296,Ingeniería Civil Industrial,2,C,34,16,77,75,18,1,4.8,5.8,Aprobado,4.87,4.86,4.64,4.75,4.11,2.88,5.86,5.57,5.6,3.54,4.34,5.36,5.13,4.06,2.89
E0297,Ingeniería en Construcción,1,D,33,8,72,58,12,0,4.4,4.3,Aprobado,3.67,5.0,4.79,4.71,4.98,2.77,4.32,4.57,5.26,4.18,3.94,3.69,3.83,2.48,3.64
E0298,Ingeniería Electrónica,1,A,26,15,83,95,16,3,3.8,7.0,Aprobado,6.96,6.25,6.36,6.34,7.0,3.06,4.88,4.93,4.88,4.16,6.37,6.28,6.76,4.73,4.74
E0299,Ingeniería Informática,4,A,28,6,73,70,13,2,4.7,5.5,Aprobado,4.58,4.86,4.73,4.1,4.91,3.18,4.18,3.64,3.78,3.47,4.36,3.7,4.49,3.55,4.89
E0300,Ingeniería en Construcción,2,A,31,16,76,68,25,1,4.8,5.9,Aprobado,5.27,5.41,5.47,5.59,5.97,2.27,3.24,4.68,3.41,3.8,5.52,5.19,5.33,3.25,4.64
E0301,Ingeniería Informática,4,A,24,11,84,90,19,0,5.9,6.3,Aprobado,5.34,2.91,5.26,4.59,5.23,5.95,5.06,5.26,6.26,6.02,5.66,4.49,5.55,1.47,3.9
E0302,Ingeniería Civil Industrial,1,B,28,15,72,78,33,4,5.8,5.3,Aprobado,4.47,5.64,4.72,5.08,4.72,3.82,4.9,4.53,5.11,4.72,5.86,5.84,4.92,3.99,4.41
E0303,Ingeniería Electrónica,3,D,24,15,72,78,20,2,4.7,6.1,Aprobado,4.49,5.39,5.44,5.29,5.03,3.67,4.82,6.91,5.15,5.94,5.7,5.22,5.39,3.82,5.51
E0304,Ingeniería en Construcción,4,D,33,3,68,73,1,1,4.0,3.4,Reprobado,3.13,3.45,4.29,3.89,3.38,5.15,4.32,5.66,4.66,3.7,3.6,4.05,4.3,3.15,3.23
E0305,Ingeniería Electrónica,4,B,25,17,84,75,25,0,4.3,6.2,Aprobado,5.02,4.81,6.33,4.96,4.67,3.56,4.33,4.25,4.34,5.89,4.86,6.13,5.26,4.37,4.57
E0306,Ingeniería Civil Industrial,3,D,28,13,81,68,17,3,4.8,5.3,Aprobado,5.19,3.99,6.22,5.22,4.08,5.11,5.55,5.53,5.42,5.23,4.09,4.76,4.3,2.37,4.41
E0307,Ingeniería Electrónica,2,C,34,10,68,66,17,0,4.2,4.7,Aprobado,6.19,7.0,6.3,5.65,4.04,4.08,3.93,3.3,3.26,2.94,3.92,3.37,4.58,3.66,3.38
E0308,Ingeniería Informática,2,A,24,15,83,79,10,4,5.2,5.3,Aprobado,5.0,3.95,5.61,5.13,5.31,4.81,3.07,3.17,2.71,3.64,5.32,6.03,5.77,5.02,4.55
E0309,Ingeniería Informática,3,C,31,15,72,67,25,2,3.9,5.5,Aprobado,3.97,4.91,4.41,4.63,3.94,3.47,6.91,6.63,6.33,5.43,5.64,6.03,3.77,4.0,3.62
E0310,Ingeniería Civil Industrial,4,C,30,15,99,86,32,4,5.4,6.5,Aprobado,6.94,4.72,7.0,6.16,7.0,3.01,3.41,3.96,3.46,4.3,5.27,5.45,5.14,4.69,5.09
E0311,Ingeniería Civil Industrial,4,C,22,7,77,75,10,2,5.9,5.3,Aprobado,5.27,4.3,4.63,5.31,4.61,3.43,4.58,4.21,3.9,4.34,4.65,3.78,4.93,3.96,3.62
E0312,Ingeniería Informática,1,D,28,15,62,70,27,4,4.7,5.7,Aprobado,4.48,3.77,4.94,4.49,4.27,2.22,4.85,5.88,4.74,5.08,4.92,6.04,4.16,5.23,5.19
E0313,Ingeniería Civil Industrial,2,C,22,8,74,58,19,4,3.5,3.6,Reprobado,3.97,4.31,4.26,3.12,3.43,6.03,3.67,4.77,3.9,3.92,2.33,3.03,3.56,4.38,4.06
E0314,Ingeniería Informática,1,C,27,12,86,84,16,2,4.0,4.3,Aprobado,7.0,4.87,6.24,5.56,5.43,3.04,3.07,4.54,5.08,3.66,4.64,5.19,5.77,3.3,3.98
E0315,Ingeniería Informática,1,C,24,15,82,87,26,2,4.0,5.7,Aprobado,5.05,4.62,6.33,6.11,5.1,2.96,4.11,3.93,5.23,6.1,5.15,5.42,5.87,3.73,3.66
E0316,Ingeniería Civil Industrial,1,B,29,13,79,72,17,2,3.5,4.7,Aprobado,4.46,5.27,4.77,5.03,4.32,4.37,4.94,4.23,4.64,4.74,4.88,4.78,4.91,3.41,4.2
E0317,Ingeniería Civil Industrial,1,D,32,13,87,76,16,1,5.0,6.2,Aprobado,5.58,5.33,6.57,5.93,6.14,1.84,5.79,6.33,5.28,4.02,5.41,5.71,6.32,4.82,5.07
E0318,Ingeniería Civil Industrial,2,A,32,13,81,83,19,3,4.6,5.0,Aprobado,5.38,4.93,4.73,5.05,4.63,4.39,3.69,4.52,4.42,3.47,4.79,4.68,4.7,4.11,2.95
E0319,Ingeniería Informática,2,D,33,15,83,85,16,3,5.4,6.6,Aprobado,4.94,3.31,5.8,4.53,5.18,2.33,5.15,5.92,4.65,4.98,5.79,5.6,5.74,3.8,4.15
E0320,Ingeniería Civil Industrial,4,B,24,11,70,56,30,3,4.4,4.0,Aprobado,5.6,4.72,6.11,5.18,4.61,2.42,5.09,4.11,5.23,4.16,4.26,4.76,5.02,5.2,3.79
E0321,Ingeniería Electrónica,2,A,33,13,90,58,15,0,5.5,5.8,Aprobado,4.66,4.72,5.88,5.28,5.4,1.36,4.41,4.2,3.88,4.4,4.92,4.22,5.14,2.78,3.42
E0322,Ingeniería en Construcción,4,C,31,11,67,54,21,3,4.8,4.9,Aprobado,4.61,5.98,6.36,4.69,4.74,5.16,3.09,4.18,4.37,3.01,3.39,3.63,4.82,4.2,4.5
E0323,Ingeniería en Construcción,3,D,26,10,78,75,14,2,5.5,5.7,Aprobado,6.2,3.16,6.52,5.44,5.59,2.44,4.16,4.86,3.7,4.33,4.6,4.39,5.6,3.16,4.8
E0324,Ingeniería Electrónica,4,C,34,4,73,86,14,4,3.7,4.2,Aprobado,4.44,4.46,4.93,4.39,4.53,3.51,5.42,5.58,6.29,5.06,4.46,4.87,5.45,4.94,3.28
E0325,Ingeniería Electrónica,1,C,33,10,63,49,12,5,5.9,4.7,Aprobado,4.98,5.67,5.3,4.49,4.31,4.08,3.5,2.47,3.0,2.61,3.12,3.11,3.77,5.45,4.89
E0326,Ingeniería Electrónica,1,D,30,15,83,84,23,0,5.4,6.0,Aprobado,5.47,5.62,6.11,5.68,5.45,3.48,5.25,5.69,4.29,3.79,4.6,6.18,5.86,4.35,3.09
E0327,Ingeniería Electrónica,1,A,23,17,85,100,26,2,5.5,6.5,Aprobado,6.3,5.26,6.96,6.46,6.39,5.64,5.74,5.42,5.72,5.8,7.0,6.77,6.99,3.77,4.81
E0328,Ingeniería Electrónica,4,A,27,7,73,80,8,3,5.3,5.7,Aprobado,5.02,4.95,5.98,4.6,3.91,3.6,4.43,3.62,3.33,3.14,3.82,4.1,4.77,4.23,5.5
E0329,Ingeniería en Construcción,1,D,23,15,58,63,32,2,3.8,4.5,Aprobado,4.31,3.4,4.57,4.44,3.99,3.52,4.81,4.36,4.46,4.55,5.38,5.53,4.47,3.64,4.31
E0330,Ingeniería en Construcción,4,A,22,9,90,78,15,0,5.3,6.3,Aprobado,7.0,3.25,6.9,6.35,6.11,2.75,3.48,4.13,4.5,2.82,5.03,4.95,5.49,3.66,2.19
E0331,Ingeniería Civil Industrial,2,B,31,6,78,75,6,3,4.6,4.4,Aprobado,5.17,5.44,5.59,4.33,5.39,5.56,5.84,5.34,4.72,4.07,5.69,3.1,4.91,4.8,4.87
E0332,Ingeniería Civil Industrial,2,A,29,11,70,78,27,3,4.2,4.5,Aprobado,4.89,4.78,5.92,5.27,3.71,4.41,5.07,5.98,6.58,4.54,4.26,3.72,5.0,4.0,6.86
E0333,Ingeniería Informática,1,A,25,7,59,57,17,6,4.9,3.2,Reprobado,3.75,6.15,4.06,3.26,3.3,4.01,4.42,5.28,4.7,4.74,3.69,3.4,3.84,6.7,4.25
E0334,Ingeniería Civil Industrial,2,A,34,2,71,47,1,0,4.7,2.9,Reprobado,3.02,3.85,3.35,3.59,4.06,4.67,2.44,4.2,3.02,3.09,3.27,3.37,3.48,1.82,4.49
E0335,Ingeniería en Construcción,2,A,28,6,74,63,15,2,4.3,4.0,Aprobado,3.51,4.55,4.0,4.11,3.94,2.55,2.69,3.08,3.16,2.49,4.01,3.27,3.39,4.91,1.99
E0336,Ingeniería Electrónica,4,A,26,16,92,79,14,4,4.7,5.9,Aprobado,5.18,4.85,5.57,6.2,5.72,3.72,3.73,4.17,5.14,3.68,5.03,6.39,6.25,5.53,3.65
E0337,Ingeniería Informática,1,B,26,13,84,74,21,6,4.1,5.8,Aprobado,3.58,6.08,5.16,5.31,3.28,2.53,3.24,3.45,4.31,2.76,5.0,4.8,4.47,4.73,3.85
E0338,Ingeniería Informática,3,D,25,10,77,83,15,4,4.2,5.6,Aprobado,5.5,6.55,6.33,5.14,5.73,3.75,4.59,5.17,4.53,4.86,4.99,4.69,5.28,5.03,4.47
E0339,Ingeniería Electrónica,3,D,27,13,82,69,19,0,3.9,5.7,Aprobado,6.38,5.76,5.67,5.7,5.66,4.13,4.64,3.65,4.64,4.61,4.75,4.67,4.21,4.26,4.54
E0340,Ingeniería en Construcción,1,A,27,13,74,68,18,1,5.5,5.6,Aprobado,6.04,4.33,5.24,5.31,4.21,3.13,3.36,3.95,3.21,2.63,4.25,5.51,4.78,4.81,3.76
E0341,Ingeniería Electrónica,3,C,25,14,81,77,17,1,5.8,6.0,Aprobado,6.84,4.8,6.92,6.72,6.66,3.13,4.85,5.21,4.91,4.98,5.05,6.56,5.45,4.5,4.33
E0342,Ingeniería en Construcción,1,C,24,13,70,54,24,0,4.2,3.8,Reprobado,3.89,1.74,4.32,4.37,3.72,4.48,3.91,4.24,4.14,3.93,4.35,5.4,4.97,2.05,4.47
E0343,Ingeniería Informática,1,C,34,11,61,71,20,0,5.2,4.9,Aprobado,5.46,3.33,6.5,4.5,4.41,2.68,3.05,2.68,3.39,3.61,4.3,3.42,4.9,4.29,4.06
E0344,Ingeniería en Construcción,1,B,30,13,49,51,12,1,5.7,4.0,Aprobado,2.97,4.07,3.92,3.86,3.1,1.0,4.26,4.33,4.14,3.57,3.01,4.14,3.19,3.51,4.47
E0345,Ingeniería Informática,4,A,30,11,77,82,14,2,5.5,5.4,Aprobado,5.74,2.07,5.83,5.73,5.7,2.91,4.03,3.58,3.7,3.92,4.8,4.78,5.63,3.22,2.83
E0346,Ingeniería en Construcción,4,B,24,13,87,60,22,3,6.2,6.2,Aprobado,3.01,3.84,4.19,4.72,4.69,3.73,4.46,3.55,4.25,3.14,4.55,5.2,4.87,4.34,3.88
E0347,Ingeniería en Construcción,1,D,27,11,73,56,16,0,3.7,4.0,Aprobado,3.65,4.29,4.26,3.0,3.61,4.48,2.7,2.06,1.8,2.01,3.62,5.19,3.9,1.74,3.7
E0348,Ingeniería Electrónica,2,D,22,11,66,89,19,4,5.0,5.5,Aprobado,2.94,4.0,4.23,4.47,3.93,2.64,4.68,5.38,5.47,5.08,6.13,5.81,4.77,5.75,6.21
E0349,Ingeniería Civil Industrial,4,D,25,8,63,52,7,0,4.4,2.8,Reprobado,4.01,4.88,3.58,3.34,2.8,3.83,3.84,2.82,3.36,3.09,2.94,2.39,3.78,2.03,3.36
E0350,Ingeniería en Construcción,3,D,29,9,83,88,16,2,4.0,5.1,Aprobado,4.51,6.64,4.5,5.08,3.64,3.05,4.7,5.74,4.47,4.88,3.98,4.51,4.31,4.53,2.89
E0351,Ingeniería Civil Industrial,3,D,30,11,81,71,17,0,4.2,4.9,Aprobado,4.7,3.97,4.58,3.78,4.85,2.24,5.46,5.53,5.52,5.3,4.59,4.61,4.27,4.15,3.91
E0352,Ingeniería en Construcción,4,A,31,5,71,50,14,2,3.8,3.4,Reprobado,4.08,4.08,4.18,4.05,3.12,2.98,2.35,3.06,2.87,3.2,3.0,3.2,3.57,4.04,4.74
E0353,Ingeniería en Construcción,1,C,33,13,64,66,13,5,4.9,4.3,Aprobado,4.96,3.29,4.62,4.89,3.97,3.7,3.46,3.05,3.57,2.39,4.37,4.87,4.52,4.67,4.5
E0354,Ingeniería Electrónica,2,C,31,13,100,61,19,2,3.6,5.1,Aprobado,3.6,4.53,4.53,4.32,4.56,3.97,5.11,5.26,5.59,4.86,4.95,5.31,5.15,4.49,3.14
E0355,Ingeniería Civil Industrial,1,A,30,10,82,68,20,0,4.1,4.9,Aprobado,5.01,4.25,5.69,4.07,4.51,2.6,5.0,4.77,3.91,4.22,4.31,4.49,4.18,4.12,3.65
E0356,Ingeniería en Construcción,1,A,26,10,64,67,17,1,2.8,4.1,Aprobado,4.41,5.34,4.82,4.39,3.72,6.38,2.64,2.58,2.92,4.11,3.77,5.45,4.33,3.16,5.21
E0357,Ingeniería Informática,4,A,32,8,67,57,12,0,3.6,3.7,Reprobado,4.73,4.72,5.43,4.04,3.8,4.51,5.17,4.82,4.28,3.97,2.8,3.68,4.51,4.06,4.14
E0358,Ingeniería Informática,2,C,27,15,83,81,23,0,4.9,6.1,Aprobado,5.08,5.27,5.58,5.97,4.94,2.47,6.18,5.52,5.37,5.18,5.38,5.4,5.18,4.13,6.41
E0359,Ingeniería en Construcción,3,C,24,21,92,93,39,3,5.3,7.0,Aprobado,6.36,4.71,6.77,6.69,6.41,2.59,4.51,4.0,3.91,4.07,6.49,5.98,6.59,3.78,3.49
E0360,Ingeniería en Construcción,1,D,32,10,58,45,13,1,5.6,3.6,Reprobado,5.16,3.74,5.57,4.9,4.92,2.88,5.48,4.72,4.92,5.38,3.52,5.12,4.36,4.11,4.21
E0361,Ingeniería en Construcción,4,A,32,12,75,70,23,2,4.5,5.1,Aprobado,4.16,4.14,5.64,4.11,4.47,2.71,2.61,2.25,3.1,1.23,4.64,4.4,4.62,3.58,4.18
E0362,Ingeniería Civil Industrial,1,B,30,4,72,46,13,2,3.7,3.3,Reprobado,3.58,3.21,4.05,4.58,3.89,5.0,2.91,3.41,3.76,4.08,3.66,4.11,3.39,4.64,5.02
E0363,Ingeniería Electrónica,3,A,24,10,70,66,13,2,4.9,4.5,Aprobado,6.09,4.77,6.5,4.96,4.87,3.64,2.95,4.3,3.61,3.19,3.13,4.01,4.47,3.61,3.84
E0364,Ingeniería Civil Industrial,2,C,29,11,94,65,13,2,4.4,5.9,Aprobado,6.67,3.07,6.04,5.71,6.21,2.6,2.63,3.66,3.57,1.0,5.0,4.95,5.1,4.8,3.91
E0365,Ingeniería en Construcción,1,D,22,12,100,100,16,4,4.5,6.8,Aprobado,5.35,5.68,6.25,5.92,5.93,5.91,4.77,3.72,3.97,2.76,5.96,5.4,6.24,4.24,5.8
E0366,Ingeniería Electrónica,3,A,32,11,58,73,16,4,3.9,5.3,Aprobado,4.57,5.08,5.99,4.71,4.25,2.13,5.1,4.64,4.77,4.86,4.6,4.25,4.51,4.71,4.34
E0367,Ingeniería Civil Industrial,1,A,25,10,74,72,10,2,5.8,5.4,Aprobado,5.81,5.33,5.72,5.15,5.69,4.46,4.24,4.05,3.72,3.91,3.88,5.17,4.97,3.69,2.83
E0368,Ingeniería en Construcción,4,D,23,14,84,62,22,4,5.1,5.6,Aprobado,5.26,5.9,5.05,5.5,4.3,1.0,5.01,5.13,4.67,5.4,4.74,5.71,5.14,4.14,5.11
E0369,Ingeniería Informática,1,B,25,12,81,94,20,6,5.4,6.5,Aprobado,4.24,2.45,4.85,5.06,4.95,4.39,5.27,5.5,5.84,5.01,5.18,5.13,5.73,5.12,4.77
E0370,Ingeniería en Construcción,2,A,29,5,73,51,11,2,3.8,3.6,Reprobado,4.14,4.85,5.05,4.06,3.59,5.31,5.24,4.39,4.16,5.17,3.61,3.63,4.48,3.37,6.13
E0371,Ingeniería en Construcción,2,C,28,15,75,52,19,3,6.4,5.4,Aprobado,4.16,3.28,4.31,4.64,4.17,4.22,7.0,6.81,6.31,5.89,4.45,5.12,3.84,2.72,4.23
E0372,Ingeniería Informática,2,A,30,10,64,65,13,0,4.6,4.9,Aprobado,4.11,4.58,4.6,4.0,3.01,1.8,4.94,4.58,4.09,4.36,4.0,4.16,3.27,2.6,4.45
E0373,Ingeniería Civil Industrial,2,D,23,10,75,66,10,2,3.8,4.0,Aprobado,6.04,4.41,5.98,4.98,4.56,4.83,3.69,3.94,3.42,4.44,3.85,3.46,5.02,3.1,4.4
E0374,Ingeniería en Construcción,2,B,34,20,88,90,23,5,3.1,6.4,Aprobado,6.67,4.44,6.59,6.21,5.52,2.91,4.72,4.71,4.15,3.49,5.04,6.35,5.96,5.41,4.32
E0375,Ingeniería Electrónica,1,A,23,16,76,56,17,1,6.0,5.4,Aprobado,5.96,6.09,5.34,5.32,5.23,3.52,4.19,4.42,4.44,3.59,4.49,5.23,4.34,2.86,3.15
E0376,Ingeniería Informática,3,D,34,14,71,73,14,0,5.1,4.3,Aprobado,4.45,4.5,5.32,4.5,4.25,3.57,4.69,4.93,5.02,5.24,5.97,5.88,4.57,3.81,3.46
E0377,Ingeniería Informática,1,B,31,18,99,74,22,1,4.1,6.8,Aprobado,5.53,3.77,6.05,5.63,5.14,3.6,5.36,6.87,5.48,5.84,6.48,6.4,6.05,4.06,3.29
E0378,Ingeniería Civil Industrial,4,C,26,11,75,76,11,1,4.6,4.7,Aprobado,4.46,3.29,4.5,4.97,4.29,4.39,5.22,5.1,4.28,4.34,4.12,4.76,5.1,4.62,2.84
E0379,Ingeniería en Construcción,4,D,27,8,48,56,15,6,4.7,2.9,Reprobado,3.06,4.68,3.86,3.2,3.28,4.5,5.18,5.08,4.62,4.29,3.64,4.26,3.32,7.0,4.58
E0380,Ingeniería en Construcción,2,C,22,12,85,50,20,3,5.4,4.3,Aprobado,2.99,5.6,4.39,3.33,3.12,2.01,3.91,4.03,4.05,3.5,3.58,4.94,4.14,2.52,2.41
E0381,Ingeniería en Construcción,2,A,24,13,72,65,17,4,4.5,5.9,Aprobado,3.58,3.83,3.38,4.09,3.93,2.72,4.67,3.79,4.3,5.54,4.58,4.66,4.38,5.57,5.33
E0382,Ingeniería Electrónica,1,A,26,9,76,70,14,3,4.4,4.8,Aprobado,5.24,2.88,5.8,5.16,5.16,2.4,5.95,5.19,5.69,6.7,5.4,4.67,5.0,3.9,2.87
E0383,Ingeniería Civil Industrial,2,C,30,12,73,90,18,3,5.6,5.8,Aprobado,4.76,4.34,4.65,4.83,5.27,1.75,3.91,5.08,4.17,6.28,5.32,5.4,5.4,5.68,5.05
E0384,Ingeniería Civil Industrial,3,B,30,10,75,63,11,0,4.4,4.5,Aprobado,5.17,5.11,4.52,4.08,4.94,3.37,4.97,5.58,5.48,4.77,4.18,4.18,4.42,3.32,3.15
E0385,Ingeniería Informática,1,C,22,10,69,65,17,2,4.3,4.5,Aprobado,2.14,4.54,3.91,3.75,3.54,3.56,3.08,3.98,3.49,4.08,3.98,4.0,3.8,3.39,6.55
E0386,Ingeniería Civil Industrial,4,B,29,15,86,82,22,0,5.3,5.5,Aprobado,7.0,4.66,7.0,6.12,5.97,4.44,4.38,4.02,3.19,3.41,3.9,5.35,6.49,3.95,4.47
E0387,Ingeniería Electrónica,2,A,34,14,76,55,24,2,4.4,4.8,Aprobado,4.57,4.97,4.62,4.28,5.45,3.1,5.44,5.78,5.73,5.38,4.61,4.62,4.82,3.12,5.12
E0388,Ingeniería Civil Industrial,1,A,26,14,77,59,20,1,5.0,5.8,Aprobado,4.45,3.68,4.17,3.79,4.74,3.74,3.74,4.68,4.03,3.96,3.48,4.81,4.74,3.04,4.92
E0389,Ingeniería en Construcción,2,B,22,14,86,95,31,4,6.0,6.5,Aprobado,6.25,2.33,7.0,6.41,5.49,1.38,4.85,5.6,4.71,2.72,5.62,5.24,6.0,5.63,4.22
E0390,Ingeniería Civil Industrial,4,D,32,13,65,68,18,2,4.7,4.9,Aprobado,5.41,4.58,6.62,5.77,6.49,4.0,4.44,5.62,4.99,4.54,4.37,4.93,5.13,2.41,2.48
E0391,Ingeniería en Construcción,1,C,29,8,87,59,13,4,4.7,4.6,Aprobado,4.99,3.65,5.15,4.88,4.35,4.55,2.93,3.08,2.93,2.34,3.71,4.44,5.02,4.76,3.93
E0392,Ingeniería en Construcción,3,B,26,15,87,75,27,0,4.6,6.5,Aprobado,7.0,3.76,6.85,6.03,6.26,3.21,4.34,4.64,4.12,4.39,6.01,5.47,5.86,3.3,5.26
E0393,Ingeniería Informática,2,A,24,9,65,87,14,2,3.0,3.9,Reprobado,3.93,5.31,4.99,4.36,4.31,3.28,5.28,3.96,5.07,4.68,5.59,4.95,4.74,5.64,4.13
E0394,Ingeniería Informática,3,B,30,16,80,98,23,2,4.4,6.5,Aprobado,4.77,6.26,6.31,5.0,5.9,6.9,4.28,4.71,3.85,4.1,5.83,6.53,5.6,4.52,4.97
E0395,Ingeniería Electrónica,1,B,28,17,79,85,32,5,4.5,6.5,Aprobado,4.76,3.46,5.7,5.84,5.15,4.65,4.26,4.77,5.51,4.05,5.72,5.92,5.73,5.14,4.34
E0396,Ingeniería Civil Industrial,3,C,33,15,72,78,10,4,5.0,5.8,Aprobado,4.66,4.55,4.42,4.43,4.18,2.52,4.68,5.51,5.37,3.63,5.59,5.45,5.24,5.62,5.02
E0397,Ingeniería Informática,1,A,22,12,72,71,17,4,4.8,5.3,Aprobado,5.51,6.38,5.83,6.54,5.01,5.08,5.49,5.18,3.67,2.72,4.69,5.25,5.28,5.0,4.45
E0398,Ingeniería Electrónica,1,B,27,13,83,59,12,3,4.8,5.0,Aprobado,5.2,4.17,5.63,4.35,4.55,2.57,3.83,3.15,3.91,2.92,4.16,4.15,4.38,4.59,4.21
E0399,Ingeniería Civil Industrial,4,A,32,10,81,54,19,4,4.2,3.8,Reprobado,3.24,4.07,3.89,2.41,3.24,2.27,4.33,4.54,4.48,4.48,3.41,4.02,2.43,5.48,3.81
E0400,Ingeniería Civil Industrial,1,D,26,15,72,92,19,3,5.4,6.7,Aprobado,6.75,4.68,7.0,6.27,6.08,3.07,5.34,4.01,5.2,4.44,6.46,5.91,5.87,6.44,4.6
E0401,Ingeniería Informática,1,D,23,14,84,86,15,3,5.2,5.8,Aprobado,6.93,4.07,7.0,6.86,6.58,4.5,5.52,6.24,5.5,4.66,5.85,6.17,6.12,3.2,2.91
E0402,Ingeniería Civil Industrial,1,A,24,10,67,61,25,2,4.3,4.2,Aprobado,6.98,4.6,6.67,5.73,5.44,2.82,2.31,2.42,2.84,2.04,4.11,3.24,4.74,4.69,4.95
E0403,Ingeniería Electrónica,1,B,29,11,85,76,19,0,5.2,6.6,Aprobado,4.23,3.71,4.27,5.71,5.08,1.56,6.37,5.09,5.22,5.28,4.84,4.85,4.66,2.74,4.11
E0404,Ingeniería en Construcción,4,B,27,15,87,83,32,1,3.7,6.0,Aprobado,5.64,5.14,5.99,6.05,6.05,2.75,4.83,5.91,4.55,5.33,5.44,6.0,5.8,2.62,3.77
E0405,Ingeniería Civil Industrial,1,B,22,13,75,63,23,4,4.7,4.7,Aprobado,4.69,6.03,4.86,4.92,5.09,1.18,3.88,5.95,4.36,5.23,4.4,5.33,5.37,4.68,3.76
E0406,Ingeniería Civil Industrial,1,A,28,9,71,64,13,1,5.1,5.7,Aprobado,5.43,3.66,4.32,3.25,4.11,2.02,3.05,3.48,2.56,3.9,3.36,3.38,3.81,4.81,4.47
E0407,Ingeniería Civil Industrial,1,A,33,10,59,61,11,0,3.3,4.0,Aprobado,4.49,6.24,5.48,4.17,4.14,2.33,5.54,6.16,4.77,4.67,4.73,4.45,3.81,2.38,4.5
E0408,Ingeniería Informática,3,A,23,15,77,53,26,1,5.3,5.4,Aprobado,3.74,4.76,4.42,5.2,4.54,3.26,3.84,4.48,4.62,4.7,4.17,5.62,4.13,3.61,4.03
E0409,Ingeniería Informática,2,A,23,12,89,42,20,1,4.4,4.7,Aprobado,6.83,5.72,6.9,5.97,6.51,3.39,4.73,4.23,4.92,4.39,4.44,5.21,5.44,3.77,4.26
E0410,Ingeniería Electrónica,3,D,27,7,87,85,4,1,4.4,5.0,Aprobado,4.15,3.53,4.56,4.79,5.5,3.99,4.97,3.37,4.95,3.75,4.93,4.97,4.92,3.65,3.26
E0411,Ingeniería Informática,3,A,25,9,69,44,9,3,4.0,3.8,Reprobado,4.05,5.11,5.11,3.62,3.6,4.39,3.51,4.34,4.05,4.1,4.11,4.14,3.96,3.4,4.3
E0412,Ingeniería Electrónica,1,B,33,15,90,80,21,3,5.3,7.0,Aprobado,6.87,5.1,7.0,6.36,6.28,2.89,5.25,6.1,5.33,5.19,5.85,6.5,6.91,4.64,4.47
E0413,Ingeniería Electrónica,1,D,25,9,100,100,23,2,5.6,7.0,Aprobado,6.1,5.69,6.59,5.7,6.7,2.85,6.27,6.07,4.91,4.96,5.47,4.9,6.67,2.8,4.55
E0414,Ingeniería Electrónica,3,C,32,18,74,75,32,1,3.2,4.9,Aprobado,5.83,2.42,5.88,4.66,5.63,3.42,5.26,5.33,4.21,4.39,4.79,5.04,5.09,4.09,4.63
E0415,Ingeniería Electrónica,2,B,30,16,76,79,22,4,4.5,6.1,Aprobado,6.03,5.04,5.1,6.24,5.02,4.22,5.07,5.61,5.01,5.29,4.99,5.25,5.72,4.85,3.47
E0416,Ingeniería en Construcción,3,C,26,9,62,66,16,4,4.0,3.9,Reprobado,4.77,5.03,5.17,4.95,4.69,5.03,3.18,3.55,3.5,3.72,3.4,4.27,3.86,3.92,5.45
E0417,Ingeniería Civil Industrial,4,B,22,14,74,79,24,3,4.6,6.6,Aprobado,7.0,5.41,6.88,6.24,7.0,2.99,4.64,4.27,3.87,5.15,5.65,6.48,5.35,3.24,4.96
E0418,Ingeniería en Construcción,3,A,33,12,77,60,20,2,5.6,4.8,Aprobado,5.21,5.14,5.88,5.33,4.34,5.74,3.96,4.95,3.02,3.54,4.66,5.24,4.75,3.34,5.08
E0419,Ingeniería Civil Industrial,3,C,33,10,62,71,21,0,5.3,5.8,Aprobado,4.45,4.44,4.38,4.07,5.36,5.26,6.36,5.23,5.78,5.55,4.38,4.87,3.87,1.89,3.49
E0420,Ingeniería en Construcción,1,B,26,15,68,66,18,3,4.8,4.2,Aprobado,3.98,4.1,4.82,4.61,4.53,4.59,4.96,5.4,5.11,6.02,4.82,5.3,4.5,4.78,4.35
E0421,Ingeniería en Construcción,3,C,23,11,78,65,13,0,4.9,5.2,Aprobado,4.82,3.68,4.81,4.38,5.15,4.1,4.52,5.78,6.5,5.31,5.0,4.4,4.27,3.38,4.65
E0422,Ingeniería Civil Industrial,2,A,22,11,90,79,24,4,6.2,5.5,Aprobado,5.39,5.87,5.48,4.37,5.49,1.75,6.11,6.11,6.25,5.04,5.82,5.47,4.8,4.23,4.53
E0423,Ingeniería Civil Industrial,1,C,22,18,82,85,29,1,4.1,6.3,Aprobado,5.67,5.91,5.97,5.17,5.82,5.34,5.53,5.61,5.65,3.68,5.11,6.87,5.48,4.94,5.56
E0424,Ingeniería Electrónica,1,D,26,15,71,61,30,5,4.3,4.6,Aprobado,5.55,3.76,5.76,5.81,6.36,5.29,3.81,4.88,5.36,4.8,6.0,6.63,4.86,5.22,3.61
E0425,Ingeniería en Construcción,2,D,31,12,72,63,20,3,4.1,4.0,Aprobado,5.74,4.78,5.92,5.43,5.53,4.9,4.51,4.01,4.26,3.76,4.02,5.35,5.05,4.79,4.77
E0426,Ingeniería Electrónica,2,B,25,16,72,93,23,1,5.5,6.8,Aprobado,5.67,4.17,5.98,6.16,6.43,3.71,3.36,3.98,3.65,4.35,6.31,4.67,6.0,4.95,4.0
E0427,Ingeniería en Construcción,2,A,31,6,65,59,9,2,4.3,3.8,Reprobado,3.63,4.86,3.48,3.67,2.97,1.02,4.47,5.11,4.94,2.66,3.38,4.19,3.88,3.57,2.95
E0428,Ingeniería en Construcción,4,A,28,3,61,63,11,0,4.4,2.6,Reprobado,4.53,4.98,4.55,3.5,3.3,3.24,2.49,4.2,3.78,2.63,2.86,2.42,4.05,2.14,3.76
E0429,Ingeniería en Construcción,2,D,26,15,100,68,25,0,5.8,6.5,Aprobado,6.2,4.12,6.33,6.07,5.77,4.57,3.66,4.16,4.35,4.46,5.5,5.98,5.41,1.47,2.66
E0430,Ingeniería en Construcción,3,B,28,10,74,70,21,3,4.1,4.6,Aprobado,4.0,4.15,5.21,5.1,5.0,3.27,5.1,5.29,4.93,4.86,4.72,3.96,4.77,3.32,3.32
E0431,Ingeniería Electrónica,1,A,32,9,68,65,17,4,5.0,5.3,Aprobado,3.39,4.97,4.31,4.44,4.3,1.0,5.42,5.53,5.06,4.63,5.09,3.85,4.8,4.31,3.89
E0432,Ingeniería en Construcción,2,B,32,12,84,58,18,1,3.9,4.9,Aprobado,4.12,5.64,3.69,3.83,4.14,1.43,5.8,6.49,5.41,6.92,4.54,5.25,4.59,4.29,4.02
E0433,Ingeniería Electrónica,1,C,23,11,79,79,17,0,5.0,5.3,Aprobado,4.08,5.73,4.43,4.45,4.2,2.25,4.96,6.04,5.55,4.29,4.73,5.34,4.97,3.77,3.11
E0434,Ingeniería Civil Industrial,2,C,34,13,78,61,19,3,4.4,4.7,Aprobado,5.22,2.86,6.07,5.17,5.08,5.98,4.71,5.25,5.2,5.44,5.57,5.62,4.95,4.08,3.9
E0435,Ingeniería Informática,4,C,29,12,70,58,26,3,2.8,3.8,Reprobado,3.73,4.94,4.08,4.2,3.92,3.71,5.95,5.83,5.5,4.65,4.82,4.76,4.51,3.58,4.48
E0436,Ingeniería Electrónica,2,B,24,11,76,72,25,2,4.6,6.0,Aprobado,5.11,4.72,6.14,5.23,5.41,5.82,6.07,5.61,5.3,4.53,5.93,4.92,5.17,2.67,4.05
E0437,Ingeniería en Construcción,1,A,29,18,71,79,26,1,5.1,5.6,Aprobado,3.93,4.42,4.52,4.55,4.97,2.5,5.88,5.43,4.77,5.44,5.79,5.86,5.06,3.3,4.9
E0438,Ingeniería Electrónica,1,D,23,10,83,95,18,2,4.6,5.8,Aprobado,6.01,5.3,6.19,5.61,5.71,4.69,4.07,4.97,4.3,4.28,6.24,5.28,5.72,2.39,4.94
E0439,Ingeniería en Construcción,2,B,27,12,75,65,18,2,5.7,4.9,Aprobado,6.68,4.9,6.75,6.51,4.87,6.23,2.91,4.15,4.66,3.69,4.02,3.69,5.12,5.28,4.24
E0440,Ingeniería en Construcción,3,A,25,11,86,85,23,4,4.7,5.4,Aprobado,6.92,4.07,5.95,7.0,5.13,4.55,3.66,3.05,4.78,3.78,4.76,4.75,5.72,4.39,3.64
E0441,Ingeniería Civil Industrial,3,C,33,11,80,75,22,1,3.1,4.2,Aprobado,4.03,6.43,3.56,4.74,4.07,3.89,3.72,4.03,4.96,4.57,3.82,4.37,4.42,2.48,4.36
E0442,Ingeniería Civil Industrial,2,C,29,10,87,57,14,2,3.9,4.7,Aprobado,5.05,6.24,5.64,4.64,5.67,3.45,5.35,5.05,4.94,5.02,4.68,3.43,5.25,3.93,4.51
E0443,Ingeniería Electrónica,2,D,22,13,82,87,22,5,5.6,5.7,Aprobado,5.25,4.45,5.64,5.43,4.35,3.68,4.75,3.89,4.39,3.47,4.81,5.46,5.75,4.57,4.17
E0444,Ingeniería en Construcción,2,B,28,10,78,69,21,0,4.3,4.4,Aprobado,3.9,4.97,4.19,3.45,3.47,4.69,4.23,3.41,2.63,3.75,4.32,4.27,5.0,3.71,5.2
E0445,Ingeniería Civil Industrial,4,B,22,11,73,62,13,1,5.1,4.6,Aprobado,5.42,4.63,5.83,5.5,5.06,3.39,4.91,4.24,4.27,3.38,4.96,6.11,4.45,4.17,4.74
E0446,Ingeniería Informática,3,C,26,18,75,70,24,2,3.9,4.8,Aprobado,4.58,5.89,5.39,4.77,4.35,3.0,5.04,4.18,5.88,3.17,5.39,3.67,5.34,5.5,3.01
E0447,Ingeniería Informática,1,B,27,10,69,56,18,0,4.2,5.2,Aprobado,5.55,5.21,6.08,6.03,5.36,3.48,2.36,3.87,3.27,3.08,3.6,4.33,4.19,1.92,2.63
E0448,Ingeniería Electrónica,1,A,33,9,66,69,15,3,4.6,4.5,Aprobado,4.72,3.73,5.71,3.88,4.43,2.09,2.57,2.33,1.88,2.48,4.26,3.75,4.06,4.05,4.86
E0449,Ingeniería Civil Industrial,2,D,32,12,74,52,12,1,4.4,4.8,Aprobado,5.34,3.24,5.76,3.86,5.65,3.62,4.81,4.1,4.74,4.38,3.49,3.89,4.31,3.67,3.64
E0450,Ingeniería Electrónica,1,D,28,7,74,69,14,3,4.8,4.2,Aprobado,4.14,3.73,4.56,3.07,3.96,3.59,4.17,4.99,4.33,3.94,3.5,3.02,4.53,5.49,5.49
E0451,Ingeniería Electrónica,1,A,31,13,83,66,28,1,5.6,5.6,Aprobado,5.7,7.0,5.66,4.63,6.02,4.77,3.77,4.44,4.95,3.97,5.05,4.91,5.21,3.55,3.71
E0452,Ingeniería en Construcción,4,A,33,9,71,50,6,4,5.5,4.4,Aprobado,5.73,4.35,6.16,4.74,5.62,3.71,4.16,3.35,3.67,2.38,3.17,3.49,4.37,3.89,3.82
E0453,Ingeniería Informática,1,D,25,11,99,92,13,6,4.4,7.0,Aprobado,6.2,5.64,6.25,5.43,5.57,2.5,4.52,4.48,3.84,4.34,5.72,5.86,5.83,5.21,4.05
E0454,Ingeniería Civil Industrial,2,A,29,18,73,61,31,0,4.2,5.3,Aprobado,4.25,4.26,4.9,5.8,5.01,4.11,4.31,5.17,5.12,4.67,5.1,5.84,5.03,4.05,5.18
E0455,Ingeniería Civil Industrial,3,C,34,9,82,76,23,0,4.6,4.3,Aprobado,4.85,4.88,4.51,3.94,4.33,4.37,5.26,4.56,4.95,5.51,4.1,4.81,4.46,3.87,3.86
E0456,Ingeniería Electrónica,1,A,33,14,92,79,24,0,4.5,5.5,Aprobado,5.31,5.39,5.14,3.93,3.87,4.14,4.7,4.89,4.55,4.7,4.29,4.55,5.26,3.36,3.56
E0457,Ingeniería Electrónica,2,C,34,10,75,37,21,2,4.4,4.4,Aprobado,3.82,3.39,4.83,3.59,4.47,2.57,5.57,4.72,4.52,4.62,3.87,4.64,3.88,3.11,4.45
E0458,Ingeniería Informática,3,A,23,20,86,63,22,0,4.8,6.3,Aprobado,6.56,5.59,6.24,6.19,5.72,4.4,5.4,5.7,5.14,4.17,5.75,6.22,5.4,2.57,2.81
E0459,Ingeniería Civil Industrial,1,A,33,7,71,68,20,2,4.0,4.7,Aprobado,5.15,4.72,4.43,4.56,3.49,3.54,3.49,3.16,4.44,2.96,3.33,3.11,3.65,3.57,5.72
E0460,Ingeniería Civil Industrial,2,A,23,1,67,46,6,3,3.8,2.9,Reprobado,4.3,3.65,4.51,3.56,3.33,3.69,2.77,3.34,4.12,2.09,2.33,2.4,3.29,4.0,4.87
E0461,Ingeniería Civil Industrial,1,B,32,13,80,88,23,4,5.2,5.7,Aprobado,4.78,4.79,5.98,6.06,4.92,3.8,4.12,3.7,4.03,4.31,4.85,4.04,5.44,3.2,4.11
E0462,Ingeniería en Construcción,3,A,31,15,89,80,14,0,3.2,6.3,Aprobado,4.94,4.73,5.12,4.56,5.72,3.94,4.46,5.3,5.76,4.23,6.17,5.4,6.13,3.54,3.37
E0463,Ingeniería Civil Industrial,3,C,25,10,62,71,7,6,5.7,5.8,Aprobado,5.32,4.62,4.72,4.67,4.24,4.14,3.91,3.15,4.13,4.06,4.87,4.44,5.48,3.76,3.43
E0464,Ingeniería Electrónica,3,D,25,12,58,55,28,5,4.6,4.0,Aprobado,4.69,4.0,5.46,4.76,4.27,2.18,2.33,2.24,2.09,1.34,4.21,4.56,3.97,4.56,4.68
E0465,Ingeniería Civil Industrial,4,D,26,14,83,73,23,1,4.5,4.9,Aprobado,4.38,4.3,5.07,4.06,4.8,3.52,6.4,5.85,6.26,5.52,5.16,5.65,5.22,3.51,3.5
E0466,Ingeniería Electrónica,1,B,26,19,87,100,20,1,5.4,7.0,Aprobado,7.0,4.11,7.0,7.0,7.0,1.69,5.3,6.52,5.8,5.37,5.99,6.82,6.86,2.8,5.31
E0467,Ingeniería Informática,2,A,34,14,84,81,12,3,5.0,6.1,Aprobado,5.98,2.92,5.93,5.05,4.31,3.5,5.81,5.44,4.24,3.41,5.87,5.12,5.39,4.43,5.13
E0468,Ingeniería en Construcción,4,D,27,16,84,74,33,1,2.1,4.5,Aprobado,4.03,3.99,5.3,4.4,4.39,4.27,5.68,4.7,5.3,4.16,5.5,7.0,5.28,3.11,4.04
E0469,Ingeniería en Construcción,1,D,30,11,83,64,22,6,4.9,5.4,Aprobado,5.52,3.62,6.11,5.42,5.36,2.45,3.66,2.4,3.54,3.26,4.18,5.28,5.59,6.04,4.23
E0470,Ingeniería Civil Industrial,2,D,27,7,73,78,7,0,4.3,4.7,Aprobado,4.88,5.01,5.09,3.42,3.88,1.94,3.41,3.45,3.69,2.81,4.78,3.55,4.48,4.59,3.27
E0471,Ingeniería Civil Industrial,1,B,27,16,79,85,17,2,4.7,5.4,Aprobado,4.58,3.59,6.23,5.96,4.57,3.99,5.75,6.2,5.61,5.54,5.92,4.75,5.12,3.15,4.97
E0472,Ingeniería Informática,2,A,28,19,85,77,30,3,5.0,6.5,Aprobado,5.86,4.94,5.97,6.75,7.0,4.97,6.25,5.5,5.32,4.82,6.85,6.67,6.15,4.14,5.56
E0473,Ingeniería Informática,1,C,26,12,73,49,13,1,5.2,5.2,Aprobado,4.78,5.49,5.55,4.65,4.42,3.09,5.63,4.55,4.38,4.8,4.41,4.23,5.03,2.55,3.26
E0474,Ingeniería en Construcción,3,A,31,5,47,55,17,0,5.0,3.0,Reprobado,3.6,4.24,4.14,3.65,4.88,3.25,3.07,4.97,4.82,3.88,3.69,3.41,2.78,1.64,4.0
E0475,Ingeniería Electrónica,1,B,29,11,60,52,23,4,5.6,4.1,Aprobado,3.61,4.8,3.3,3.56,3.26,4.38,2.8,3.05,4.47,2.95,3.36,3.5,3.14,6.6,4.21
E0476,Ingeniería en Construcción,3,C,29,12,72,60,23,0,5.4,4.4,Aprobado,6.05,4.32,6.32,5.45,4.98,5.01,3.55,3.37,3.93,2.32,3.66,4.94,5.4,3.8,5.49
E0477,Ingeniería Electrónica,1,D,34,14,84,83,10,4,4.9,5.5,Aprobado,5.73,4.4,6.42,5.67,5.54,4.8,6.66,6.15,6.52,6.86,6.47,5.99,5.78,4.14,4.53
E0478,Ingeniería en Construcción,1,D,32,11,75,64,15,3,4.7,4.3,Aprobado,3.73,3.1,3.78,3.96,5.1,1.95,4.13,4.55,4.29,4.03,4.69,3.89,4.15,3.28,4.68
E0479,Ingeniería Informática,3,D,22,16,75,91,15,1,6.5,5.8,Aprobado,5.39,4.53,6.86,5.74,5.11,1.89,7.0,5.52,5.9,5.39,6.0,5.72,6.1,5.26,3.67
E0480,Ingeniería Civil Industrial,4,B,28,11,77,67,19,1,5.6,5.9,Aprobado,6.28,4.6,6.81,6.07,5.14,2.06,2.59,2.89,2.52,1.79,5.15,5.41,5.77,4.78,5.92
E0481,Ingeniería Civil Industrial,4,D,22,13,75,63,21,3,4.3,4.3,Aprobado,4.62,4.87,5.56,4.84,4.55,4.51,4.28,4.81,3.35,3.55,4.46,4.74,4.42,4.07,4.75
E0482,Ingeniería Informática,1,A,25,14,62,61,22,1,5.8,5.1,Aprobado,4.01,4.04,4.49,3.29,3.65,2.23,5.22,5.18,4.31,4.05,4.66,5.07,4.03,3.09,4.67
E0483,Ingeniería Electrónica,1,B,27,13,75,67,14,0,4.2,5.6,Aprobado,4.99,5.18,4.76,4.75,5.18,3.17,3.41,4.32,4.25,3.45,4.49,5.2,4.88,3.54,2.31
E0484,Ingeniería en Construcción,4,C,25,11,91,55,19,2,4.8,5.4,Aprobado,4.93,4.68,5.53,4.1,5.79,2.61,4.57,5.55,4.33,4.07,4.11,4.22,5.01,3.21,4.59
E0485,Ingeniería en Construcción,1,D,31,15,78,62,25,0,3.1,5.1,Aprobado,4.39,5.6,5.04,3.92,4.54,4.12,3.17,3.29,3.74,2.82,3.65,3.4,3.16,2.64,3.94
E0486,Ingeniería Informática,3,C,28,8,68,61,13,3,4.8,4.3,Aprobado,3.88,5.12,3.88,3.38,3.48,4.64,2.64,4.3,3.52,2.99,3.83,4.01,3.53,4.5,4.85
E0487,Ingeniería Informática,2,D,30,14,83,77,17,5,5.9,6.1,Aprobado,6.85,5.85,7.0,6.47,6.29,4.22,3.66,3.66,2.97,2.84,4.17,5.3,4.85,5.65,4.04
E0488,Ingeniería en Construcción,4,A,25,12,68,60,13,4,4.7,4.7,Aprobado,3.53,5.49,3.88,4.46,4.27,4.04,5.1,3.7,3.98,5.47,5.14,5.65,5.0,2.86,3.68
E0489,Ingeniería en Construcción,1,A,28,12,65,73,15,0,4.5,4.0,Aprobado,3.22,3.93,4.25,3.59,4.22,3.89,5.53,4.79,5.85,5.47,5.17,5.09,3.79,2.73,4.48
E0490,Ingeniería Civil Industrial,3,B,24,9,77,49,16,2,6.3,5.2,Aprobado,4.36,4.69,4.6,4.23,4.64,1.76,4.63,5.1,3.95,3.79,4.29,4.7,4.55,2.28,5.08
E0491,Ingeniería en Construcción,2,A,34,10,90,66,20,3,4.4,6.3,Aprobado,6.6,6.07,6.64,5.42,6.36,4.07,3.76,4.56,4.38,3.32,4.96,4.96,5.06,3.8,5.36
E0492,Ingeniería Informática,2,D,22,11,65,73,11,2,5.1,5.9,Aprobado,4.41,3.58,4.5,4.61,4.63,1.18,3.42,4.3,4.08,5.29,4.96,4.76,5.02,2.77,4.23
E0493,Ingeniería en Construcción,1,A,23,6,67,48,6,0,4.8,3.9,Reprobado,4.54,5.21,4.92,5.21,3.77,2.06,1.32,1.75,1.57,1.81,2.41,1.89,3.89,2.5,4.92
E0494,Ingeniería en Construcción,2,B,22,18,76,86,21,5,4.9,6.4,Aprobado,4.43,5.36,5.7,4.81,5.67,3.89,5.99,6.98,6.97,5.4,6.28,6.82,6.75,5.5,5.02
E0495,Ingeniería en Construcción,4,D,25,15,66,82,17,0,4.9,5.1,Aprobado,4.74,2.92,5.79,5.38,5.07,3.01,3.35,4.24,3.14,3.78,4.35,5.69,5.55,2.73,3.27
E0496,Ingeniería Informática,3,C,33,9,74,59,13,1,5.0,4.9,Aprobado,5.57,4.36,6.36,5.17,5.81,3.38,3.81,3.42,4.13,3.92,3.86,3.99,5.18,2.92,4.51
E0497,Ingeniería en Construcción,2,C,25,20,85,67,21,3,5.2,6.9,Aprobado,6.83,4.62,6.19,5.92,5.99,1.83,3.4,3.92,3.3,3.08,5.3,4.33,6.15,4.15,5.36
E0498,Ingeniería en Construcción,4,D,28,12,83,64,16,3,5.7,5.3,Aprobado,4.64,5.36,4.66,3.87,3.07,3.84,4.79,4.72,4.79,4.2,4.19,4.54,3.49,3.71,3.67
E0499,Ingeniería Informática,3,C,26,8,78,74,8,1,5.0,4.6,Aprobado,5.3,3.63,4.81,4.64,4.77,2.93,2.77,4.65,3.69,3.95,4.55,4.49,5.12,3.67,4.77
E0500,Ingeniería Civil Industrial,2,C,33,13,77,70,20,0,5.2,4.9,Aprobado,4.71,3.98,5.14,3.88,4.77,1.63,4.29,4.28,4.2,3.83,4.67,4.99,4.84,2.51,4.14
E0501,Ingeniería Civil Industrial,1,C,31,10,82,48,20,1,4.2,3.3,Reprobado,4.05,4.11,4.96,5.17,4.25,3.14,2.79,2.69,2.85,1.55,2.9,2.73,4.06,3.47,5.25
E0502,Ingeniería Electrónica,3,D,24,12,82,72,16,0,4.3,5.0,Aprobado,4.89,4.68,5.65,5.31,5.65,4.66,4.78,4.52,4.37,3.94,4.17,5.24,4.67,4.22,2.96
E0503,Ingeniería Informática,2,C,24,11,79,67,18,1,5.0,6.0,Aprobado,6.5,4.53,6.27,5.2,5.19,1.56,2.41,3.45,3.29,2.55,4.87,5.85,5.63,3.96,5.43
E0504,Ingeniería Electrónica,1,C,27,8,76,61,23,3,3.3,3.7,Reprobado,4.34,4.54,5.98,5.13,5.36,5.07,3.39,5.28,3.45,3.18,4.86,4.21,4.27,4.4,4.56
E0505,Ingeniería Electrónica,2,C,32,14,82,88,25,0,5.5,5.5,Aprobado,5.13,3.8,5.77,5.66,4.91,3.41,5.59,5.54,4.7,5.32,5.37,4.57,5.78,2.64,4.84
E0506,Ingeniería Civil Industrial,2,D,24,12,67,63,21,6,5.5,4.5,Aprobado,3.79,4.67,4.46,4.06,4.55,3.77,6.98,6.04,5.59,5.92,5.43,4.7,3.93,4.24,5.11
E0507,Ingeniería en Construcción,3,A,26,10,75,92,13,5,4.8,6.1,Aprobado,6.45,5.24,7.0,5.57,5.66,1.67,3.4,3.2,2.96,3.52,4.65,3.49,5.89,4.23,3.66
E0508,Ingeniería Electrónica,1,D,30,10,68,93,16,5,5.3,5.5,Aprobado,4.36,4.08,4.08,4.83,3.82,3.23,2.05,2.8,2.11,3.5,5.24,4.62,4.71,5.37,2.81
E0509,Ingeniería en Construcción,3,D,32,8,85,60,9,3,4.4,4.1,Aprobado,5.24,3.61,4.87,5.02,4.16,3.55,2.77,5.42,4.33,3.91,4.66,4.2,5.52,4.04,5.13
E0510,Ingeniería Civil Industrial,1,D,22,8,69,87,17,0,4.5,5.6,Aprobado,4.31,4.01,5.47,3.23,4.07,3.56,3.89,3.9,3.05,2.47,3.76,3.03,4.54,2.59,4.58
E0511,Ingeniería Informática,2,C,25,10,82,59,10,0,4.7,5.0,Aprobado,5.67,5.77,5.7,5.18,5.36,5.25,3.82,4.09,3.68,3.68,4.9,4.58,4.67,3.18,4.99
E0512,Ingeniería Civil Industrial,2,C,23,7,62,63,14,3,4.7,3.6,Reprobado,3.71,5.32,4.06,3.09,3.34,5.63,5.65,4.95,5.94,4.8,4.52,4.5,3.5,3.92,5.34
E0513,Ingeniería en Construcción,2,C,32,10,78,79,21,2,4.9,5.0,Aprobado,4.56,4.35,5.59,4.83,4.0,3.08,4.75,3.52,3.62,2.9,4.79,4.34,4.61,4.38,6.23
E0514,Ingeniería Informática,2,B,28,11,86,79,14,4,4.2,5.9,Aprobado,6.91,6.32,6.85,6.2,5.62,3.47,3.31,2.95,3.13,2.95,5.85,5.32,5.19,5.45,3.6
E0515,Ingeniería Informática,4,D,25,11,72,73,13,3,4.3,4.5,Aprobado,3.99,4.19,4.45,4.04,4.6,2.92,4.01,4.34,4.1,4.3,4.79,4.86,4.24,4.75,4.66
E0516,Ingeniería Electrónica,3,B,31,12,81,81,25,0,6.0,5.6,Aprobado,6.61,5.18,6.38,5.66,5.93,5.1,5.35,5.16,5.48,5.16,5.32,4.9,5.72,3.11,4.3
E0517,Ingeniería Civil Industrial,3,A,22,11,81,83,6,3,5.3,5.4,Aprobado,4.83,4.85,5.15,4.28,4.06,2.92,4.46,5.95,5.05,5.21,5.28,4.92,5.96,4.27,2.78
E0518,Ingeniería en Construcción,4,C,30,9,85,56,21,3,4.0,4.5,Aprobado,4.71,4.95,4.76,3.81,4.47,5.9,2.97,4.55,3.06,2.94,4.25,2.56,4.64,4.14,3.75
E0519,Ingeniería en Construcción,1,B,30,4,70,60,1,4,5.6,4.7,Aprobado,4.08,4.25,4.89,3.35,3.47,2.7,5.6,5.53,5.58,4.79,3.56,3.72,3.74,3.92,4.91
E0520,Ingeniería Civil Industrial,2,B,27,12,88,74,16,0,6.4,5.4,Aprobado,5.51,5.52,5.41,6.46,6.09,4.99,3.01,3.87,5.31,4.3,5.13,5.39,5.12,4.49,4.23
E0521,Ingeniería Electrónica,3,A,23,15,83,76,34,3,3.9,5.4,Aprobado,4.53,5.13,5.03,4.42,5.42,1.0,6.28,5.63,5.07,4.23,4.83,4.72,4.6,4.76,5.13
E0522,Ingeniería en Construcción,3,D,23,14,83,94,20,6,4.5,6.9,Aprobado,5.17,4.45,5.16,4.85,4.5,3.23,5.49,4.83,4.26,5.13,6.11,5.85,5.3,5.56,3.48
E0523,Ingeniería Informática,1,D,23,7,58,57,16,4,3.7,2.9,Reprobado,2.03,4.16,2.97,2.92,3.69,3.09,6.15,6.02,4.97,5.65,3.37,3.77,2.68,4.99,4.76
E0524,Ingeniería en Construcción,1,A,23,12,78,66,26,4,4.1,5.1,Aprobado,5.4,3.34,5.12,5.0,5.42,4.01,5.43,4.63,5.56,4.43,5.16,6.05,5.1,3.73,3.69
E0525,Ingeniería Civil Industrial,3,A,28,10,80,80,12,1,5.6,5.3,Aprobado,3.8,4.3,5.02,4.06,3.9,2.57,4.35,5.53,4.24,3.29,4.23,4.34,4.7,3.74,4.14
E0526,Ingeniería Electrónica,3,A,29,10,56,74,7,8,4.1,4.7,Aprobado,3.6,5.14,5.15,5.42,3.86,1.71,5.42,5.52,6.46,5.12,4.91,5.8,5.5,5.52,3.92
E0527,Ingeniería Informática,4,D,31,15,70,64,10,0,4.9,5.4,Aprobado,6.55,4.0,7.0,7.0,7.0,4.85,5.06,4.87,5.75,5.08,6.62,6.57,6.23,2.88,4.6
E0528,Ingeniería Electrónica,4,A,28,14,65,58,29,4,3.4,3.6,Reprobado,2.69,3.29,3.02,3.66,2.98,5.72,5.72,5.97,5.68,4.37,4.71,3.77,3.8,4.24,6.89
E0529,Ingeniería Informática,2,C,29,6,73,53,12,2,4.1,4.0,Aprobado,4.43,7.0,5.03,3.67,4.15,2.57,4.31,4.96,4.67,2.94,3.69,3.27,4.35,3.59,3.2
E0530,Ingeniería en Construcción,1,A,25,13,52,66,17,1,4.9,4.5,Aprobado,3.11,3.9,3.68,4.06,4.75,3.56,5.76,4.23,4.45,3.62,5.0,4.99,4.61,3.52,4.15
E0531,Ingeniería Informática,2,A,22,16,74,71,27,0,5.6,5.7,Aprobado,6.1,4.18,6.6,5.15,6.0,4.61,4.96,5.05,4.54,4.24,4.72,5.77,6.0,1.93,4.88
E0532,Ingeniería Electrónica,1,B,24,8,82,72,20,4,4.2,4.6,Aprobado,4.6,5.99,4.86,4.51,4.34,2.8,4.88,6.0,5.49,4.68,3.81,3.85,4.27,5.46,5.0
E0533,Ingeniería Electrónica,2,C,33,17,68,59,21,0,5.4,5.0,Aprobado,4.6,4.35,4.29,4.88,4.22,4.08,3.95,4.65,4.8,4.61,4.27,5.7,4.49,3.92,3.75
E0534,Ingeniería Electrónica,3,D,32,16,86,84,22,7,4.0,6.5,Aprobado,7.0,3.96,7.0,7.0,6.42,3.89,4.41,4.02,4.57,4.85,6.25,6.78,6.17,6.2,4.88
E0535,Ingeniería en Construcción,3,B,28,16,68,52,21,3,4.1,4.3,Aprobado,5.09,3.22,4.44,5.05,4.46,4.01,4.46,4.47,4.7,3.37,4.58,4.22,4.75,5.37,4.16
E0536,Ingeniería Informática,2,C,22,14,93,85,23,3,5.5,6.2,Aprobado,6.91,4.88,7.0,6.11,6.27,2.05,4.44,3.05,4.66,4.79,5.33,5.98,6.06,4.96,4.69
E0537,Ingeniería Civil Industrial,2,D,25,12,81,72,21,1,3.9,5.2,Aprobado,6.07,5.13,6.62,5.56,4.83,3.99,4.35,4.68,4.07,3.5,4.56,4.27,5.04,3.05,3.97
E0538,Ingeniería Civil Industrial,2,C,22,14,76,81,19,2,5.9,5.7,Aprobado,5.61,5.17,5.28,5.4,6.09,3.51,4.94,5.1,4.69,3.96,4.84,6.1,5.48,4.3,3.47
E0539,Ingeniería Civil Industrial,4,A,31,15,84,72,20,4,5.0,5.7,Aprobado,5.91,4.38,5.37,3.79,4.9,3.25,4.72,4.8,4.41,4.55,4.35,4.93,4.78,4.83,4.61
E0540,Ingeniería Civil Industrial,4,A,28,8,77,60,14,3,6.0,4.9,Aprobado,5.06,5.61,4.56,4.33,4.88,3.69,3.67,3.34,4.81,3.61,4.58,4.13,3.65,3.96,4.71
E0541,Ingeniería en Construcción,4,D,32,9,74,58,12,2,3.8,3.8,Reprobado,3.54,4.76,3.96,4.25,3.95,4.67,4.64,4.78,4.51,5.32,4.04,3.24,4.41,2.42,4.32
E0542,Ingeniería Informática,2,C,27,15,85,98,21,0,4.6,6.5,Aprobado,6.06,4.22,5.98,5.63,5.01,3.54,5.69,5.74,4.95,5.66,5.9,6.93,5.45,4.18,3.94
E0543,Ingeniería Civil Industrial,3,C,25,6,66,64,8,0,5.4,4.5,Aprobado,5.41,4.97,5.86,5.08,4.82,5.86,4.65,3.79,5.19,5.02,4.32,5.13,5.18,1.93,5.28
E0544,Ingeniería Electrónica,4,C,29,13,84,62,7,3,5.5,5.4,Aprobado,5.85,5.81,5.56,5.53,5.13,3.24,4.72,5.6,5.58,4.75,4.55,4.64,5.75,3.12,4.1
E0545,Ingeniería Informática,3,C,30,8,76,62,17,4,5.2,5.3,Aprobado,5.56,4.61,5.69,4.29,5.02,4.58,5.04,4.61,4.73,3.33,5.01,4.23,5.04,4.99,3.12
E0546,Ingeniería Civil Industrial,2,B,25,12,70,82,15,2,3.7,4.9,Aprobado,5.68,6.09,6.03,5.86,5.75,3.32,5.65,4.55,5.07,5.69,4.98,5.74,5.63,5.26,3.38
E0547,Ingeniería Informática,2,C,27,13,76,58,15,0,5.0,4.7,Aprobado,5.31,4.84,4.77,3.97,4.65,4.27,4.82,4.8,5.24,4.47,4.66,4.34,4.32,2.1,6.93
E0548,Ingeniería en Construcción,3,C,25,9,70,65,15,0,5.6,4.5,Aprobado,3.59,3.81,4.05,3.99,4.65,2.71,5.3,5.89,5.37,5.26,3.81,3.92,4.45,3.39,4.09
E0549,Ingeniería Civil Industrial,4,A,26,11,67,78,6,2,3.4,4.2,Aprobado,5.76,4.83,6.06,5.82,4.73,4.66,3.29,4.38,3.1,2.7,3.63,4.27,4.85,4.85,3.22
E0550,Ingeniería Electrónica,2,D,26,11,80,55,24,5,4.4,3.9,Reprobado,4.27,5.2,4.87,4.34,4.36,5.66,3.54,3.36,4.28,4.44,3.26,3.73,4.71,5.05,4.36
E0551,Ingeniería Informática,1,B,31,13,81,65,12,3,4.2,5.1,Aprobado,4.79,3.64,4.97,4.68,5.12,3.01,3.87,3.94,4.34,4.02,3.37,5.13,4.33,5.45,4.41
E0552,Ingeniería en Construcción,1,B,26,7,69,41,20,4,5.9,3.8,Reprobado,3.66,3.07,4.24,4.21,4.31,4.05,3.32,4.15,3.96,2.7,4.37,3.61,3.68,5.3,5.75
E0553,Ingeniería Electrónica,4,C,27,15,85,100,21,4,4.5,6.5,Aprobado,5.62,4.96,5.51,4.53,5.55,2.49,4.83,4.87,3.91,2.58,4.45,5.32,5.11,2.39,4.72
E0554,Ingeniería en Construcción,1,C,30,12,74,75,17,3,5.5,5.7,Aprobado,7.0,4.43,7.0,6.17,6.94,2.85,4.9,4.72,4.82,4.75,5.54,5.18,5.97,3.79,4.82
E0555,Ingeniería Electrónica,2,C,22,12,66,59,12,1,3.8,4.3,Aprobado,3.85,5.25,3.99,3.11,4.13,4.64,3.53,4.64,5.28,3.53,4.33,3.86,4.09,3.49,3.3
E0556,Ingeniería Informática,1,A,22,14,60,75,23,2,7.0,6.6,Aprobado,6.74,4.36,5.72,5.37,6.59,1.58,5.1,4.94,4.53,4.41,5.03,5.0,5.23,4.18,4.46
E0557,Ingeniería Civil Industrial,1,D,34,11,85,75,20,3,5.3,5.8,Aprobado,5.67,3.89,7.0,6.72,6.57,2.72,5.68,6.18,5.22,4.22,5.67,5.69,6.05,4.59,4.81
E0558,Ingeniería Civil Industrial,1,C,33,7,61,39,13,2,4.2,2.9,Reprobado,4.16,4.82,4.31,3.4,3.46,2.79,4.16,4.33,3.62,3.85,2.58,3.14,3.42,3.41,4.29
E0559,Ingeniería en Construcción,2,C,22,17,91,79,28,1,5.0,6.4,Aprobado,6.71,4.12,7.0,5.41,5.61,3.6,2.65,3.15,3.29,3.78,5.36,5.7,6.16,4.18,5.14
E0560,Ingeniería en Construcción,2,D,32,9,73,82,16,1,5.7,6.3,Aprobado,4.35,4.39,5.31,4.41,5.14,3.2,3.43,4.86,4.45,4.35,5.31,3.39,5.49,4.32,2.54
E0561,Ingeniería en Construcción,2,A,29,11,75,83,1,3,3.7,5.2,Aprobado,6.01,4.76,7.0,5.67,6.04,6.77,2.84,2.99,2.93,1.8,6.1,5.08,5.53,3.98,1.58
E0562,Ingeniería Civil Industrial,1,C,32,18,58,58,28,4,4.3,4.5,Aprobado,3.3,4.95,3.9,4.04,3.71,4.82,3.79,2.23,2.88,2.88,4.09,5.16,4.21,4.9,4.47
E0563,Ingeniería Electrónica,1,B,31,10,86,60,9,6,4.5,5.7,Aprobado,5.23,3.49,5.29,5.11,4.98,1.0,2.97,3.28,3.25,3.62,3.95,4.81,4.89,6.69,4.42
E0564,Ingeniería Civil Industrial,3,B,31,8,72,50,15,1,4.3,4.0,Aprobado,4.94,4.21,4.03,3.55,3.43,4.15,3.77,4.32,4.41,3.85,3.88,3.95,3.86,4.89,4.19
E0565,Ingeniería Electrónica,4,B,24,10,90,64,8,3,4.7,5.0,Aprobado,4.57,5.38,4.94,4.25,4.78,4.37,4.87,5.25,5.28,4.81,4.3,4.14,5.01,4.61,1.86
E0566,Ingeniería Electrónica,2,A,34,7,70,67,7,2,4.5,4.6,Aprobado,5.92,5.64,5.43,5.42,4.97,4.02,4.62,4.38,4.17,5.23,4.91,5.15,4.55,2.58,5.09
E0567,Ingeniería Informática,3,B,28,13,63,74,23,3,4.5,4.7,Aprobado,3.8,3.6,4.5,3.22,3.9,1.82,3.43,3.87,3.27,3.18,3.63,4.32,3.84,6.54,4.02
E0568,Ingeniería Electrónica,2,B,22,18,77,100,21,3,4.3,6.1,Aprobado,5.25,5.45,4.87,4.66,5.44,4.48,5.65,6.78,6.34,6.66,6.34,6.48,5.33,4.82,4.46
E0569,Ingeniería Electrónica,1,C,31,13,78,87,19,2,3.6,5.0,Aprobado,3.77,5.31,4.06,3.77,4.24,5.53,5.23,4.81,4.67,5.0,4.87,5.26,5.07,4.71,3.76
E0570,Ingeniería Electrónica,4,D,33,10,63,49,11,3,5.0,4.3,Aprobado,3.76,4.46,4.58,3.76,4.27,1.53,3.94,4.69,5.19,4.68,3.56,3.24,3.75,3.44,5.45
E0571,Ingeniería Civil Industrial,1,D,29,10,66,72,10,0,5.3,5.0,Aprobado,4.79,4.37,5.15,4.81,3.96,3.44,5.14,4.31,4.18,2.97,4.06,4.0,5.43,3.0,3.02
E0572,Ingeniería Civil Industrial,1,A,29,11,84,79,21,4,4.3,6.1,Aprobado,5.51,3.04,5.9,5.63,5.03,1.54,5.7,6.44,5.46,6.0,4.97,4.36,5.95,5.18,4.86
E0573,Ingeniería Civil Industrial,2,C,31,12,72,77,18,5,2.8,4.4,Aprobado,4.43,4.62,5.05,4.36,4.83,4.99,5.93,5.72,6.48,5.54,5.39,5.62,4.78,5.92,4.49
E0574,Ingeniería Informática,4,A,26,14,74,63,23,4,4.6,5.0,Aprobado,5.07,5.78,4.94,3.94,4.92,1.87,4.94,4.27,4.84,3.64,3.82,4.71,4.42,4.01,4.92
E0575,Ingeniería Informática,2,A,25,12,91,84,18,3,4.3,5.0,Aprobado,5.0,4.14,5.25,5.28,6.02,3.12,5.31,5.55,4.72,4.94,4.56,5.43,5.13,4.61,4.74
E0576,Ingeniería en Construcción,2,D,23,9,82,73,14,4,4.1,5.4,Aprobado,6.02,4.92,5.54,4.97,4.89,1.12,3.77,3.72,2.96,5.02,4.18,3.16,4.97,5.03,3.97
E0577,Ingeniería Civil Industrial,1,A,32,11,84,74,20,2,4.8,5.7,Aprobado,5.37,4.79,4.93,4.8,5.51,4.77,5.39,6.35,5.68,4.48,4.38,4.9,4.58,4.27,4.04
E0578,Ingeniería en Construcción,1,D,27,19,95,88,29,0,4.7,5.9,Aprobado,5.46,5.41,6.97,6.62,5.54,5.27,5.89,5.79,5.29,3.68,6.25,6.56,6.42,1.77,3.57
E0579,Ingeniería en Construcción,3,C,32,13,70,94,22,1,4.4,4.9,Aprobado,4.78,4.62,4.81,4.4,5.13,3.8,3.76,4.43,4.2,4.2,5.62,3.79,4.51,3.59,5.49
E0580,Ingeniería en Construcción,1,C,34,14,72,54,18,3,4.9,4.7,Aprobado,5.32,3.27,4.62,4.22,4.46,5.26,4.56,4.6,4.34,5.31,4.27,4.59,4.19,3.79,3.65
E0581,Ingeniería Informática,3,C,22,12,75,67,21,4,5.4,5.4,Aprobado,6.62,5.63,6.65,5.67,4.93,4.02,4.31,3.98,3.77,3.46,3.03,4.52,5.13,4.91,5.56
E0582,Ingeniería Informática,2,D,25,11,73,73,22,1,4.6,5.5,Aprobado,5.18,4.3,5.83,4.86,5.2,2.86,3.67,5.07,4.03,2.86,5.35,5.16,4.4,3.17,3.5
E0583,Ingeniería Civil Industrial,2,B,31,8,81,70,12,4,4.2,5.3,Aprobado,4.97,2.4,5.31,5.16,4.86,3.34,2.68,2.71,4.2,3.54,3.91,4.49,4.5,4.07,4.95
E0584,Ingeniería Informática,1,B,33,11,77,87,12,5,3.7,5.7,Aprobado,4.93,4.65,5.24,5.6,5.64,3.14,6.0,5.39,6.23,6.1,5.33,4.64,4.56,5.12,5.26
E0585,Ingeniería Civil Industrial,2,D,33,13,76,77,22,4,2.6,4.9,Aprobado,5.47,4.73,6.01,5.37,4.8,6.01,3.87,4.79,5.13,3.75,5.62,6.2,5.41,3.17,5.78
E0586,Ingeniería Civil Industrial,1,D,28,17,86,69,19,2,4.2,4.8,Aprobado,4.8,3.2,4.87,5.29,5.18,3.27,5.04,4.46,5.16,4.44,4.39,5.96,5.63,3.53,3.28
E0587,Ingeniería en Construcción,3,D,32,10,79,61,12,3,5.7,5.5,Aprobado,5.39,4.6,5.2,5.21,5.87,2.46,3.18,5.17,3.73,4.52,5.33,4.83,4.21,5.35,4.18
E0588,Ingeniería en Construcción,4,C,31,15,66,86,16,2,3.9,5.8,Aprobado,3.8,4.05,4.41,5.47,4.95,4.87,4.31,3.55,3.03,3.74,4.35,5.54,4.8,4.28,2.54
E0589,Ingeniería Informática,1,A,33,6,65,76,7,5,6.3,4.7,Aprobado,5.75,4.7,5.38,5.19,4.17,3.41,5.08,5.21,5.6,4.86,3.94,3.48,3.84,5.03,3.5
E0590,Ingeniería Electrónica,4,C,23,13,76,96,18,3,4.6,4.5,Aprobado,5.61,6.54,5.22,4.86,4.42,4.15,4.01,3.7,3.58,2.12,4.87,4.08,5.11,4.96,2.82
E0591,Ingeniería Civil Industrial,1,A,32,16,68,98,22,6,5.9,6.1,Aprobado,4.74,4.23,4.76,4.83,4.2,4.52,6.96,6.84,6.28,5.97,6.35,5.99,5.52,6.36,4.38
E0592,Ingeniería en Construcción,2,D,32,7,77,71,17,2,5.0,4.9,Aprobado,3.81,4.57,4.26,4.36,4.65,3.7,7.0,6.36,5.43,6.87,4.32,4.2,4.51,4.08,3.24
E0593,Ingeniería Civil Industrial,2,D,29,12,83,40,25,1,4.7,4.3,Aprobado,4.0,6.23,4.48,5.54,4.71,3.73,3.78,3.11,3.0,2.52,4.4,4.82,4.32,2.99,4.9
E0594,Ingeniería Electrónica,1,A,22,12,79,74,12,0,5.1,5.3,Aprobado,4.98,3.41,5.55,4.99,6.17,2.89,3.33,3.73,3.79,4.3,5.04,4.93,6.46,5.14,3.11
E0595,Ingeniería Informática,4,C,23,14,75,59,24,1,6.3,6.1,Aprobado,6.05,4.34,6.31,5.76,5.83,3.64,5.2,5.63,4.64,3.79,4.96,5.75,5.2,3.24,3.11
E0596,Ingeniería Civil Industrial,1,D,22,15,82,65,18,5,5.6,6.0,Aprobado,5.46,4.4,6.65,5.62,6.1,1.0,4.56,4.71,4.08,3.31,4.98,5.6,5.34,5.34,4.97
E0597,Ingeniería Electrónica,2,C,27,11,54,69,16,2,5.5,4.6,Aprobado,5.23,3.58,6.11,5.11,4.57,4.16,3.38,2.89,2.78,2.84,4.13,4.75,4.19,2.43,5.31
E0598,Ingeniería en Construcción,3,A,33,17,89,81,29,1,4.7,5.5,Aprobado,6.04,4.37,5.61,5.99,5.43,3.67,3.31,4.99,4.01,3.83,6.29,6.38,6.16,3.98,2.88
E0599,Ingeniería Civil Industrial,1,C,34,15,76,78,15,2,5.0,5.6,Aprobado,4.13,4.78,4.59,4.1,5.14,4.15,4.63,5.42,5.36,3.71,5.04,6.18,5.23,3.41,3.53
E0600,Ingeniería Informática,3,B,33,10,71,53,17,2,4.8,5.2,Aprobado,4.91,6.08,5.27,5.11,4.21,2.35,2.22,3.94,2.12,2.87,3.57,3.73,4.36,3.52,3.43
E0601,Ingeniería Civil Industrial,4,A,23,10,62,63,16,3,5.5,4.2,Aprobado,2.15,6.96,4.87,3.54,3.93,5.32,3.02,5.12,4.58,3.32,4.57,4.3,3.31,3.85,4.48
E0602,Ingeniería Electrónica,2,A,29,9,71,64,9,0,4.6,4.8,Aprobado,4.03,5.42,4.29,4.33,5.03,3.36,4.8,3.54,3.32,2.09,5.64,4.26,4.25,2.05,4.67
E0603,Ingeniería Civil Industrial,2,D,33,14,88,59,17,4,5.2,6.0,Aprobado,3.79,5.63,4.36,3.94,5.26,4.25,3.79,5.48,4.63,4.38,4.52,5.36,5.29,4.64,5.31
E0604,Ingeniería Informática,2,A,26,16,90,77,15,2,5.3,6.2,Aprobado,6.03,3.49,6.93,6.13,6.14,5.26,4.79,4.78,5.3,3.87,6.0,5.5,5.92,3.54,3.73
E0605,Ingeniería en Construcción,1,D,27,7,75,61,16,1,5.0,4.1,Aprobado,3.61,4.06,4.02,4.35,3.12,1.56,3.91,3.67,3.33,2.85,4.01,4.15,3.57,2.25,4.19
E0606,Ingeniería en Construcción,2,C,33,8,88,46,14,2,3.6,5.4,Aprobado,4.99,4.12,6.45,4.78,5.14,2.99,4.34,4.02,3.65,2.88,3.93,4.25,5.74,4.43,5.1
E0607,Ingeniería Electrónica,4,D,32,14,73,79,18,5,5.1,6.1,Aprobado,6.46,5.24,6.93,5.53,6.28,3.48,5.48,5.21,4.71,4.14,5.58,6.28,5.02,5.72,4.17
E0608,Ingeniería Informática,3,D,30,10,66,59,17,0,5.3,3.5,Reprobado,3.83,3.41,4.61,4.06,3.86,2.97,4.87,3.94,4.15,4.24,3.13,4.71,4.46,4.52,4.76
E0609,Ingeniería en Construcción,3,D,24,4,51,35,12,4,3.6,2.2,Reprobado,3.17,5.72,2.96,2.67,3.43,3.66,2.18,2.57,2.86,1.61,2.61,3.0,2.09,4.5,4.63
E0610,Ingeniería Electrónica,3,B,31,10,78,76,7,3,5.2,6.1,Aprobado,6.1,4.74,6.93,5.52,6.26,3.51,3.49,3.44,4.26,4.53,4.61,4.37,5.75,4.22,2.95
E0611,Ingeniería Informática,3,C,25,19,57,57,25,2,3.9,4.8,Aprobado,3.75,5.89,4.34,4.47,3.98,4.18,5.03,6.63,5.37,6.03,4.58,5.57,3.9,4.21,4.33
E0612,Ingeniería Electrónica,3,B,22,8,63,54,7,4,3.8,2.6,Reprobado,3.65,5.72,4.04,3.96,4.25,3.8,4.96,5.72,5.34,4.54,3.79,4.36,4.04,4.72,4.46
E0613,Ingeniería Electrónica,4,B,25,16,80,73,32,1,4.4,6.2,Aprobado,4.01,5.8,4.41,4.93,5.47,1.0,5.2,5.31,5.42,5.41,5.25,5.66,5.19,5.79,3.97
E0614,Ingeniería en Construcción,1,C,33,17,67,70,28,2,5.0,4.9,Aprobado,5.79,4.12,6.17,5.91,5.71,4.29,3.41,4.68,3.6,3.1,5.46,6.25,4.8,4.09,4.94
E0615,Ingeniería Informática,1,C,34,12,74,80,22,0,4.9,5.0,Aprobado,3.87,3.25,6.06,4.57,4.27,5.15,5.77,5.0,4.68,6.47,5.33,5.24,4.18,1.42,3.41
E0616,Ingeniería en Construcción,1,B,30,11,65,58,15,1,5.1,4.5,Aprobado,3.78,4.34,4.46,4.97,3.37,2.46,5.1,4.19,4.58,4.85,4.41,4.3,5.24,3.89,3.34
E0617,Ingeniería en Construcción,1,A,31,9,64,69,15,1,6.0,4.9,Aprobado,3.58,3.95,4.16,4.66,4.72,2.82,3.44,4.24,4.66,4.51,4.09,4.0,3.64,2.37,5.4
E0618,Ingeniería en Construcción,2,A,22,14,70,54,17,3,4.2,3.6,Reprobado,2.53,5.06,3.23,3.73,2.6,2.01,2.62,3.66,3.47,3.47,4.12,4.98,3.96,5.18,3.34
E0619,Ingeniería Civil Industrial,1,B,29,15,76,74,20,4,5.3,5.2,Aprobado,5.55,3.42,6.58,5.78,6.12,4.28,4.94,5.4,5.26,2.55,4.64,5.97,5.49,5.33,5.03
E0620,Ingeniería Civil Industrial,1,D,30,15,81,73,29,3,5.5,6.3,Aprobado,6.35,5.25,5.66,5.81,5.25,3.9,4.77,5.38,5.0,5.14,5.71,5.69,5.69,3.23,6.29
E0621,Ingeniería Civil Industrial,2,D,32,9,69,64,12,1,5.1,4.2,Aprobado,4.87,3.84,5.49,4.55,4.61,3.97,3.67,4.52,3.55,3.09,3.93,4.46,4.03,3.55,4.07
E0622,Ingeniería Informática,1,C,27,8,60,62,8,5,5.5,4.3,Aprobado,3.39,3.85,3.71,4.91,3.65,3.5,4.48,5.84,4.23,4.4,4.22,3.99,4.17,4.21,2.78
E0623,Ingeniería Civil Industrial,1,A,31,11,69,65,15,7,4.5,4.6,Aprobado,4.67,5.33,5.3,5.32,4.4,2.66,3.86,4.99,3.93,4.8,4.12,4.51,4.77,6.72,4.6
E0624,Ingeniería Electrónica,4,C,32,11,73,73,17,2,5.0,5.0,Aprobado,6.64,5.1,6.47,5.78,6.37,4.78,6.5,5.85,5.63,5.2,4.32,4.83,5.14,4.03,3.25
E0625,Ingeniería en Construcción,1,B,30,13,76,70,15,0,4.9,4.5,Aprobado,5.85,4.74,4.98,4.71,5.24,3.83,3.76,5.37,3.76,2.81,5.26,5.82,5.2,4.48,4.81
E0626,Ingeniería Electrónica,2,D,33,11,85,86,24,6,3.1,6.0,Aprobado,5.08,4.93,5.11,4.89,5.15,3.02,3.13,2.64,2.58,2.74,5.5,5.07,5.32,5.08,3.73
E0627,Ingeniería Civil Industrial,4,C,33,8,88,77,14,2,5.0,5.5,Aprobado,5.25,4.39,6.06,5.74,6.03,3.51,3.29,5.16,4.3,3.32,4.83,4.35,5.13,2.82,4.59
E0628,Ingeniería Informática,4,C,32,10,78,78,14,4,4.1,4.9,Aprobado,5.51,4.49,5.51,4.99,3.57,1.17,4.38,3.53,2.79,2.06,4.8,4.19,4.89,5.25,4.72
E0629,Ingeniería Civil Industrial,2,B,24,12,74,73,22,4,3.5,4.6,Aprobado,5.45,4.91,5.35,5.16,4.75,4.42,4.61,4.93,3.43,2.84,5.12,4.93,5.02,5.36,4.24
E0630,Ingeniería Informática,1,B,30,15,75,80,18,4,4.2,4.7,Aprobado,4.83,5.8,4.73,4.84,5.16,4.52,5.34,5.41,4.67,3.95,3.95,4.95,4.92,4.11,4.91
E0631,Ingeniería en Construcción,4,A,34,12,76,85,1,1,4.1,6.2,Aprobado,6.13,4.57,5.78,4.43,4.76,3.61,4.19,4.04,4.32,4.49,5.46,5.14,5.52,3.21,3.36
E0632,Ingeniería en Construcción,4,B,22,11,75,63,19,0,3.6,4.5,Aprobado,4.67,5.94,4.61,4.55,4.85,1.05,5.45,6.35,4.67,5.35,5.09,4.75,4.31,3.74,4.5
E0633,Ingeniería Informática,3,C,22,6,63,53,6,4,3.7,3.7,Reprobado,3.66,4.48,3.67,4.11,4.14,4.53,3.65,3.67,4.29,4.14,2.84,3.64,3.78,3.74,5.64
E0634,Ingeniería Informática,2,D,29,13,94,71,9,1,5.5,5.9,Aprobado,5.62,3.83,6.51,6.16,6.06,2.37,6.07,5.24,5.75,6.05,5.83,5.18,5.34,2.73,4.79
E0635,Ingeniería Informática,1,A,33,12,71,65,22,3,5.9,5.2,Aprobado,4.48,3.74,5.23,4.5,3.52,2.72,3.9,4.28,4.28,3.75,4.11,5.63,4.74,5.62,4.5
E0636,Ingeniería en Construcción,2,C,25,11,84,67,23,4,4.1,4.7,Aprobado,5.26,5.55,5.6,5.24,5.85,4.77,4.72,4.49,4.38,3.05,4.13,4.75,5.11,3.68,5.85
E0637,Ingeniería en Construcción,2,A,23,12,72,54,9,4,3.7,4.1,Aprobado,2.11,4.47,2.76,2.71,2.73,2.45,5.89,5.87,5.8,3.69,3.96,4.79,3.69,4.18,2.92
E0638,Ingeniería Electrónica,1,C,23,12,72,71,18,2,4.6,5.5,Aprobado,5.34,3.92,5.69,5.9,6.08,4.23,5.83,5.6,5.55,4.96,5.14,6.38,5.32,3.53,4.63
E0639,Ingeniería en Construcción,2,C,26,7,77,88,8,5,6.0,6.2,Aprobado,4.74,4.75,4.83,4.96,5.42,3.38,5.69,5.24,4.28,3.9,4.57,4.48,5.06,5.04,4.56
E0640,Ingeniería Civil Industrial,2,A,25,11,72,63,19,0,5.1,4.6,Aprobado,5.43,3.7,5.98,6.1,4.48,3.72,3.77,3.66,4.37,3.97,4.99,4.8,4.73,2.91,3.68
E0641,Ingeniería en Construcción,2,C,28,15,63,72,24,5,3.6,4.4,Aprobado,4.41,4.18,4.52,3.84,3.73,3.37,4.83,5.68,5.02,3.95,4.9,6.19,4.24,3.94,4.8
E0642,Ingeniería en Construcción,1,A,29,16,85,86,34,2,3.6,5.3,Aprobado,4.16,5.74,4.28,4.86,4.7,4.07,4.05,3.88,4.15,4.3,5.3,4.55,5.59,2.77,5.73
E0643,Ingeniería Electrónica,2,C,27,16,76,73,24,3,3.4,4.8,Aprobado,6.17,5.18,5.27,4.8,5.55,4.9,4.91,4.79,5.14,5.21,4.99,5.28,5.49,5.07,3.45
E0644,Ingeniería Informática,3,C,30,5,82,60,1,2,5.5,4.7,Aprobado,4.49,3.76,4.96,4.05,4.7,3.21,2.61,2.6,3.77,1.95,3.5,3.35,3.53,4.35,5.18
E0645,Ingeniería en Construcción,1,A,22,9,63,64,19,2,4.6,3.9,Reprobado,5.01,5.55,4.77,4.79,5.56,6.34,4.43,4.68,5.4,4.46,4.44,5.03,5.01,2.43,4.95
E0646,Ingeniería en Construcción,2,D,32,11,73,70,17,3,5.2,6.1,Aprobado,5.78,4.81,5.03,4.86,4.6,1.5,5.59,3.97,5.54,4.52,4.57,4.44,4.79,4.69,5.18
E0647,Ingeniería en Construcción,2,D,24,15,90,50,24,2,4.7,5.1,Aprobado,6.51,5.3,6.35,5.28,5.82,3.64,3.44,5.09,4.35,4.34,3.53,5.49,5.42,4.18,4.25
E0648,Ingeniería Electrónica,2,C,25,7,71,60,7,2,3.7,4.2,Aprobado,4.82,6.09,5.2,4.81,4.5,2.72,3.42,3.91,3.66,2.91,3.33,3.49,3.84,4.75,4.66
E0649,Ingeniería en Construcción,4,D,25,14,82,61,21,4,3.7,4.7,Aprobado,6.1,5.67,5.92,4.66,4.13,4.11,3.94,4.48,3.1,2.59,4.3,4.4,5.01,4.1,4.79
E0650,Ingeniería Civil Industrial,2,C,29,11,93,88,10,3,5.6,6.4,Aprobado,4.84,3.99,5.14,6.09,4.86,2.79,5.37,5.79,5.3,5.01,5.44,5.36,5.01,5.92,3.38
E0651,Ingeniería Informática,4,C,32,12,74,70,11,2,3.4,5.0,Aprobado,5.48,4.44,6.16,5.46,4.47,5.58,5.73,5.68,5.23,5.73,5.3,5.36,5.51,4.68,3.69
E0652,Ingeniería Informática,2,D,27,17,80,87,15,1,5.4,6.3,Aprobado,5.94,6.17,6.03,5.07,5.11,3.2,6.09,6.35,5.17,5.0,5.63,6.12,5.67,4.07,3.95
E0653,Ingeniería Civil Industrial,1,A,24,11,72,64,13,6,4.5,4.0,Aprobado,4.91,5.9,3.57,3.96,3.91,4.19,2.83,3.64,3.29,3.85,4.15,5.12,3.93,5.17,3.46
E0654,Ingeniería Informática,1,C,22,13,75,63,17,3,4.0,5.0,Aprobado,5.38,4.5,6.15,4.45,3.97,4.64,3.59,3.91,3.45,3.79,4.03,4.08,4.18,5.08,3.71
E0655,Ingeniería Informática,3,D,33,5,59,66,14,0,5.1,4.5,Aprobado,3.58,5.97,3.43,3.95,4.32,3.16,4.43,3.22,3.11,3.13,4.19,3.84,3.47,4.77,4.4
E0656,Ingeniería Informática,3,D,23,10,68,57,19,1,4.5,4.6,Aprobado,4.63,3.63,3.91,3.66,4.68,4.05,3.7,3.7,1.85,1.45,3.92,4.1,4.85,3.1,3.57
E0657,Ingeniería en Construcción,1,A,25,8,66,60,13,3,3.6,4.1,Aprobado,4.25,4.86,5.63,4.26,4.57,4.77,5.25,4.68,5.14,3.8,5.04,3.19,4.42,5.28,4.84
E0658,Ingeniería en Construcción,2,D,28,15,83,83,27,1,5.5,6.1,Aprobado,5.36,3.21,5.17,5.34,4.69,4.14,4.78,3.98,3.58,3.82,4.55,4.34,5.2,4.84,4.98
E0659,Ingeniería Electrónica,2,A,29,19,63,64,20,4,6.3,5.2,Aprobado,5.05,5.78,5.19,4.45,2.67,2.1,4.4,3.93,3.87,3.32,4.06,4.97,4.19,4.25,4.24
E0660,Ingeniería Electrónica,3,A,34,15,80,74,14,2,4.1,5.5,Aprobado,4.47,4.27,4.66,4.23,6.24,3.14,5.77,5.88,5.61,4.83,5.26,4.57,4.78,3.72,3.35
E0661,Ingeniería Informática,2,D,34,14,68,71,23,1,4.0,4.4,Aprobado,3.45,5.37,4.48,3.96,6.02,5.5,4.86,5.44,5.46,4.48,5.17,5.84,4.79,3.6,4.17
E0662,Ingeniería Civil Industrial,1,C,31,11,78,57,12,4,5.1,4.7,Aprobado,4.56,4.54,4.59,4.23,5.42,4.85,4.66,5.13,4.34,3.8,4.89,4.61,4.13,4.52,4.41
E0663,Ingeniería Informática,3,D,26,13,68,83,27,2,3.8,5.3,Aprobado,5.28,5.47,4.79,4.23,4.63,3.38,4.94,4.97,4.01,4.22,5.07,4.53,4.67,4.96,2.76
E0664,Ingeniería en Construcción,2,D,33,19,74,79,30,3,4.6,5.0,Aprobado,5.53,5.5,5.6,5.14,4.8,2.75,4.24,5.43,4.75,3.7,4.85,6.13,4.95,5.14,5.2
E0665,Ingeniería Electrónica,1,D,23,13,67,68,14,5,4.8,5.1,Aprobado,5.55,5.74,4.91,3.81,4.19,3.54,5.16,5.64,5.87,5.13,4.35,4.25,4.98,4.71,4.89
E0666,Ingeniería Electrónica,2,C,34,13,65,75,20,2,4.8,4.7,Aprobado,5.51,4.19,5.01,4.28,4.5,4.89,4.95,4.72,4.35,4.67,4.28,4.82,4.45,4.78,3.53
E0667,Ingeniería Civil Industrial,1,A,25,14,73,72,21,3,5.2,5.5,Aprobado,5.54,5.84,5.1,4.74,4.34,4.45,5.3,5.3,4.96,6.65,4.55,4.65,5.19,4.82,5.22
E0668,Ingeniería Civil Industrial,3,D,31,9,84,66,21,5,5.3,5.1,Aprobado,3.99,4.57,4.12,4.9,4.63,2.96,5.8,5.18,6.31,4.63,4.46,3.76,4.42,4.06,4.47
E0669,Ingeniería Informática,3,A,33,16,88,87,19,0,5.8,6.2,Aprobado,6.0,4.35,6.96,5.75,5.74,2.59,4.35,4.33,3.93,2.79,5.24,6.07,6.49,3.36,5.15
E0670,Ingeniería Civil Industrial,1,B,29,10,88,79,14,5,4.4,5.5,Aprobado,4.93,3.95,5.65,4.09,4.08,2.43,3.72,3.09,3.96,3.46,4.91,4.3,4.8,4.56,5.11
E0671,Ingeniería Civil Industrial,1,A,31,19,92,94,21,2,5.6,7.0,Aprobado,5.48,3.85,6.69,6.53,6.67,2.63,3.19,4.91,4.36,5.83,5.45,6.31,6.46,4.76,4.44
E0672,Ingeniería Electrónica,1,D,32,15,84,84,12,3,4.4,5.6,Aprobado,4.7,4.47,4.6,5.4,5.65,1.62,5.97,6.57,7.0,6.13,5.91,5.43,5.77,3.4,3.99
E0673,Ingeniería en Construcción,2,B,24,17,62,69,19,3,5.1,5.2,Aprobado,4.02,5.41,4.63,4.66,4.44,2.39,6.11,5.9,5.73,5.88,5.03,5.94,4.68,3.3,4.89
E0674,Ingeniería Electrónica,2,D,30,18,69,64,23,1,5.4,5.1,Aprobado,4.5,5.37,5.84,4.99,4.35,4.16,5.41,5.44,6.12,5.34,4.83,6.83,4.51,3.44,4.02
E0675,Ingeniería Informática,3,B,24,1,66,50,5,5,4.8,3.0,Reprobado,4.89,4.5,5.18,3.66,4.57,5.12,3.99,4.1,3.13,2.78,2.62,2.47,3.76,4.26,5.82
E0676,Ingeniería Informática,3,A,34,14,80,84,18,3,5.0,5.6,Aprobado,5.56,6.26,5.5,5.1,5.31,5.23,4.31,3.42,4.31,4.05,5.03,4.7,4.68,3.63,4.87
E0677,Ingeniería Electrónica,2,D,33,18,84,85,27,0,5.3,5.5,Aprobado,4.12,4.93,4.7,3.87,5.3,3.51,5.7,5.41,5.46,5.18,5.25,5.73,5.09,2.24,6.38
E0678,Ingeniería Informática,4,B,25,4,61,52,14,4,4.9,4.1,Aprobado,4.81,5.44,5.66,4.95,4.67,4.65,4.21,3.59,3.09,4.03,4.19,3.62,4.53,4.32,5.18
E0679,Ingeniería en Construcción,1,A,22,8,70,62,22,1,5.2,4.7,Aprobado,5.0,3.87,4.83,5.38,5.08,4.18,4.66,5.07,4.52,5.22,4.48,4.3,4.6,3.28,5.47
E0680,Ingeniería en Construcción,1,B,30,11,64,76,18,1,4.6,5.3,Aprobado,4.91,4.92,4.74,4.98,4.28,1.56,3.92,3.93,3.7,4.78,4.91,3.39,5.21,3.84,3.94
E0681,Ingeniería Civil Industrial,4,C,28,10,72,51,16,5,4.2,4.2,Aprobado,4.04,4.65,5.18,4.7,4.13,4.45,3.23,3.78,3.62,3.7,3.27,3.94,5.05,4.99,3.84
E0682,Ingeniería en Construcción,1,A,30,10,66,76,10,3,4.0,5.1,Aprobado,5.05,3.44,5.83,4.82,3.67,2.44,3.28,4.41,3.28,3.55,4.63,4.48,5.76,3.64,4.37
E0683,Ingeniería Electrónica,3,B,26,14,80,77,13,1,3.5,5.1,Aprobado,5.26,4.68,5.88,4.76,5.22,4.66,4.26,4.47,4.18,3.48,4.22,4.79,3.53,4.75,4.09
E0684,Ingeniería Electrónica,3,B,30,9,65,56,11,0,5.3,4.0,Aprobado,4.69,5.56,5.48,4.69,4.86,4.28,2.22,2.56,2.16,3.44,3.19,4.45,3.84,3.56,4.17
E0685,Ingeniería Informática,4,B,27,9,65,64,14,1,5.1,3.6,Reprobado,3.96,5.07,4.43,4.31,3.27,2.51,4.13,3.91,4.22,2.37,3.46,3.5,4.57,2.98,4.21
E0686,Ingeniería en Construcción,4,C,24,9,87,75,23,1,4.4,6.1,Aprobado,5.02,5.04,5.47,4.6,5.04,1.01,4.22,3.77,4.22,2.83,4.31,3.9,4.93,4.74,3.06
E0687,Ingeniería Informática,2,C,22,14,67,56,16,4,4.0,4.4,Aprobado,3.68,5.43,4.38,3.61,2.92,3.31,4.4,4.35,3.93,3.72,4.33,4.13,3.85,4.43,3.88
E0688,Ingeniería Informática,1,C,23,7,60,70,11,6,5.4,4.2,Aprobado,3.95,5.52,3.4,4.18,3.91,3.13,4.25,4.65,4.18,2.94,3.33,3.22,3.87,4.73,3.98
E0689,Ingeniería en Construcción,1,D,34,8,83,58,16,0,5.1,4.8,Aprobado,5.74,3.91,5.28,5.13,5.51,5.63,5.8,5.94,5.59,5.0,3.91,2.58,4.4,2.18,4.52
E0690,Ingeniería Informática,4,A,30,9,79,67,9,4,2.8,4.6,Aprobado,5.1,4.83,5.45,5.28,5.68,4.19,4.21,4.35,5.11,5.53,4.33,4.46,5.06,5.19,5.48
E0691,Ingeniería Electrónica,2,A,28,7,61,57,17,0,5.3,3.5,Reprobado,3.23,4.19,4.18,3.96,3.52,5.12,4.06,4.03,2.71,3.68,2.69,3.6,3.55,4.04,5.72
E0692,Ingeniería Informática,1,A,34,10,71,50,12,6,5.5,3.3,Reprobado,2.96,5.16,3.33,2.83,3.06,4.94,3.59,3.73,3.1,3.15,3.93,3.8,3.48,3.96,2.76
E0693,Ingeniería Civil Industrial,3,B,27,19,77,67,28,1,4.1,5.1,Aprobado,4.87,3.86,5.78,4.46,5.55,2.66,4.77,4.19,4.36,3.5,4.99,5.82,5.18,2.53,4.79
E0694,Ingeniería Informática,3,D,23,10,79,78,24,2,5.5,5.8,Aprobado,5.09,4.0,5.85,6.39,5.07,2.19,5.53,5.03,4.52,5.09,5.92,5.73,6.01,4.86,5.7
E0695,Ingeniería Informática,1,D,27,9,77,66,12,3,3.4,4.9,Aprobado,4.9,4.67,5.52,4.62,4.99,3.94,3.6,5.36,4.31,3.55,4.16,4.17,4.64,5.02,4.76
E0696,Ingeniería Informática,1,D,31,9,67,50,17,2,4.6,4.5,Aprobado,3.58,4.5,4.37,3.5,3.84,1.02,3.74,4.29,4.08,3.63,3.92,4.62,4.16,5.42,3.01
E0697,Ingeniería en Construcción,2,A,33,15,67,90,28,3,4.4,5.0,Aprobado,4.43,5.6,4.59,4.43,4.68,5.33,5.68,4.62,4.18,5.73,4.74,6.06,5.24,3.84,5.3
E0698,Ingeniería Electrónica,3,C,30,1,66,65,7,2,3.7,2.9,Reprobado,3.89,6.01,4.53,3.79,2.83,5.87,2.56,3.19,2.73,3.14,3.68,2.35,3.75,4.2,5.03
E0699,Ingeniería Electrónica,1,A,23,18,78,73,35,5,4.6,5.1,Aprobado,5.01,3.38,4.07,4.59,4.88,3.0,4.85,5.67,5.43,4.34,4.49,4.22,4.63,4.37,3.95
E0700,Ingeniería Informática,3,C,28,14,68,61,15,0,5.0,5.3,Aprobado,4.03,2.13,3.95,4.15,4.88,3.06,5.99,5.08,5.89,6.45,4.43,4.71,4.97,2.61,4.56
E0701,Ingeniería Civil Industrial,1,D,26,7,71,51,5,3,4.5,3.6,Reprobado,4.99,5.36,6.29,4.94,5.1,3.85,3.47,4.48,3.69,4.0,3.43,4.1,4.65,3.9,3.62
E0702,Ingeniería Civil Industrial,1,D,32,11,85,85,14,0,3.9,6.2,Aprobado,4.68,4.83,5.21,4.74,5.04,4.58,5.17,5.61,4.55,4.39,5.67,5.24,4.7,2.49,4.07
E0703,Ingeniería Electrónica,4,D,30,14,76,91,25,0,4.3,5.0,Aprobado,2.54,3.87,3.99,3.78,3.25,4.01,5.79,4.96,4.56,4.8,4.34,5.52,4.26,4.04,3.32
E0704,Ingeniería Informática,4,D,27,15,71,83,21,5,3.8,5.2,Aprobado,4.23,3.68,4.92,4.62,3.77,5.39,3.03,2.63,2.97,3.06,4.52,5.16,3.49,4.43,4.05
E0705,Ingeniería Civil Industrial,1,A,22,15,85,72,21,3,4.8,5.9,Aprobado,4.8,4.9,4.97,4.75,5.47,2.59,6.38,5.31,5.95,6.18,5.39,5.49,5.32,4.42,4.51
E0706,Ingeniería Electrónica,1,B,26,11,55,53,21,2,5.5,4.3,Aprobado,3.75,4.62,3.87,3.94,3.7,1.28,4.13,6.33,5.58,6.65,3.77,3.21,3.42,3.1,4.95
E0707,Ingeniería Electrónica,1,B,24,12,71,73,17,0,4.7,5.0,Aprobado,6.04,4.37,6.37,5.42,5.82,5.37,4.57,4.76,5.03,4.96,4.65,5.3,5.3,3.12,4.29
E0708,Ingeniería Informática,4,C,27,6,78,45,12,2,5.1,3.6,Reprobado,2.97,4.86,2.83,2.98,3.98,5.15,1.32,3.28,2.78,2.81,3.69,4.29,3.16,3.58,4.24
E0709,Ingeniería Civil Industrial,2,A,32,13,86,77,21,3,5.5,5.0,Aprobado,3.99,3.81,4.15,5.28,5.27,5.35,5.44,5.22,4.02,4.14,4.98,5.21,5.23,5.35,5.42
E0710,Ingeniería Electrónica,2,A,34,13,92,97,24,6,4.9,6.3,Aprobado,5.45,3.04,6.17,5.13,5.55,2.93,5.04,5.09,5.04,4.15,5.82,6.07,6.1,4.61,7.0
E0711,Ingeniería Electrónica,1,D,30,12,71,97,19,3,4.7,5.8,Aprobado,5.05,4.28,5.22,5.22,5.43,2.49,6.89,6.66,6.45,6.27,5.48,5.27,6.25,4.39,4.76
E0712,Ingeniería Electrónica,4,A,33,12,76,67,21,2,5.7,5.9,Aprobado,6.06,4.06,5.85,6.96,6.0,4.98,3.9,4.22,3.63,3.53,5.23,5.77,5.11,2.36,2.43
E0713,Ingeniería Electrónica,1,D,29,4,68,63,13,4,3.9,4.6,Aprobado,3.85,3.8,3.94,3.52,3.91,5.35,3.48,4.33,3.85,3.27,3.55,3.35,3.3,4.01,4.49
E0714,Ingeniería Informática,1,B,31,8,52,42,10,1,5.8,2.6,Reprobado,3.47,5.35,3.04,3.21,2.15,3.51,4.25,5.11,5.03,4.6,2.69,3.61,2.96,3.86,4.83
E0715,Ingeniería en Construcción,3,A,23,11,70,53,18,4,5.3,5.8,Aprobado,4.02,5.57,4.21,5.24,4.29,2.6,3.47,2.96,3.88,3.03,3.53,5.04,3.85,4.15,3.7
E0716,Ingeniería Civil Industrial,1,D,30,18,79,69,15,3,4.0,5.5,Aprobado,5.69,3.55,6.51,5.33,5.46,3.11,4.55,4.73,4.33,3.21,4.7,6.32,5.05,4.28,5.82
E0717,Ingeniería Electrónica,2,D,30,12,89,65,18,1,4.6,5.3,Aprobado,5.43,2.66,5.59,5.47,5.03,3.49,5.85,5.6,5.24,5.32,4.63,5.87,4.54,4.62,4.28
E0718,Ingeniería Civil Industrial,3,C,32,8,87,77,8,4,6.1,5.9,Aprobado,5.05,5.24,5.66,5.44,4.86,2.64,5.01,5.75,4.58,3.94,5.21,3.73,4.94,4.98,4.45
E0719,Ingeniería en Construcción,3,B,30,19,73,90,32,1,5.1,6.3,Aprobado,5.39,5.03,5.75,5.59,6.35,4.85,6.38,6.12,6.22,5.53,6.36,7.0,6.45,3.54,5.51
E0720,Ingeniería Electrónica,3,D,26,12,65,68,26,1,4.3,4.6,Aprobado,4.39,6.89,5.59,5.24,5.02,4.03,5.19,3.92,3.59,4.55,4.4,4.71,4.79,2.35,3.99
E0721,Ingeniería en Construcción,2,B,25,10,80,61,13,0,4.7,4.7,Aprobado,4.99,5.54,5.31,5.31,4.87,3.69,3.68,3.31,3.15,3.8,3.74,4.48,4.72,2.88,5.95
E0722,Ingeniería en Construcción,2,B,22,7,77,74,16,4,4.9,5.6,Aprobado,5.97,4.58,6.09,5.76,5.23,4.61,3.97,3.92,4.45,4.74,5.17,4.1,5.44,4.73,3.85
E0723,Ingeniería Informática,4,B,32,15,93,91,23,1,6.2,7.0,Aprobado,6.22,1.74,6.65,6.28,5.41,3.59,5.7,6.69,5.28,5.05,6.26,5.14,6.61,2.9,2.78
E0724,Ingeniería Civil Industrial,3,D,34,5,73,57,14,4,3.9,3.4,Reprobado,2.65,5.24,3.29,2.97,3.01,4.53,4.12,4.93,4.48,4.15,3.27,3.88,3.87,3.52,4.43
E0725,Ingeniería Electrónica,3,A,33,6,67,51,14,4,4.0,3.8,Reprobado,5.82,4.66,5.97,4.5,4.25,2.96,3.08,4.24,3.49,2.75,4.57,3.16,3.71,4.65,4.85
E0726,Ingeniería Informática,1,C,25,14,49,89,20,0,4.3,3.9,Reprobado,3.21,6.74,3.53,4.2,3.59,3.36,3.51,2.82,3.5,2.62,4.54,4.82,3.55,2.36,4.26
E0727,Ingeniería Electrónica,1,A,30,10,71,63,18,1,5.0,5.7,Aprobado,4.7,4.25,5.46,4.25,5.1,3.22,4.08,5.01,4.28,4.3,4.92,4.71,4.98,3.18,4.93
E0728,Ingeniería en Construcción,2,B,30,12,73,72,18,1,5.0,5.2,Aprobado,5.06,5.4,6.55,4.95,5.06,3.08,4.89,4.76,4.71,3.08,4.68,5.13,5.3,3.23,4.88
E0729,Ingeniería en Construcción,2,A,32,13,81,73,19,6,5.4,5.6,Aprobado,5.66,4.26,5.33,4.14,5.25,3.31,3.97,4.31,5.12,4.98,4.47,4.25,5.14,5.61,2.72
E0730,Ingeniería Informática,1,A,29,10,91,79,21,1,3.9,4.6,Aprobado,2.94,3.47,4.31,4.57,4.38,5.1,5.37,5.34,5.69,5.41,5.39,3.86,4.68,4.16,2.79
E0731,Ingeniería Informática,2,D,26,15,67,79,22,3,6.2,6.4,Aprobado,3.95,5.33,4.68,4.85,4.11,2.64,4.73,4.94,4.97,5.74,4.97,5.58,5.44,3.61,4.32
E0732,Ingeniería Civil Industrial,4,B,28,14,86,77,26,2,5.5,7.0,Aprobado,5.97,4.59,6.69,6.59,6.95,2.42,5.24,4.56,4.72,3.92,5.52,5.61,6.0,3.25,3.18
E0733,Ingeniería Informática,2,C,28,12,55,51,22,2,4.4,3.2,Reprobado,3.9,5.96,4.64,4.2,3.82,4.68,3.82,3.52,3.48,4.3,3.22,3.44,3.35,4.04,3.21
E0734,Ingeniería Electrónica,2,D,22,17,98,84,23,3,6.5,7.0,Aprobado,4.81,4.3,6.65,5.55,6.39,2.56,5.28,5.09,4.81,5.34,5.7,6.42,6.35,4.81,2.71
E0735,Ingeniería Informática,3,C,28,14,82,59,23,3,4.2,5.7,Aprobado,5.76,3.08,5.78,5.84,5.58,3.49,3.42,4.46,4.02,2.82,4.63,4.62,4.78,3.54,4.66
E0736,Ingeniería Informática,3,B,32,15,86,59,34,0,4.6,5.3,Aprobado,5.36,3.57,6.22,4.99,5.22,3.51,4.71,4.55,5.0,4.75,4.34,5.57,4.41,3.63,5.21
E0737,Ingeniería Electrónica,4,D,31,2,73,62,7,4,4.2,4.1,Aprobado,4.28,4.39,4.73,3.59,3.77,5.5,3.43,4.23,2.87,3.06,3.11,2.7,3.36,4.94,4.98
E0738,Ingeniería en Construcción,1,D,28,8,71,55,14,4,3.6,4.1,Aprobado,4.02,6.4,3.9,4.11,3.61,3.97,4.58,4.48,4.83,4.23,3.16,3.59,3.09,5.33,4.71
E0739,Ingeniería Civil Industrial,1,C,33,12,77,57,11,0,4.9,5.7,Aprobado,3.97,4.33,4.37,4.74,4.56,4.63,4.42,4.05,3.75,2.83,4.9,4.62,4.36,2.17,3.41
E0740,Ingeniería Informática,3,B,33,13,87,61,15,3,4.6,5.5,Aprobado,5.43,5.61,5.29,5.11,5.28,4.31,4.22,5.06,4.98,3.88,5.72,4.75,5.04,3.69,4.24
E0741,Ingeniería Electrónica,2,C,26,14,57,89,16,1,5.7,5.3,Aprobado,5.47,4.85,4.76,5.52,5.11,3.22,6.2,6.88,5.67,6.03,6.17,6.41,5.52,3.59,4.16
E0742,Ingeniería Civil Industrial,4,D,34,5,68,73,14,1,5.2,5.0,Aprobado,3.62,4.5,4.88,4.22,3.65,5.49,3.84,3.36,4.92,3.49,4.66,4.17,4.67,5.62,4.11
E0743,Ingeniería Informática,2,C,27,15,83,98,18,0,4.1,6.5,Aprobado,6.02,4.56,4.83,5.39,5.16,4.19,4.28,5.3,4.66,5.59,5.68,4.87,5.1,2.83,4.97
E0744,Ingeniería Informática,1,A,25,13,70,53,22,6,4.2,4.7,Aprobado,4.68,4.62,5.36,4.49,4.94,3.24,4.37,4.68,4.19,3.58,4.66,4.55,4.15,5.43,3.76
E0745,Ingeniería en Construcción,2,B,30,7,70,61,9,5,4.3,4.8,Aprobado,4.12,5.09,3.84,3.5,4.7,2.78,4.92,5.57,4.83,4.48,3.78,4.21,3.48,5.22,3.52
E0746,Ingeniería Informática,2,D,24,11,69,87,14,1,5.0,4.8,Aprobado,5.23,3.62,6.17,4.71,4.9,3.92,4.33,4.44,5.04,5.8,4.64,5.37,4.62,4.68,4.54
E0747,Ingeniería Informática,3,C,22,13,90,69,26,2,5.4,6.5,Aprobado,4.62,4.51,5.89,4.95,5.9,1.47,4.38,4.84,4.22,4.85,4.3,5.35,5.6,3.01,3.35
E0748,Ingeniería Civil Industrial,3,C,25,6,71,59,7,6,4.6,4.6,Aprobado,3.98,3.13,5.97,4.5,4.94,3.17,4.29,4.27,5.15,3.73,4.66,3.86,4.61,6.33,4.17
E0749,Ingeniería Electrónica,1,A,31,13,94,61,19,2,4.2,4.9,Aprobado,5.1,4.08,5.47,4.92,4.28,4.55,4.08,4.4,5.31,3.64,5.17,4.88,5.1,4.39,4.63
E0750,Ingeniería en Construcción,1,D,26,11,80,73,17,2,3.8,5.1,Aprobado,5.08,4.76,5.91,5.42,5.53,2.11,4.14,4.39,5.0,3.52,4.51,5.18,4.34,3.67,5.03
E0751,Ingeniería Informática,2,D,31,13,70,87,21,2,4.8,5.7,Aprobado,5.98,3.62,5.79,5.84,5.72,3.38,4.1,4.5,5.2,4.14,6.14,6.73,4.94,4.5,4.74
E0752,Ingeniería Civil Industrial,4,B,23,5,86,71,6,2,3.6,4.8,Aprobado,4.58,4.2,4.48,4.25,4.94,4.31,2.57,3.38,4.13,3.47,3.11,2.91,4.19,4.13,5.38
E0753,Ingeniería Informática,2,A,31,11,70,71,17,0,5.7,5.3,Aprobado,6.86,1.94,6.31,5.69,6.43,5.27,4.36,4.65,3.91,3.44,5.12,5.32,5.65,3.29,2.02
E0754,Ingeniería Electrónica,1,D,28,11,73,83,10,2,4.7,5.7,Aprobado,6.03,4.59,5.87,5.48,5.37,4.22,2.74,3.48,3.61,4.09,4.51,3.43,4.84,4.9,4.01
E0755,Ingeniería en Construcción,4,D,28,18,90,75,24,1,4.3,5.5,Aprobado,6.08,4.71,5.07,5.01,5.88,2.51,4.79,4.76,5.23,3.76,5.7,6.9,5.17,3.18,3.99
E0756,Ingeniería Informática,2,C,30,16,81,69,21,0,3.8,5.2,Aprobado,4.59,2.91,5.02,3.65,3.36,3.55,4.24,4.15,3.79,3.03,3.75,3.66,4.37,4.99,4.37
E0757,Ingeniería Civil Industrial,2,A,33,14,79,83,15,0,3.7,4.7,Aprobado,6.83,4.07,6.78,6.29,6.61,5.0,6.11,5.22,5.06,4.19,5.24,5.37,6.0,3.83,3.77
E0758,Ingeniería Electrónica,4,B,22,15,89,71,13,3,5.1,6.3,Aprobado,5.68,3.83,5.79,6.18,5.0,4.75,4.94,4.69,4.42,3.42,5.67,5.1,5.93,4.55,3.38
E0759,Ingeniería Civil Industrial,1,A,34,8,73,68,26,3,4.4,4.6,Aprobado,3.02,4.77,4.81,4.61,3.48,1.44,4.71,3.87,3.96,3.74,4.38,3.5,4.36,2.51,5.34
E0760,Ingeniería Electrónica,1,B,22,18,75,66,24,3,5.1,6.3,Aprobado,6.25,3.39,5.4,5.42,5.57,4.4,4.89,4.45,4.26,3.5,4.49,5.24,4.77,5.6,4.73
E0761,Ingeniería Informática,3,C,32,6,64,71,19,4,5.6,4.3,Aprobado,2.69,5.29,5.06,4.84,4.28,5.01,3.38,4.2,3.98,4.53,4.87,3.75,4.2,3.48,4.49
E0762,Ingeniería Electrónica,2,B,27,15,91,79,17,4,4.9,7.0,Aprobado,7.0,4.28,6.05,7.0,6.75,3.21,2.14,2.37,2.68,1.45,6.55,5.91,6.39,3.77,4.11
E0763,Ingeniería en Construcción,2,D,31,16,77,72,19,1,4.6,4.9,Aprobado,6.01,5.3,6.27,4.81,5.87,2.44,5.45,4.24,5.12,4.27,5.08,6.1,4.94,3.1,3.08
E0764,Ingeniería Civil Industrial,4,D,32,11,68,70,17,2,5.0,5.3,Aprobado,4.02,3.8,3.68,4.4,3.77,3.3,5.26,4.26,5.11,4.18,5.04,4.65,3.69,3.26,3.92
E0765,Ingeniería en Construcción,2,C,30,11,82,39,16,5,5.1,5.5,Aprobado,5.24,4.51,5.81,6.04,5.59,2.46,3.84,4.07,3.39,3.97,4.54,4.34,4.97,4.32,4.52
E0766,Ingeniería Electrónica,4,D,25,11,69,66,13,3,4.6,4.5,Aprobado,4.64,4.5,6.23,5.29,4.7,4.82,4.14,4.15,3.67,3.95,3.92,4.84,5.02,4.87,3.97
E0767,Ingeniería Informática,4,B,29,17,72,72,32,4,4.9,5.0,Aprobado,4.39,4.24,4.47,4.93,4.2,2.47,7.0,5.85,6.56,6.13,5.73,5.29,5.12,5.02,4.28
E0768,Ingeniería en Construcción,3,B,34,8,61,47,7,1,4.1,3.3,Reprobado,4.13,5.02,3.2,3.47,3.03,6.31,2.53,2.85,3.81,3.21,2.55,3.06,3.35,4.74,4.87
E0769,Ingeniería Civil Industrial,1,C,32,4,72,60,17,3,4.1,3.9,Reprobado,2.87,3.43,3.61,3.1,3.32,3.69,5.37,5.61,5.06,4.92,2.79,3.49,3.57,5.76,5.27
E0770,Ingeniería Civil Industrial,1,A,23,9,56,61,15,1,3.2,3.0,Reprobado,1.69,5.94,2.89,2.66,2.67,3.51,4.72,5.32,4.54,4.76,3.87,3.96,3.35,3.44,4.72
E0771,Ingeniería Informática,1,D,30,10,75,76,11,3,6.0,5.2,Aprobado,6.54,5.84,6.08,6.01,6.17,3.69,5.11,5.04,4.71,4.4,4.09,5.18,5.52,4.53,3.77
E0772,Ingeniería en Construcción,1,C,32,10,87,58,8,1,6.6,4.7,Aprobado,3.61,5.44,4.72,4.01,5.48,4.69,3.6,4.0,3.71,2.95,5.22,4.93,4.83,3.18,6.2
E0773,Ingeniería Electrónica,4,C,33,10,64,53,17,0,4.4,3.6,Reprobado,5.51,6.03,4.47,3.51,3.89,4.15,3.68,3.56,4.06,3.08,3.76,3.45,3.47,2.78,2.98
E0774,Ingeniería Electrónica,4,A,28,5,82,58,12,6,4.2,3.6,Reprobado,3.83,4.65,3.97,3.54,3.42,4.3,4.52,4.8,4.17,4.76,3.82,3.65,3.58,5.08,4.41
E0775,Ingeniería Informática,4,C,33,13,74,60,10,2,5.5,5.2,Aprobado,3.99,4.2,4.7,3.55,3.05,2.86,3.75,5.15,4.56,5.26,3.37,3.61,3.37,3.74,3.87
E0776,Ingeniería Informática,3,D,28,6,58,45,2,4,4.5,3.1,Reprobado,4.13,6.57,3.93,2.97,2.89,2.25,3.44,3.31,2.18,2.44,3.25,3.02,3.03,4.84,3.56
E0777,Ingeniería Civil Industrial,2,A,30,8,52,75,10,0,4.0,3.6,Reprobado,3.07,4.46,4.15,2.85,2.61,3.31,4.44,4.02,5.13,4.54,3.49,3.36,3.51,2.02,4.71
E0778,Ingeniería en Construcción,4,A,28,9,91,94,20,3,5.0,5.3,Aprobado,5.51,3.33,6.7,5.27,5.53,4.69,5.61,5.08,5.28,5.12,5.8,5.33,5.1,4.82,2.89
E0779,Ingeniería Electrónica,3,A,33,10,96,57,15,0,5.0,5.0,Aprobado,5.78,3.67,6.07,5.57,5.23,5.36,4.9,4.23,4.07,3.79,4.01,3.73,5.13,4.11,2.65
E0780,Ingeniería Electrónica,1,D,26,12,79,66,11,6,4.7,4.9,Aprobado,4.38,4.12,4.62,4.06,4.86,3.1,5.94,4.74,5.84,4.26,4.34,6.24,4.77,6.18,2.99
E0781,Ingeniería Informática,3,A,24,11,77,82,9,0,5.3,5.3,Aprobado,6.34,3.68,6.84,5.76,6.5,3.66,5.65,5.38,5.43,6.76,4.92,4.91,5.53,1.92,4.65
E0782,Ingeniería Electrónica,2,B,25,12,82,68,16,5,5.1,5.8,Aprobado,4.81,4.04,5.11,4.25,5.64,5.34,6.13,7.0,6.92,7.0,6.35,5.96,4.8,4.07,5.01
E0783,Ingeniería en Construcción,2,D,27,11,76,56,17,4,5.1,5.7,Aprobado,6.04,4.3,6.52,6.11,5.57,3.89,4.72,4.6,4.06,4.46,4.1,4.67,4.51,4.12,4.28
E0784,Ingeniería Civil Industrial,4,B,22,8,84,48,7,1,4.0,4.5,Aprobado,5.35,3.9,5.66,5.47,5.65,4.39,4.28,4.32,4.02,4.74,3.61,4.79,4.45,3.59,3.13
E0785,Ingeniería Informática,2,D,28,3,71,55,16,4,4.4,3.9,Reprobado,4.11,3.99,4.29,3.77,4.18,3.86,2.79,3.16,2.57,2.89,2.56,1.96,3.63,3.81,4.41
E0786,Ingeniería Electrónica,2,A,26,8,78,62,21,2,5.6,4.3,Aprobado,5.06,4.28,4.26,3.87,4.48,3.33,2.59,4.33,4.02,3.03,4.23,3.59,3.85,4.27,3.99
E0787,Ingeniería en Construcción,2,A,25,13,79,80,18,5,4.7,4.9,Aprobado,5.74,3.94,5.44,5.22,6.34,3.98,5.02,5.93,4.99,4.68,5.36,5.32,5.21,5.96,4.29
E0788,Ingeniería Civil Industrial,2,D,22,13,78,57,28,0,3.7,4.5,Aprobado,3.88,4.41,3.96,4.58,3.88,2.08,3.04,2.99,3.39,2.32,4.79,5.02,4.32,3.76,2.52
E0789,Ingeniería Electrónica,1,C,29,13,61,57,19,2,5.4,4.2,Aprobado,5.66,5.62,4.35,3.99,4.2,4.13,4.19,3.97,4.58,4.92,3.81,3.86,3.83,5.01,4.4
E0790,Ingeniería Electrónica,2,D,30,11,70,76,8,3,6.1,5.3,Aprobado,4.07,4.76,4.82,3.97,5.81,3.72,6.47,7.0,6.8,6.55,5.11,5.97,4.58,5.12,4.59
E0791,Ingeniería en Construcción,2,D,34,10,65,59,22,3,5.0,3.9,Reprobado,4.66,5.09,3.84,4.48,4.18,2.16,4.71,4.78,4.4,3.68,4.15,4.06,3.83,5.09,4.33
E0792,Ingeniería Civil Industrial,3,C,31,11,100,75,8,1,4.3,5.9,Aprobado,6.65,4.56,6.66,5.92,5.58,5.95,4.87,4.55,4.46,4.56,5.68,5.23,6.7,4.49,3.88
E0793,Ingeniería Informática,4,B,29,15,79,80,19,0,5.6,5.9,Aprobado,6.09,5.35,6.88,6.63,5.97,4.35,4.6,4.7,5.49,4.9,4.93,4.93,5.11,3.19,5.14
E0794,Ingeniería en Construcción,3,D,32,13,72,54,18,1,6.0,4.7,Aprobado,5.44,4.05,6.21,4.34,4.23,3.93,3.39,2.98,3.57,2.48,3.92,3.7,3.63,4.22,5.26
E0795,Ingeniería Informática,3,D,30,11,78,63,11,5,4.5,4.9,Aprobado,5.12,5.36,4.7,3.9,4.38,3.64,4.05,4.38,3.32,2.87,4.47,3.89,3.79,5.7,2.47
E0796,Ingeniería Civil Industrial,4,D,32,15,83,74,22,5,4.8,6.2,Aprobado,6.26,4.43,5.41,5.21,5.71,4.24,4.52,4.9,5.31,5.76,5.95,6.49,5.81,4.86,3.38
E0797,Ingeniería Civil Industrial,2,C,26,12,59,63,13,5,5.5,5.2,Aprobado,5.3,3.98,5.79,4.17,4.88,3.55,4.05,5.11,4.48,4.91,3.45,3.82,4.4,4.64,3.7
E0798,Ingeniería Civil Industrial,3,B,34,12,72,70,24,3,3.8,6.3,Aprobado,5.56,5.47,6.75,5.83,6.76,3.2,3.89,3.14,4.77,5.58,5.6,4.67,5.33,4.82,4.76
E0799,Ingeniería Electrónica,2,D,34,13,76,57,16,5,3.9,5.0,Aprobado,3.57,4.29,3.86,3.85,4.31,2.74,4.65,5.29,4.31,4.35,5.21,3.79,4.08,5.27,3.1
E0800,Ingeniería Informática,2,C,24,13,66,74,22,3,4.6,6.1,Aprobado,6.14,5.19,5.93,5.96,6.04,3.39,3.54,4.68,4.11,3.63,5.18,5.09,5.86,5.4,4.23
E0801,Ingeniería Informática,2,A,23,12,80,75,7,2,5.2,6.0,Aprobado,6.04,5.41,6.57,5.73,5.84,2.25,4.81,4.24,4.35,6.1,4.75,5.14,5.79,4.45,4.68
E0802,Ingeniería Civil Industrial,3,D,33,11,79,78,19,5,3.5,5.2,Aprobado,5.57,4.64,5.56,5.84,5.18,2.71,6.6,5.36,6.13,6.02,6.41,5.85,6.01,4.39,4.25
E0803,Ingeniería en Construcción,2,D,29,13,67,53,25,2,3.7,3.6,Reprobado,4.35,4.46,4.37,4.86,4.82,4.61,5.59,5.19,5.22,3.78,4.61,4.5,4.93,1.82,5.14
E0804,Ingeniería Electrónica,3,C,23,9,76,75,14,0,6.1,5.3,Aprobado,5.69,2.96,5.83,5.51,5.59,3.3,4.93,5.77,5.93,3.52,5.64,5.94,5.34,3.03,3.39
E0805,Ingeniería en Construcción,2,C,30,6,71,66,16,0,4.9,4.2,Aprobado,4.01,5.12,4.43,4.17,4.16,2.59,5.56,5.71,5.76,4.79,3.9,3.75,4.44,2.1,3.28
E0806,Ingeniería Electrónica,3,A,31,15,85,99,22,2,3.1,5.5,Aprobado,4.81,5.74,5.07,5.9,5.99,4.7,6.21,7.0,6.09,6.7,6.7,6.41,6.01,4.97,4.2
E0807,Ingeniería Informática,3,C,31,13,88,63,12,5,5.2,5.6,Aprobado,5.52,5.84,5.22,4.53,5.32,4.0,4.45,4.68,5.59,2.33,3.98,4.44,4.6,5.94,3.25
E0808,Ingeniería en Construcción,1,C,30,19,100,68,32,2,5.3,6.5,Aprobado,5.46,3.85,6.1,6.73,6.1,1.98,3.88,4.35,3.89,5.15,5.52,6.02,5.84,2.69,5.59
E0809,Ingeniería Electrónica,1,C,26,16,74,85,20,2,6.0,6.2,Aprobado,4.26,4.9,4.27,5.11,4.73,4.37,5.85,5.74,5.61,4.64,5.86,4.78,5.07,3.86,5.08
E0810,Ingeniería Informática,4,A,29,14,77,77,22,4,4.7,4.7,Aprobado,5.63,4.17,6.29,5.92,4.76,4.34,5.42,5.71,5.28,3.7,5.62,5.72,5.79,3.24,4.31
E0811,Ingeniería en Construcción,3,B,28,9,86,70,12,0,4.8,4.8,Aprobado,3.74,4.24,4.67,5.07,4.55,3.1,4.72,3.47,3.53,4.12,4.74,4.5,5.28,3.51,3.61
E0812,Ingeniería Civil Industrial,1,D,24,11,71,73,18,0,5.2,4.5,Aprobado,4.81,4.02,5.02,5.16,4.37,4.2,4.75,5.23,5.58,4.67,3.75,4.62,5.5,3.17,4.29
E0813,Ingeniería en Construcción,3,A,31,8,67,60,11,3,5.2,3.4,Reprobado,5.36,4.65,6.19,5.36,4.6,4.57,3.61,4.75,4.33,3.13,4.33,4.07,4.33,2.94,5.33
E0814,Ingeniería Informática,2,C,22,7,82,48,4,1,4.5,3.9,Reprobado,4.68,4.98,4.48,3.88,4.17,4.33,4.59,5.44,3.59,3.9,4.14,3.52,3.44,1.8,6.03
E0815,Ingeniería en Construcción,2,C,22,8,74,63,13,1,5.5,4.0,Aprobado,5.43,4.11,6.09,4.62,4.66,2.22,2.58,3.73,3.16,2.2,3.11,3.0,3.71,3.75,4.32
E0816,Ingeniería Civil Industrial,3,C,29,6,77,56,16,0,4.4,3.9,Reprobado,3.69,3.49,4.96,4.24,3.13,3.96,4.6,4.64,4.48,4.22,4.97,3.64,5.0,1.6,4.23
E0817,Ingeniería Civil Industrial,1,D,28,8,79,62,10,0,5.2,4.8,Aprobado,5.22,4.14,5.71,5.13,4.43,4.75,4.78,5.87,5.18,6.27,3.1,3.65,5.06,3.4,5.58
E0818,Ingeniería Civil Industrial,1,A,25,19,75,73,29,0,4.9,6.0,Aprobado,6.38,4.09,6.0,5.56,5.5,3.93,4.07,4.21,5.03,3.78,4.77,5.09,5.52,2.15,4.82
E0819,Ingeniería Electrónica,1,A,27,11,65,75,21,3,4.5,4.8,Aprobado,4.56,3.43,4.5,5.64,5.11,3.04,5.86,4.36,4.72,5.25,5.91,5.81,5.15,3.68,4.26
E0820,Ingeniería Civil Industrial,1,B,24,10,61,74,21,1,3.8,4.7,Aprobado,3.64,4.16,4.05,3.84,4.67,2.75,5.66,4.32,3.82,3.71,3.86,4.93,4.26,3.52,5.86
E0821,Ingeniería en Construcción,1,D,34,17,73,93,25,2,5.4,6.4,Aprobado,4.55,5.03,4.93,4.17,4.69,2.21,5.04,5.21,5.29,5.51,6.11,6.27,5.23,4.84,4.2
E0822,Ingeniería en Construcción,2,D,31,7,72,76,16,1,4.7,4.9,Aprobado,5.88,4.73,5.45,4.99,4.69,3.48,3.88,3.16,2.79,3.27,4.46,4.16,4.59,2.72,3.86
E0823,Ingeniería Civil Industrial,3,C,25,9,82,63,12,1,4.6,4.7,Aprobado,5.15,4.42,5.04,4.87,4.33,4.73,4.78,5.56,4.2,3.84,3.94,4.24,4.82,3.59,4.41
E0824,Ingeniería Civil Industrial,4,B,24,9,61,73,16,3,5.6,4.7,Aprobado,5.37,3.49,5.85,5.59,6.5,1.35,3.84,4.19,3.58,3.3,4.37,5.68,4.29,4.01,3.57
E0825,Ingeniería Electrónica,2,A,34,13,65,77,23,0,3.7,4.7,Aprobado,5.39,5.0,5.39,5.69,4.6,5.26,3.92,4.67,3.86,2.52,5.23,4.28,4.86,5.11,4.77
E0826,Ingeniería Electrónica,1,C,22,10,63,65,7,0,3.9,3.4,Reprobado,2.5,3.06,3.82,3.57,3.12,4.58,3.69,4.29,4.76,4.51,3.99,4.01,3.86,3.99,4.2
E0827,Ingeniería Electrónica,1,D,27,10,65,35,13,0,4.6,3.8,Reprobado,4.95,5.49,4.81,3.79,4.68,4.57,3.42,4.43,4.49,4.27,2.83,2.69,4.03,1.56,4.19
E0828,Ingeniería Civil Industrial,1,C,34,11,72,72,16,3,4.7,5.2,Aprobado,7.0,4.34,7.0,5.74,6.72,6.05,5.66,4.89,4.2,3.4,4.42,4.68,5.99,4.51,4.25
E0829,Ingeniería en Construcción,3,A,33,11,74,75,20,2,4.1,4.9,Aprobado,4.58,4.94,5.78,4.33,4.57,4.65,4.46,5.3,4.58,5.45,4.3,4.63,5.41,4.41,3.39
E0830,Ingeniería Electrónica,4,D,34,12,66,70,18,0,3.9,4.5,Aprobado,3.49,4.39,4.35,3.52,3.41,5.46,3.03,2.53,3.26,2.81,4.36,4.4,3.95,2.8,4.54
E0831,Ingeniería Civil Industrial,3,A,26,13,88,81,15,1,4.0,5.8,Aprobado,5.81,6.46,5.93,6.05,6.05,3.85,4.79,6.56,6.45,5.0,5.6,4.46,5.85,3.26,5.07
E0832,Ingeniería en Construcción,4,B,32,10,86,58,15,1,5.2,6.2,Aprobado,5.64,2.1,5.98,4.6,5.33,2.35,4.91,4.24,5.4,4.14,4.43,4.5,5.31,2.9,3.4
E0833,Ingeniería Civil Industrial,1,C,26,20,70,78,27,3,4.0,6.0,Aprobado,6.05,4.38,5.55,5.33,4.92,3.82,5.1,4.39,6.45,4.67,5.43,7.0,4.89,4.73,5.83
E0834,Ingeniería Electrónica,2,A,23,11,66,66,13,0,4.2,3.3,Reprobado,3.58,3.98,3.18,3.62,3.82,3.25,6.46,6.54,6.53,7.0,5.27,4.78,4.14,3.64,2.35
E0835,Ingeniería Informática,1,D,33,10,67,56,23,2,3.7,3.6,Reprobado,5.01,4.68,4.55,3.76,3.88,2.13,5.06,4.5,4.14,4.79,4.01,4.26,3.9,5.11,4.17
E0836,Ingeniería en Construcción,2,C,23,9,73,66,23,1,4.4,5.7,Aprobado,5.79,4.03,6.41,5.49,5.0,3.51,3.08,1.74,2.21,4.18,3.64,4.79,4.85,3.37,1.77
E0837,Ingeniería en Construcción,3,C,30,18,84,90,25,1,5.0,7.0,Aprobado,6.78,5.21,6.13,7.0,6.3,3.48,4.46,4.52,4.15,4.72,6.16,6.31,6.04,3.87,3.95
E0838,Ingeniería Informática,4,C,29,4,70,57,1,2,3.9,2.7,Reprobado,2.92,4.24,2.51,2.97,3.15,3.99,5.32,4.97,5.1,4.81,3.63,3.05,2.44,3.42,5.21
E0839,Ingeniería Electrónica,2,B,22,20,77,74,27,0,5.4,5.1,Aprobado,6.82,4.89,6.59,6.0,5.04,4.56,7.0,6.14,6.72,6.96,6.97,6.42,4.81,2.39,4.41
E0840,Ingeniería en Construcción,4,B,29,16,87,74,12,3,4.5,5.5,Aprobado,5.33,6.23,5.51,5.8,4.68,4.84,4.74,4.9,4.43,4.44,4.87,5.89,5.11,4.91,3.1
E0841,Ingeniería en Construcción,2,D,26,12,63,66,23,3,3.8,3.7,Reprobado,4.81,3.08,5.32,4.07,3.47,2.53,3.77,4.39,3.21,4.41,4.44,3.9,3.75,5.01,4.61
E0842,Ingeniería Electrónica,4,C,34,15,98,83,26,0,4.6,6.9,Aprobado,5.09,5.1,5.93,5.14,4.92,2.84,3.67,4.45,4.73,4.46,5.59,5.3,5.73,3.32,4.26
E0843,Ingeniería Civil Industrial,1,A,25,19,95,86,18,4,3.9,6.3,Aprobado,6.58,5.96,7.0,6.43,7.0,5.89,6.08,6.61,7.0,6.24,6.12,5.17,6.67,4.64,3.52
E0844,Ingeniería en Construcción,3,B,34,11,73,71,22,2,3.5,4.7,Aprobado,6.29,4.88,6.7,5.78,5.38,3.15,4.42,4.9,4.76,4.04,4.27,4.35,5.18,4.75,5.33
E0845,Ingeniería en Construcción,2,A,26,7,68,67,22,0,3.8,3.9,Reprobado,4.86,3.52,5.11,4.1,4.19,3.42,4.62,3.98,4.57,4.67,3.65,3.53,4.24,3.21,4.16
E0846,Ingeniería en Construcción,1,D,22,15,84,73,14,5,4.8,5.8,Aprobado,4.56,3.71,6.15,4.57,4.99,2.56,6.15,5.64,5.25,4.42,4.83,5.07,5.31,5.49,3.96
E0847,Ingeniería en Construcción,3,A,26,13,86,61,15,2,5.0,5.7,Aprobado,5.16,4.44,5.55,5.16,4.79,2.86,3.91,3.55,5.29,3.55,5.03,5.16,6.09,3.76,5.61
E0848,Ingeniería Electrónica,3,B,31,13,79,66,23,4,4.4,5.5,Aprobado,6.24,6.64,6.22,4.79,5.15,4.24,3.14,3.79,4.86,3.11,4.21,4.75,5.76,3.9,4.13
E0849,Ingeniería Electrónica,2,D,23,10,65,82,12,0,3.9,4.6,Aprobado,4.15,3.45,4.49,5.1,5.31,4.31,5.49,6.04,5.5,7.0,5.87,4.21,4.61,2.27,5.02
E0850,Ingeniería Informática,3,D,29,15,46,80,22,0,3.6,5.0,Aprobado,5.46,4.79,4.71,5.8,5.09,1.99,5.3,5.26,4.37,5.19,4.52,4.42,4.41,3.98,5.08
E0851,Ingeniería Informática,4,C,28,14,67,68,21,4,4.2,5.8,Aprobado,4.25,5.61,4.66,4.5,4.78,2.51,3.03,4.4,4.78,4.36,4.44,5.05,4.18,2.0,4.36
E0852,Ingeniería Informática,2,A,31,14,67,51,14,1,4.5,4.8,Aprobado,5.45,4.32,5.33,5.52,4.85,3.86,7.0,6.29,6.28,5.44,5.14,6.82,5.58,4.0,3.71
E0853,Ingeniería Electrónica,4,A,34,8,60,60,8,1,5.9,4.4,Aprobado,3.08,4.52,3.67,3.2,3.62,1.1,5.05,5.1,4.22,5.0,3.55,3.51,3.62,4.81,2.78
E0854,Ingeniería Civil Industrial,1,D,30,14,83,69,28,6,4.5,4.9,Aprobado,4.28,2.69,4.63,5.09,5.66,3.26,5.39,4.56,4.89,5.22,4.57,4.3,4.5,6.29,4.6
E0855,Ingeniería Civil Industrial,1,C,28,13,63,74,17,1,3.2,4.6,Aprobado,5.21,5.25,5.09,5.14,4.7,3.66,2.85,3.01,3.26,3.3,4.99,4.5,4.75,3.02,2.77
E0856,Ingeniería en Construcción,3,B,30,14,79,53,17,3,4.8,5.0,Aprobado,4.38,2.1,5.98,4.16,5.77,4.43,4.44,4.29,5.51,4.68,5.13,4.89,4.82,5.43,3.88
E0857,Ingeniería Civil Industrial,2,C,28,17,83,84,31,3,3.5,5.3,Aprobado,4.85,4.12,4.32,4.81,4.16,2.18,3.64,4.71,4.53,4.34,5.72,5.07,5.08,4.63,4.55
E0858,Ingeniería en Construcción,2,A,34,14,78,64,28,3,3.9,4.7,Aprobado,4.47,6.55,4.39,5.07,5.34,4.69,5.02,6.9,5.12,6.0,4.95,4.35,5.58,3.4,5.18
E0859,Ingeniería Civil Industrial,2,B,22,11,85,70,19,1,5.9,4.9,Aprobado,5.87,4.16,5.35,5.67,4.83,1.0,5.1,5.54,4.75,3.38,4.95,3.89,5.4,3.75,3.95
E0860,Ingeniería Electrónica,3,C,23,14,86,57,22,3,6.1,5.4,Aprobado,4.6,3.37,4.63,4.18,4.93,3.56,5.61,5.65,4.75,5.62,4.12,4.25,4.48,5.23,3.51
E0861,Ingeniería Informática,3,C,22,18,92,71,24,4,4.5,4.9,Aprobado,5.75,6.33,6.02,5.82,4.68,3.3,4.26,4.26,4.3,2.88,5.13,6.26,4.46,5.07,4.07
E0862,Ingeniería en Construcción,3,A,24,13,65,83,8,5,4.3,4.0,Aprobado,4.41,4.4,5.09,4.47,2.98,3.91,4.96,5.42,4.6,3.56,4.56,4.81,4.25,5.47,2.11
E0863,Ingeniería Informática,4,D,22,15,72,71,17,2,4.4,5.1,Aprobado,5.98,5.55,6.3,5.41,6.11,3.54,3.63,3.5,4.06,3.63,4.49,5.72,5.0,3.88,3.67
E0864,Ingeniería Informática,2,A,34,9,87,63,13,0,3.7,4.9,Aprobado,5.25,4.41,5.59,4.96,5.09,3.84,6.05,5.27,5.08,4.37,5.13,4.44,4.52,3.55,3.97
E0865,Ingeniería Electrónica,4,D,33,10,78,70,23,1,4.4,5.6,Aprobado,3.25,5.29,4.15,4.32,2.98,1.77,4.82,5.96,4.94,4.62,5.06,3.97,4.41,4.5,4.13
E0866,Ingeniería Electrónica,1,C,22,15,90,62,24,0,6.0,6.2,Aprobado,5.11,5.72,5.87,5.6,4.93,1.23,4.95,5.05,5.09,4.1,4.03,4.44,5.45,3.05,4.31
E0867,Ingeniería Civil Industrial,2,A,33,14,88,67,27,3,5.3,6.7,Aprobado,7.0,4.87,6.29,6.91,6.76,1.89,4.82,5.98,5.4,4.96,5.98,6.43,6.36,3.34,4.21
E0868,Ingeniería Civil Industrial,4,B,25,6,89,53,12,3,3.0,4.8,Aprobado,4.84,5.5,5.33,4.09,3.18,4.96,3.83,3.22,2.43,2.41,2.89,3.71,4.51,4.72,3.11
E0869,Ingeniería Informática,3,A,25,10,72,50,11,1,6.1,4.9,Aprobado,3.98,6.23,3.82,4.68,3.79,1.67,2.7,3.55,3.47,3.54,4.23,3.94,3.7,3.42,2.41
E0870,Ingeniería en Construcción,2,C,30,12,65,67,17,0,5.4,5.6,Aprobado,4.77,3.95,5.01,6.03,4.92,2.73,5.88,5.83,4.58,4.12,4.71,4.32,5.2,3.43,4.48
E0871,Ingeniería Informática,4,C,34,13,72,63,27,3,4.9,5.0,Aprobado,5.25,3.94,5.97,5.69,5.66,5.96,4.23,6.43,5.29,4.07,5.3,6.32,5.2,4.06,3.14
E0872,Ingeniería Civil Industrial,2,D,25,8,81,87,18,3,4.3,5.1,Aprobado,4.65,5.09,4.49,3.69,4.89,3.23,5.35,6.17,5.17,5.43,4.64,5.15,5.06,2.94,2.86
E0873,Ingeniería Electrónica,3,B,26,9,79,60,13,5,5.2,6.0,Aprobado,5.77,6.66,5.51,5.45,5.12,4.18,3.87,4.93,3.96,5.21,4.58,4.62,5.31,4.11,3.5
E0874,Ingeniería en Construcción,2,B,33,12,66,61,23,3,4.7,5.1,Aprobado,4.32,4.69,2.93,3.44,3.63,1.0,3.72,5.49,4.15,5.29,3.4,4.47,4.28,5.01,4.28
E0875,Ingeniería Informática,2,A,26,9,73,63,8,2,4.3,4.1,Aprobado,4.0,5.05,4.25,2.98,4.82,2.49,2.93,3.98,3.19,2.59,3.28,3.59,4.11,4.96,3.96
E0876,Ingeniería en Construcción,2,D,30,14,88,83,16,2,4.2,6.4,Aprobado,5.86,4.64,6.93,6.02,6.03,3.53,6.97,6.89,7.0,6.26,5.67,5.58,6.42,2.74,3.48
E0877,Ingeniería Civil Industrial,1,D,27,18,86,85,28,4,5.7,6.6,Aprobado,4.86,4.86,4.96,5.42,4.29,2.14,5.68,5.69,6.29,4.26,7.0,6.79,5.72,4.25,4.03
E0878,Ingeniería Informática,3,B,25,16,63,73,29,2,4.6,4.8,Aprobado,4.65,5.77,5.91,4.98,5.11,4.97,5.63,5.91,5.53,5.31,4.89,5.89,5.55,3.9,4.32
E0879,Ingeniería en Construcción,4,B,32,8,69,68,17,3,4.9,3.9,Reprobado,4.26,3.8,5.53,3.98,4.65,6.09,3.41,5.35,3.96,3.63,3.92,4.41,4.53,4.79,3.65
E0880,Ingeniería en Construcción,2,D,33,9,83,82,23,1,4.7,6.1,Aprobado,6.8,4.12,6.24,5.76,5.88,4.49,4.28,5.44,4.9,2.96,5.65,5.17,5.55,4.01,5.58
E0881,Ingeniería Civil Industrial,2,B,27,12,72,72,22,6,4.2,5.1,Aprobado,6.36,4.12,6.06,5.05,6.49,3.03,4.74,4.41,4.77,4.29,5.4,5.11,4.96,5.76,4.92
E0882,Ingeniería Electrónica,1,B,32,15,75,74,28,3,4.8,5.3,Aprobado,4.7,5.41,4.67,4.3,4.98,3.25,6.3,5.6,6.8,5.54,4.14,5.34,4.65,3.82,4.27
E0883,Ingeniería Civil Industrial,2,A,33,18,77,73,24,2,5.5,5.5,Aprobado,4.32,6.47,5.2,5.68,5.08,4.35,6.17,7.0,6.42,6.34,5.75,5.87,5.1,3.38,5.92
E0884,Ingeniería Civil Industrial,2,B,22,9,70,66,23,1,3.8,5.4,Aprobado,5.65,5.24,5.63,4.95,4.81,4.14,3.81,4.54,4.34,2.25,5.36,3.98,4.45,4.11,4.05
E0885,Ingeniería en Construcción,4,A,34,14,85,52,21,4,4.3,4.2,Aprobado,3.27,5.79,3.51,3.48,3.66,3.45,3.35,4.11,3.9,3.35,3.2,3.56,3.97,3.49,4.98
E0886,Ingeniería Electrónica,3,C,28,9,56,58,14,5,4.1,4.1,Aprobado,2.86,4.43,4.15,3.31,3.04,2.62,4.35,5.62,4.73,4.15,3.36,3.87,3.0,4.64,3.38
E0887,Ingeniería Electrónica,1,A,23,3,62,49,4,1,3.8,2.7,Reprobado,2.26,4.91,3.7,3.12,3.3,4.59,3.87,4.4,4.08,3.28,3.19,3.83,3.61,3.98,3.61
E0888,Ingeniería Informática,2,A,31,16,75,44,18,2,4.0,4.3,Aprobado,5.48,5.12,5.28,4.92,4.41,3.2,5.19,5.29,5.92,5.69,4.74,5.24,4.76,4.6,2.81
E0889,Ingeniería Civil Industrial,2,A,29,18,84,86,23,5,4.6,5.8,Aprobado,5.95,5.5,6.38,5.96,5.52,4.57,5.14,5.14,5.55,6.47,6.43,6.85,5.49,5.42,5.51
E0890,Ingeniería Civil Industrial,4,A,26,16,67,68,25,4,4.9,6.3,Aprobado,4.75,4.73,5.73,6.48,5.09,3.95,4.67,4.89,4.48,4.28,5.59,6.59,5.85,4.46,4.51
E0891,Ingeniería Informática,1,B,26,11,72,68,19,0,4.1,4.2,Aprobado,3.6,5.47,4.23,4.33,3.91,5.27,3.58,3.86,3.6,3.33,3.31,3.64,4.08,2.68,3.36
E0892,Ingeniería Civil Industrial,3,D,28,15,86,71,22,2,5.5,5.8,Aprobado,5.17,3.49,5.8,5.24,5.94,1.3,2.95,3.24,5.03,2.74,5.0,4.92,4.54,5.06,4.57
E0893,Ingeniería Informática,3,B,26,15,84,62,27,0,5.1,5.7,Aprobado,5.86,3.77,6.72,6.29,5.24,3.83,4.61,5.4,5.04,3.49,4.87,5.22,5.06,4.04,4.36
E0894,Ingeniería Electrónica,1,A,25,15,95,79,28,1,5.3,6.5,Aprobado,6.79,4.0,6.55,6.2,6.46,4.73,4.0,4.38,4.41,2.84,5.41,5.63,6.52,4.71,3.98
E0895,Ingeniería Civil Industrial,1,D,25,9,62,54,12,2,4.0,4.1,Aprobado,3.09,4.5,3.31,2.82,3.0,4.26,6.12,5.6,5.8,5.26,3.92,4.38,3.41,3.64,3.64
E0896,Ingeniería Civil Industrial,2,C,32,14,74,66,28,4,3.0,4.5,Aprobado,3.39,3.32,6.15,4.42,3.62,4.42,4.21,3.79,4.37,5.1,3.48,4.33,3.95,3.67,5.01
E0897,Ingeniería en Construcción,1,A,33,7,71,63,13,5,5.3,3.7,Reprobado,4.24,5.7,5.12,3.3,4.65,3.28,5.26,4.73,5.24,4.23,4.96,4.05,4.21,5.61,5.07
E0898,Ingeniería en Construcción,1,D,33,10,77,72,21,3,3.8,4.2,Aprobado,5.3,3.91,5.55,4.59,3.78,5.03,5.5,5.45,4.8,4.39,4.67,4.74,4.85,3.29,4.29
E0899,Ingeniería Electrónica,1,D,23,12,65,63,7,3,4.3,5.2,Aprobado,5.43,5.9,5.05,4.95,5.31,1.96,6.06,4.56,4.93,5.37,5.0,5.52,4.59,3.64,2.81
E0900,Ingeniería Civil Industrial,1,D,29,17,83,72,28,0,5.0,5.3,Aprobado,4.38,4.87,6.53,5.57,5.21,4.15,5.9,4.73,4.9,5.3,5.77,4.86,5.68,4.54,3.55
E0901,Ingeniería Informática,1,D,26,10,82,65,12,2,4.7,5.7,Aprobado,5.55,5.43,6.17,5.0,4.49,1.67,6.36,6.4,5.47,6.42,4.65,4.68,5.14,4.19,3.71
E0902,Ingeniería Civil Industrial,2,C,34,11,70,64,28,3,5.2,5.4,Aprobado,4.69,4.83,6.11,4.64,4.41,3.69,4.47,4.75,3.89,4.2,4.56,4.94,4.8,5.95,4.73
E0903,Ingeniería en Construcción,3,A,26,13,78,98,25,2,4.2,5.9,Aprobado,6.77,6.2,5.6,5.43,5.5,5.17,4.67,4.78,4.75,3.55,4.73,5.32,5.49,4.38,4.54
E0904,Ingeniería Informática,2,B,34,12,83,77,21,0,4.9,6.2,Aprobado,5.39,4.49,6.14,6.28,5.75,1.86,5.86,5.88,5.35,6.02,4.55,5.52,5.69,4.08,2.27
E0905,Ingeniería en Construcción,3,A,31,6,68,51,7,4,4.7,4.1,Aprobado,5.01,5.24,4.94,4.83,4.47,3.61,5.81,5.03,4.24,4.91,3.8,4.07,3.95,5.07,5.05
E0906,Ingeniería Informática,1,C,23,9,60,64,14,3,3.9,4.3,Aprobado,5.03,3.43,5.82,4.41,3.69,3.55,2.77,2.95,3.18,3.26,2.57,3.81,4.11,3.84,4.76
E0907,Ingeniería en Construcción,4,D,23,15,63,66,22,0,4.8,4.3,Aprobado,3.66,6.05,4.45,3.75,4.1,3.32,4.08,4.54,3.58,3.68,4.27,4.46,3.8,3.39,3.41
E0908,Ingeniería Civil Industrial,2,D,22,8,73,72,6,1,3.8,3.8,Reprobado,3.61,3.57,4.43,3.97,4.79,5.04,4.68,6.26,4.69,5.3,4.03,3.25,3.78,4.14,4.37
E0909,Ingeniería Electrónica,2,A,29,7,88,61,13,1,5.4,5.5,Aprobado,5.03,4.35,4.74,4.1,4.85,3.86,5.08,4.41,4.85,4.81,4.44,4.18,4.99,3.69,4.98
E0910,Ingeniería Electrónica,1,B,32,17,80,63,16,2,4.4,5.1,Aprobado,5.07,4.78,5.72,4.45,5.22,4.09,4.69,4.75,4.12,5.37,3.89,4.93,4.57,4.62,3.6
E0911,Ingeniería en Construcción,4,A,31,12,61,52,21,1,5.5,4.3,Aprobado,4.85,4.95,5.44,5.47,4.94,3.85,4.47,4.37,3.44,3.02,3.39,4.61,4.54,3.43,4.53
E0912,Ingeniería Electrónica,1,A,33,8,98,60,12,1,4.6,5.8,Aprobado,6.16,4.67,6.98,5.19,5.56,2.09,3.08,4.36,3.27,2.98,4.38,3.97,5.67,4.13,5.37
E0913,Ingeniería Informática,2,B,33,13,89,60,25,4,4.4,4.9,Aprobado,5.73,4.59,5.28,4.8,4.31,3.56,5.12,4.19,3.67,2.96,4.29,3.97,4.77,4.22,5.41
E0914,Ingeniería Civil Industrial,2,C,32,9,53,72,13,3,3.8,4.5,Aprobado,3.54,4.56,4.12,3.67,3.74,3.26,4.55,3.76,4.35,5.06,4.13,3.97,3.11,4.74,4.87
E0915,Ingeniería Electrónica,2,A,33,11,88,82,23,1,3.8,4.4,Aprobado,6.46,3.7,7.0,6.04,5.61,7.0,4.1,4.12,4.42,4.3,5.02,5.04,5.88,4.2,3.5
E0916,Ingeniería en Construcción,1,A,24,15,84,100,13,0,6.8,7.0,Aprobado,6.33,5.12,7.0,5.94,7.0,2.68,6.69,6.81,6.2,5.97,7.0,6.34,7.0,3.5,5.42
E0917,Ingeniería en Construcción,1,A,32,9,90,74,8,0,4.7,5.4,Aprobado,5.24,3.92,5.63,5.63,4.91,2.07,3.93,4.29,4.59,4.3,4.55,3.8,5.32,4.2,3.94
E0918,Ingeniería Electrónica,2,A,23,19,90,71,23,3,6.0,5.9,Aprobado,5.55,4.82,5.77,5.27,4.83,4.49,3.42,4.89,4.09,4.6,4.84,6.18,6.21,6.41,4.29
E0919,Ingeniería en Construcción,4,D,22,13,61,74,15,4,4.2,4.9,Aprobado,5.48,4.14,5.42,5.22,4.71,3.16,4.37,4.22,3.5,3.72,4.64,4.63,4.63,4.35,3.82
E0920,Ingeniería Civil Industrial,2,C,34,10,82,77,17,4,4.1,4.7,Aprobado,6.28,3.74,5.31,4.53,5.31,4.75,4.73,4.67,4.41,3.87,5.32,3.88,4.82,4.19,5.8
E0921,Ingeniería Informática,2,C,27,7,74,62,17,1,4.7,5.0,Aprobado,5.54,5.02,4.99,4.87,5.03,2.65,3.85,5.08,4.7,4.11,4.41,3.45,4.15,4.13,3.83
E0922,Ingeniería Electrónica,1,D,24,14,59,63,13,2,3.9,4.9,Aprobado,5.09,6.12,5.72,4.69,4.05,3.35,3.09,4.01,4.01,3.46,4.15,4.28,4.47,3.87,3.65
E0923,Ingeniería Informática,3,D,34,12,75,77,28,1,3.5,4.0,Aprobado,5.48,5.64,4.96,4.4,4.24,4.58,5.47,6.36,5.63,4.92,4.96,5.02,4.58,2.77,3.59
E0924,Ingeniería Electrónica,3,C,24,9,53,58,15,1,4.6,4.5,Aprobado,3.79,2.74,4.77,4.32,4.51,2.33,3.27,3.02,3.95,3.62,4.53,4.06,3.99,4.63,5.86
E0925,Ingeniería Civil Industrial,1,B,24,17,77,76,30,3,5.6,5.7,Aprobado,5.08,5.02,5.79,5.02,5.03,3.51,4.64,4.89,4.76,3.45,6.19,5.54,5.78,4.77,3.38
E0926,Ingeniería en Construcción,4,C,26,18,81,78,26,0,6.4,7.0,Aprobado,5.64,3.7,6.78,6.11,5.67,2.71,4.12,4.13,4.68,4.06,6.22,6.32,5.81,3.49,5.13
E0927,Ingeniería en Construcción,2,B,30,15,78,67,19,3,4.7,5.7,Aprobado,4.76,5.11,5.13,3.9,4.59,1.25,5.22,4.84,4.26,4.0,3.56,4.73,4.26,3.48,4.66
E0928,Ingeniería Civil Industrial,4,D,27,11,76,81,21,5,5.0,4.6,Aprobado,4.2,4.99,3.93,4.64,4.05,6.53,6.5,5.63,5.78,5.74,5.17,4.09,4.8,3.87,5.7
E0929,Ingeniería Electrónica,1,C,31,14,63,75,17,0,5.0,4.9,Aprobado,4.18,3.18,4.87,4.16,3.9,1.31,4.45,3.89,3.96,3.56,4.56,4.82,4.23,3.38,3.92
E0930,Ingeniería Electrónica,1,B,23,11,88,72,21,0,4.7,6.1,Aprobado,5.01,4.32,5.26,5.32,5.83,3.7,4.01,5.61,5.0,5.61,5.36,4.97,5.55,1.0,3.18
E0931,Ingeniería en Construcción,2,A,25,16,91,79,28,2,5.0,6.6,Aprobado,5.37,3.8,6.15,6.02,6.19,4.15,6.06,5.22,5.79,4.63,5.96,7.0,6.14,4.89,5.18
E0932,Ingeniería Electrónica,3,A,25,8,74,53,20,3,6.3,5.3,Aprobado,5.51,5.17,6.06,4.79,4.6,3.46,2.34,4.42,4.02,3.23,3.65,4.69,4.25,5.53,5.69
E0933,Ingeniería Civil Industrial,3,A,30,14,74,69,20,2,4.7,5.2,Aprobado,4.81,4.89,5.54,5.31,4.32,3.24,4.16,4.6,4.46,6.03,4.37,4.24,4.17,3.64,5.46
E0934,Ingeniería Informática,2,B,34,10,76,63,6,3,5.3,4.7,Aprobado,4.45,5.14,4.97,4.98,4.69,4.74,5.26,6.18,5.62,5.41,5.14,4.64,4.25,3.11,4.1
E0935,Ingeniería Informática,4,B,31,6,76,70,10,1,4.0,4.4,Aprobado,3.61,4.67,3.49,2.65,3.51,3.4,3.45,2.75,3.05,3.45,2.96,2.96,3.35,4.41,3.81
E0936,Ingeniería Informática,2,A,31,16,80,81,24,0,4.2,6.0,Aprobado,5.46,5.15,5.67,5.31,5.53,2.58,5.32,5.98,5.7,5.31,5.0,5.48,5.34,3.3,4.5
E0937,Ingeniería Electrónica,4,C,28,13,83,68,16,0,4.4,4.9,Aprobado,6.3,4.8,5.99,5.58,5.56,3.59,4.8,3.98,4.28,3.96,4.65,5.07,5.27,3.33,4.61
E0938,Ingeniería en Construcción,1,D,29,11,62,61,23,1,4.3,5.5,Aprobado,3.61,5.98,4.46,4.35,4.71,1.72,5.02,5.46,5.21,4.91,4.46,4.96,3.99,5.1,3.24
E0939,Ingeniería Informática,1,A,30,13,91,73,16,2,5.4,5.8,Aprobado,4.85,5.71,5.39,5.26,5.28,2.65,3.29,4.88,4.8,4.46,5.74,5.31,4.75,3.07,4.71
E0940,Ingeniería Informática,1,B,22,8,78,72,15,4,4.6,5.2,Aprobado,5.62,6.22,5.96,4.94,5.26,4.95,4.96,4.78,5.05,3.92,4.35,4.12,4.84,3.75,3.97
E0941,Ingeniería Civil Industrial,1,D,31,19,73,92,34,1,5.1,5.8,Aprobado,5.54,4.4,5.83,5.11,5.22,4.25,5.54,4.78,4.2,5.91,6.21,5.32,6.09,2.42,4.67
E0942,Ingeniería Civil Industrial,4,D,32,15,66,71,21,3,5.3,5.0,Aprobado,4.39,5.11,3.74,4.27,4.52,4.32,4.41,4.33,3.42,4.73,4.43,5.46,4.14,4.53,4.45
E0943,Ingeniería Civil Industrial,3,D,32,17,93,67,21,2,3.5,4.9,Aprobado,4.2,5.13,4.96,3.76,4.11,3.97,6.05,6.18,6.47,6.45,4.72,6.32,5.18,5.47,3.6
E0944,Ingeniería Electrónica,4,B,28,14,78,64,9,4,5.6,5.9,Aprobado,4.58,3.48,5.65,4.6,5.4,1.51,5.39,5.65,4.08,5.91,5.01,4.75,4.64,4.12,4.38
E0945,Ingeniería Electrónica,1,B,31,14,80,98,17,1,5.8,7.0,Aprobado,6.72,4.27,6.94,6.94,6.3,3.44,4.73,4.47,5.63,4.87,6.2,6.29,6.55,3.35,2.59
E0946,Ingeniería Civil Industrial,3,D,28,10,78,60,13,3,5.0,5.0,Aprobado,5.46,6.26,5.56,4.76,4.26,4.61,4.58,4.59,4.32,4.19,3.98,3.21,3.97,4.96,3.77
E0947,Ingeniería Civil Industrial,3,A,31,11,97,60,18,1,5.0,5.1,Aprobado,4.36,3.5,5.15,4.18,4.41,3.46,2.79,3.21,3.57,2.23,3.47,4.16,5.39,3.95,4.51
E0948,Ingeniería en Construcción,2,C,30,9,80,63,14,4,4.3,5.1,Aprobado,5.49,5.59,6.31,5.04,5.1,3.32,3.26,3.49,4.03,3.18,3.92,3.92,5.08,4.78,3.56
E0949,Ingeniería Informática,1,D,34,10,56,75,18,2,4.9,3.6,Reprobado,6.11,3.92,5.8,5.38,5.2,4.64,3.35,4.22,4.41,3.5,4.39,5.12,4.76,4.72,4.99
E0950,Ingeniería Civil Industrial,1,D,27,13,75,53,27,4,4.1,4.4,Aprobado,4.93,6.02,4.87,4.3,4.58,4.17,3.36,3.92,3.69,3.02,3.68,3.27,4.89,4.19,4.01
E0951,Ingeniería Electrónica,4,D,33,14,71,68,24,2,4.9,5.0,Aprobado,3.7,4.25,4.04,3.67,3.57,2.14,5.02,4.12,4.53,4.42,3.11,4.11,3.95,3.13,5.57
E0952,Ingeniería Electrónica,1,A,28,14,85,66,22,2,4.8,4.8,Aprobado,6.16,6.48,5.46,5.77,5.49,2.52,4.44,4.25,3.34,3.99,5.07,4.87,4.69,2.4,4.93
E0953,Ingeniería Electrónica,1,A,30,15,85,79,25,5,4.9,5.5,Aprobado,5.87,6.22,6.34,6.85,5.57,5.21,6.67,5.94,6.18,4.61,5.62,5.67,5.9,3.66,6.0
E0954,Ingeniería Informática,1,B,24,13,77,74,16,1,4.0,4.6,Aprobado,5.69,4.99,5.49,5.55,4.97,5.37,3.64,3.68,3.4,3.82,4.65,4.84,4.86,4.27,4.73
E0955,Ingeniería Civil Industrial,3,A,29,13,78,54,18,1,5.6,4.6,Aprobado,5.74,4.67,5.8,5.04,5.23,5.42,5.62,4.97,5.31,4.5,4.83,4.94,4.39,4.02,3.95
E0956,Ingeniería Electrónica,3,A,25,12,73,74,19,7,4.1,3.8,Reprobado,3.56,3.97,4.54,3.45,3.12,4.31,3.34,3.31,3.33,4.21,4.2,4.81,4.12,6.62,4.49
E0957,Ingeniería Civil Industrial,3,C,22,10,86,73,11,5,5.4,4.8,Aprobado,7.0,5.62,6.57,6.38,5.46,3.73,4.4,4.22,4.04,4.03,4.48,4.28,5.1,5.17,4.21
E0958,Ingeniería Informática,1,D,34,11,73,53,14,0,5.1,4.5,Aprobado,5.78,5.04,5.67,5.92,3.95,2.46,5.04,4.97,4.66,4.48,4.89,4.52,4.2,3.59,3.6
E0959,Ingeniería Civil Industrial,2,A,32,5,80,63,15,2,4.6,5.3,Aprobado,6.54,4.4,6.79,5.47,6.47,5.31,2.12,2.34,1.85,1.15,3.52,3.36,4.97,4.31,5.39
E0960,Ingeniería Informática,3,D,31,13,83,75,25,2,4.4,5.7,Aprobado,4.63,5.04,4.72,4.07,5.04,1.1,4.18,5.06,5.52,3.63,4.93,5.31,5.68,4.08,4.76
E0961,Ingeniería Civil Industrial,3,A,25,14,90,77,19,3,5.0,6.0,Aprobado,6.66,4.03,7.0,6.16,6.18,2.68,6.11,5.76,4.96,5.82,4.26,6.37,5.84,4.75,3.68
E0962,Ingeniería en Construcción,1,A,31,13,68,62,27,4,4.9,5.3,Aprobado,3.56,6.63,5.14,5.03,5.35,2.82,4.59,3.94,3.58,3.74,4.19,5.55,4.25,5.62,4.64
E0963,Ingeniería Informática,4,A,30,18,87,81,34,3,3.5,5.9,Aprobado,5.6,5.5,6.54,6.17,6.07,5.4,5.96,5.76,5.24,5.16,6.07,5.82,6.41,5.58,6.63
E0964,Ingeniería Informática,1,C,26,9,71,74,9,0,3.3,5.4,Aprobado,3.62,4.32,4.09,3.34,2.96,3.62,5.11,6.25,6.11,4.55,4.69,4.96,4.16,4.03,3.04
E0965,Ingeniería Informática,2,D,26,9,71,64,17,2,5.1,4.8,Aprobado,4.81,4.26,5.09,4.07,5.15,2.04,5.21,4.55,4.39,5.29,5.07,5.32,4.06,4.42,4.34
E0966,Ingeniería en Construcción,2,D,30,15,90,77,9,2,4.1,6.2,Aprobado,5.97,4.83,5.44,5.53,6.19,3.72,5.08,3.73,4.63,4.4,6.22,6.19,6.59,4.46,3.71
E0967,Ingeniería Civil Industrial,2,C,31,10,85,73,19,1,4.6,5.7,Aprobado,7.0,4.96,7.0,6.02,6.37,3.59,3.62,4.94,4.55,4.91,4.9,3.47,6.12,2.69,5.92
E0968,Ingeniería Civil Industrial,2,B,24,9,82,52,14,3,5.5,4.0,Aprobado,4.0,5.88,4.01,3.66,4.21,4.1,4.84,4.54,3.98,3.75,3.87,3.69,3.8,4.04,3.39
E0969,Ingeniería Civil Industrial,1,A,22,7,87,43,11,0,5.8,5.0,Aprobado,4.38,4.4,4.71,4.02,4.05,1.91,4.43,4.39,3.97,2.85,3.07,4.28,3.97,1.88,5.14
E0970,Ingeniería en Construcción,2,A,34,10,62,39,16,2,3.5,3.9,Reprobado,4.86,4.74,6.43,5.8,4.0,4.18,3.87,3.29,3.51,2.55,2.87,3.44,3.76,3.32,4.64
E0971,Ingeniería Electrónica,1,A,27,18,96,73,31,0,3.9,6.3,Aprobado,6.74,5.17,6.49,6.67,7.0,5.27,5.11,4.78,5.64,4.59,6.21,6.73,6.49,1.83,3.87
E0972,Ingeniería en Construcción,1,D,32,13,65,82,12,0,3.7,3.8,Reprobado,3.19,5.02,2.44,4.21,3.33,7.0,5.65,5.38,5.08,6.23,5.26,5.2,3.84,3.19,4.72
E0973,Ingeniería Electrónica,1,A,23,14,82,60,14,1,3.9,5.2,Aprobado,6.08,5.16,5.26,5.45,5.05,2.14,4.32,4.03,4.96,3.96,4.64,4.31,4.4,3.87,6.6
E0974,Ingeniería Electrónica,1,D,34,10,86,64,13,6,5.2,5.5,Aprobado,4.86,3.55,5.06,4.26,4.9,5.39,3.62,4.56,4.47,3.7,4.7,4.82,4.03,5.13,3.87
E0975,Ingeniería Electrónica,2,B,22,17,72,70,17,1,5.0,4.7,Aprobado,4.29,4.57,5.2,5.16,5.35,5.24,4.69,4.47,5.31,4.59,5.02,6.19,3.76,4.28,4.05
E0976,Ingeniería Civil Industrial,2,C,34,7,67,61,10,0,4.8,3.8,Reprobado,5.29,3.84,5.58,4.73,4.03,3.47,3.46,3.23,3.6,2.93,3.57,3.56,4.31,4.37,4.15
E0977,Ingeniería Civil Industrial,3,B,30,4,73,70,11,1,5.8,5.2,Aprobado,4.53,4.72,5.06,5.1,4.32,1.42,5.27,5.71,5.38,4.84,4.3,4.71,5.06,4.98,4.09
E0978,Ingeniería Civil Industrial,3,B,27,12,67,89,22,1,4.0,5.9,Aprobado,5.21,4.81,5.43,4.92,4.47,2.01,4.05,4.0,3.48,4.18,3.87,5.31,4.49,4.85,3.12
E0979,Ingeniería Electrónica,3,D,24,12,87,70,26,1,4.6,5.8,Aprobado,4.85,5.58,5.8,5.43,4.46,3.59,2.51,3.48,3.14,2.66,4.8,4.55,4.98,3.23,5.01
E0980,Ingeniería Civil Industrial,1,B,26,10,77,69,33,0,5.4,5.9,Aprobado,4.22,5.65,4.16,3.78,4.68,3.17,3.78,3.77,3.81,2.9,4.87,4.85,4.18,3.01,3.5
E0981,Ingeniería Informática,2,B,32,11,63,59,5,3,4.9,4.6,Aprobado,4.55,4.63,5.15,4.14,4.24,3.23,4.56,4.5,3.94,4.08,3.89,3.9,4.23,4.28,3.37
E0982,Ingeniería Electrónica,1,A,33,17,77,61,26,4,4.9,5.6,Aprobado,4.29,3.41,3.81,4.9,4.61,3.29,5.3,5.46,5.69,4.78,5.23,5.57,5.16,4.7,3.62
E0983,Ingeniería Informática,3,A,34,15,83,86,25,2,4.1,5.7,Aprobado,4.25,3.66,5.53,5.21,5.11,3.02,6.33,6.01,6.08,4.74,5.86,5.31,5.89,2.75,4.45
E0984,Ingeniería Informática,4,C,33,16,86,67,23,2,4.9,5.4,Aprobado,2.98,5.79,5.01,4.61,4.77,2.21,5.84,5.97,4.9,6.22,4.86,5.14,5.0,5.18,5.22
E0985,Ingeniería Informática,3,B,30,17,75,79,24,5,3.8,5.4,Aprobado,6.77,3.5,6.8,5.81,4.76,3.75,6.37,5.94,5.81,6.57,5.48,5.56,6.09,4.22,4.79
E0986,Ingeniería Informática,3,D,25,12,69,53,21,4,4.4,3.9,Reprobado,4.76,4.26,5.47,4.67,4.37,3.65,3.47,3.68,2.0,3.06,3.62,3.66,3.97,3.54,2.97
E0987,Ingeniería en Construcción,3,D,23,11,70,60,13,0,4.6,5.2,Aprobado,3.93,4.28,4.16,5.21,4.07,3.68,4.78,4.62,4.93,4.24,4.6,4.73,4.09,1.04,4.31
E0988,Ingeniería en Construcción,3,C,31,13,88,79,29,1,5.3,5.9,Aprobado,5.27,3.84,5.59,5.02,5.71,3.86,4.49,4.8,5.7,5.29,5.58,5.03,4.57,3.81,5.88
E0989,Ingeniería Informática,1,A,30,12,85,82,20,3,4.2,5.8,Aprobado,4.55,5.2,4.59,5.0,5.67,5.75,4.88,5.34,4.37,4.24,5.91,5.2,4.93,4.31,6.9
E0990,Ingeniería Electrónica,1,C,22,14,71,74,15,2,6.6,7.0,Aprobado,4.21,4.28,5.5,4.79,5.59,5.68,5.4,5.99,5.39,4.89,5.21,5.69,4.57,3.69,2.72
E0991,Ingeniería Electrónica,3,A,26,12,62,62,24,0,4.3,5.3,Aprobado,4.8,2.86,5.92,5.05,3.97,5.84,4.16,4.12,4.17,3.87,4.07,5.31,5.22,2.26,5.25
E0992,Ingeniería Informática,4,A,33,11,85,84,18,0,4.0,5.5,Aprobado,4.57,3.2,5.06,5.33,5.02,3.47,3.47,3.78,4.56,4.3,5.8,5.15,5.4,2.0,3.78
E0993,Ingeniería Civil Industrial,1,B,23,9,61,56,20,1,5.0,3.8,Reprobado,5.13,6.66,6.1,4.22,5.22,3.3,4.47,4.34,4.14,3.27,3.29,3.16,3.7,2.35,3.21
E0994,Ingeniería Civil Industrial,3,D,31,7,75,53,22,3,5.2,4.2,Aprobado,4.44,5.3,4.91,4.59,3.6,1.75,4.29,5.14,3.98,3.92,3.72,4.01,4.88,5.43,4.48
E0995,Ingeniería Informática,1,A,25,14,71,73,18,0,4.3,4.8,Aprobado,4.97,3.86,5.23,4.99,6.41,3.92,5.32,5.66,4.23,6.04,5.49,6.32,5.3,2.46,4.05
E0996,Ingeniería en Construcción,3,C,22,13,89,68,21,0,4.2,5.7,Aprobado,6.03,5.19,5.17,5.53,5.67,3.05,5.04,5.16,5.4,4.64,4.91,4.74,5.34,3.38,4.82
E0997,Ingeniería en Construcción,3,A,30,11,71,77,27,1,4.8,4.7,Aprobado,2.99,3.8,4.35,4.32,3.21,3.56,3.77,5.03,4.19,5.93,3.55,3.85,3.92,4.32,4.34
E0998,Ingeniería en Construcción,2,D,27,14,76,61,24,2,5.0,4.2,Aprobado,3.59,4.41,4.11,3.46,3.66,5.04,3.84,3.88,4.06,3.26,4.69,4.53,3.78,4.26,5.02
E0999,Ingeniería Informática,3,D,26,11,74,74,19,3,4.1,4.7,Aprobado,6.94,3.83,6.51,5.11,5.09,2.91,2.51,3.04,3.27,2.63,4.83,4.5,4.69,3.58,4.2
E1000,Ingeniería Civil Industrial,1,A,30,8,58,63,13,0,3.9,4.2,Aprobado,4.94,6.94,5.29,6.03,4.64,2.59,3.67,4.04,4.51,4.46,4.99,4.51,5.17,3.39,4.45
E1001,Ingeniería Electrónica,4,D,24,10,74,46,16,3,4.7,4.9,Aprobado,4.95,3.3,5.68,4.93,5.86,3.21,2.3,2.13,3.0,1.91,2.41,3.26,4.09,2.97,4.23
E1002,Ingeniería en Construcción,2,C,32,11,78,62,17,3,3.7,5.1,Aprobado,6.01,5.43,4.76,5.8,5.66,4.43,4.96,4.31,4.94,4.17,4.22,5.79,4.83,4.06,5.18
E1003,Ingeniería Informática,2,D,34,16,72,71,19,2,3.8,4.8,Aprobado,4.79,3.57,5.21,5.26,4.45,5.33,5.03,4.66,5.11,5.81,4.87,5.88,5.21,4.49,3.59
E1004,Ingeniería Informática,1,A,23,10,84,69,22,3,3.7,5.1,Aprobado,2.51,4.74,4.48,4.87,4.59,3.56,5.09,5.14,6.14,6.46,5.08,4.94,4.75,5.11,5.26
E1005,Ingeniería Civil Industrial,1,C,33,10,74,50,32,5,6.7,5.3,Aprobado,3.43,3.91,3.25,3.25,3.94,3.86,2.12,2.42,2.63,3.33,4.36,3.07,3.89,3.91,5.08
E1006,Ingeniería Electrónica,1,D,28,10,81,54,16,1,4.2,4.2,Aprobado,6.33,4.78,6.36,5.55,4.71,2.61,2.83,2.61,2.03,1.51,3.42,3.87,4.38,4.26,5.39
E1007,Ingeniería Electrónica,1,A,27,9,69,65,12,3,5.0,4.7,Aprobado,5.24,6.55,4.88,4.48,4.51,1.45,5.15,5.09,5.53,3.46,4.03,2.45,4.11,5.09,5.32
E1008,Ingeniería Electrónica,1,C,22,16,80,94,34,2,4.8,6.5,Aprobado,5.99,5.79,6.36,5.5,5.9,3.39,3.63,3.38,4.67,5.26,5.84,5.98,4.87,4.05,4.94
E1009,Ingeniería Informática,2,B,25,11,70,57,16,4,5.4,4.9,Aprobado,5.95,4.6,5.07,5.58,4.75,2.4,4.68,4.67,4.99,3.66,4.71,4.78,4.78,5.3,3.43
E1010,Ingeniería Civil Industrial,2,B,31,20,73,73,22,2,4.9,6.2,Aprobado,5.19,5.36,6.02,4.51,4.51,3.45,4.56,4.78,4.43,3.92,5.8,6.05,5.69,3.17,3.28
E1011,Ingeniería Informática,1,B,33,12,70,69,16,0,4.4,4.6,Aprobado,4.48,4.75,4.87,4.89,4.91,3.71,4.79,4.8,5.1,3.47,4.11,4.77,4.44,3.13,3.1
E1012,Ingeniería Electrónica,1,B,25,18,81,87,30,1,5.0,6.3,Aprobado,5.62,3.22,5.4,5.64,5.84,3.26,5.73,6.53,6.02,5.5,6.12,6.79,5.14,4.0,4.54
E1013,Ingeniería Electrónica,2,D,28,16,84,85,16,0,5.2,6.7,Aprobado,4.96,4.77,5.96,5.66,4.65,4.72,5.89,6.03,5.78,5.78,5.99,5.42,6.36,4.02,3.77
E1014,Ingeniería Civil Industrial,4,A,25,14,93,84,26,0,4.5,5.7,Aprobado,5.18,5.9,5.7,6.7,5.88,4.06,5.13,4.9,4.84,3.49,5.67,5.42,6.14,3.35,3.32
E1015,Ingeniería Informática,3,C,28,12,71,75,25,4,6.0,6.3,Aprobado,6.46,3.07,6.91,5.12,5.23,2.4,3.68,3.57,4.26,2.69,5.8,5.77,5.92,5.29,3.95
E1016,Ingeniería Informática,2,B,22,14,75,60,13,4,5.2,5.4,Aprobado,4.14,4.26,4.67,4.57,4.63,1.42,3.44,4.04,3.7,3.38,4.98,4.73,4.26,6.21,4.83
E1017,Ingeniería en Construcción,3,C,25,10,65,56,15,2,2.6,3.2,Reprobado,2.88,3.01,4.46,3.44,3.35,3.38,4.22,4.33,3.89,3.5,5.03,3.94,3.65,4.27,4.05
E1018,Ingeniería Informática,1,C,29,18,77,82,24,3,4.8,6.4,Aprobado,5.17,3.14,5.33,6.24,6.05,4.07,5.2,6.02,6.41,5.33,6.02,5.95,5.73,3.88,4.44
E1019,Ingeniería Electrónica,2,B,29,17,70,66,26,3,4.8,4.7,Aprobado,5.09,6.38,6.25,4.77,5.35,1.0,2.97,4.08,3.4,4.74,4.53,5.72,4.66,4.61,3.2
E1020,Ingeniería Informática,3,B,33,14,75,39,28,2,3.7,4.0,Aprobado,5.35,5.59,5.22,4.86,5.46,5.53,2.0,2.23,2.11,1.56,3.69,3.41,4.45,5.33,4.02
E1021,Ingeniería Informática,1,A,27,16,80,76,27,3,5.6,5.4,Aprobado,5.05,5.54,5.81,6.1,5.56,3.49,4.61,5.23,3.76,3.91,5.74,6.22,4.64,5.78,4.23
E1022,Ingeniería Civil Industrial,2,D,24,13,74,75,20,3,4.9,5.7,Aprobado,4.1,3.55,5.41,4.44,5.23,4.04,5.68,5.32,4.57,5.4,5.54,5.0,4.62,3.14,4.43
E1023,Ingeniería en Construcción,1,A,24,5,57,35,18,2,4.4,2.1,Reprobado,1.79,4.21,2.91,2.69,1.91,2.03,2.71,2.38,2.27,1.04,1.0,2.56,2.07,3.07,4.86
E1024,Ingeniería Civil Industrial,2,D,30,14,83,79,11,4,5.3,5.9,Aprobado,5.27,4.18,6.17,5.53,5.16,5.46,6.1,5.9,4.41,5.15,5.89,5.42,5.82,4.64,6.82
E1025,Ingeniería Civil Industrial,1,D,32,16,71,64,23,1,4.2,5.1,Aprobado,3.97,4.77,4.55,4.87,3.52,5.01,5.14,5.79,5.02,5.82,5.15,5.14,4.8,3.08,4.52
E1026,Ingeniería Civil Industrial,1,D,34,13,79,91,9,5,4.9,6.2,Aprobado,6.6,4.49,7.0,7.0,5.99,2.34,4.93,4.72,4.9,3.87,5.34,5.18,5.6,5.5,4.04
E1027,Ingeniería en Construcción,4,C,34,17,76,86,24,3,4.2,5.3,Aprobado,5.47,5.87,5.98,5.53,5.67,4.21,5.27,6.0,4.69,5.14,5.15,5.41,5.26,3.16,4.87
E1028,Ingeniería Electrónica,1,A,29,8,84,60,15,4,3.6,4.5,Aprobado,4.9,6.51,5.14,4.57,5.08,5.7,5.47,4.87,5.23,4.48,4.63,4.83,5.25,4.29,4.61
E1029,Ingeniería Civil Industrial,3,A,34,10,64,44,16,0,4.7,3.8,Reprobado,3.62,3.57,3.93,3.8,2.35,4.65,3.32,4.01,3.34,3.1,2.99,3.75,2.85,3.19,5.05
E1030,Ingeniería Civil Industrial,4,A,28,5,70,58,7,1,3.8,3.9,Reprobado,2.59,4.72,3.25,3.42,3.18,2.5,2.9,2.94,1.78,2.4,2.47,3.63,3.04,4.45,4.7
E1031,Ingeniería en Construcción,2,D,26,8,83,73,18,1,5.3,5.4,Aprobado,5.61,3.86,5.19,4.4,5.21,2.46,4.4,4.72,3.99,3.75,4.22,4.7,4.39,3.66,4.89
E1032,Ingeniería en Construcción,1,C,27,7,82,56,9,2,4.7,4.2,Aprobado,3.59,4.55,3.27,3.27,3.76,3.11,3.48,3.48,3.8,2.82,3.4,4.05,4.11,4.45,5.03
E1033,Ingeniería en Construcción,2,B,32,14,70,97,26,4,5.8,7.0,Aprobado,5.63,3.44,6.25,6.33,4.95,4.34,5.45,4.9,4.61,4.29,5.97,6.53,5.54,5.22,4.15
E1034,Ingeniería Informática,1,A,26,9,82,64,14,0,4.3,4.9,Aprobado,4.09,3.69,5.88,5.17,6.01,2.39,5.68,4.13,5.47,4.14,4.37,4.44,5.53,2.14,3.78
E1035,Ingeniería en Construcción,3,C,29,9,74,78,12,5,3.7,4.2,Aprobado,5.86,4.32,6.02,5.63,6.3,4.66,4.22,4.69,4.11,4.31,5.9,4.93,5.67,5.98,5.63
E1036,Ingeniería Informática,1,B,23,14,80,64,13,1,4.6,4.8,Aprobado,5.15,3.55,5.62,4.89,4.53,3.61,3.27,4.52,3.83,4.62,5.5,5.51,4.55,4.73,5.55
E1037,Ingeniería Civil Industrial,1,B,27,14,78,74,23,0,4.3,6.4,Aprobado,6.57,3.57,6.75,7.0,6.27,3.53,5.22,5.01,5.26,5.09,6.6,6.46,6.3,2.61,4.44
E1038,Ingeniería Civil Industrial,1,C,27,14,62,80,21,3,4.4,5.0,Aprobado,5.33,4.25,5.61,5.09,4.9,3.85,4.15,4.98,3.7,3.77,5.2,5.19,4.49,6.14,4.38
E1039,Ingeniería Informática,2,C,29,8,82,83,8,4,4.5,5.0,Aprobado,5.27,3.41,4.72,3.98,4.39,4.55,2.82,4.69,3.91,3.52,4.66,4.77,4.14,3.86,4.28
E1040,Ingeniería Informática,4,D,27,17,84,76,22,3,4.7,6.0,Aprobado,5.66,2.61,5.46,5.05,5.39,3.39,5.3,6.66,5.98,4.28,4.64,6.05,5.2,5.73,3.83
E1041,Ingeniería en Construcción,3,C,26,9,81,85,11,2,5.5,4.7,Aprobado,3.72,4.3,3.68,4.45,4.71,4.31,5.81,4.97,5.14,4.11,4.69,4.71,4.91,2.24,2.33
E1042,Ingeniería Civil Industrial,4,C,26,16,82,75,18,0,5.8,6.1,Aprobado,5.48,4.78,5.57,5.64,5.49,5.07,4.32,5.07,6.34,5.53,6.52,5.49,5.89,1.57,5.13
E1043,Ingeniería en Construcción,1,B,32,14,64,85,28,0,3.3,5.7,Aprobado,4.6,4.53,5.07,4.66,4.83,1.0,5.44,4.8,5.75,3.84,6.0,5.57,4.82,2.98,4.98
E1044,Ingeniería Electrónica,1,A,27,10,87,68,16,2,4.4,4.1,Aprobado,3.02,3.91,3.26,3.16,2.78,3.32,3.92,3.41,4.1,3.06,3.78,4.52,3.78,3.69,4.28
E1045,Ingeniería en Construcción,1,B,26,13,71,100,26,0,4.5,5.2,Aprobado,4.97,5.41,5.63,5.22,6.04,6.95,6.14,6.04,5.56,4.94,6.61,5.07,6.1,4.03,5.2
E1046,Ingeniería Informática,3,B,27,11,79,67,22,3,6.1,4.8,Aprobado,5.72,4.58,5.55,5.95,5.04,4.59,3.11,2.84,1.94,3.32,4.3,4.79,4.47,5.13,4.82
E1047,Ingeniería Informática,1,D,27,10,79,61,20,2,4.9,4.7,Aprobado,3.93,3.27,4.14,4.05,4.59,3.68,4.18,5.14,4.19,4.14,4.84,5.16,5.15,3.82,3.68
E1048,Ingeniería Electrónica,4,A,24,10,53,60,12,4,5.4,3.2,Reprobado,4.71,4.81,4.79,3.85,4.28,4.0,3.97,4.51,4.46,4.15,2.56,3.24,3.26,3.48,3.77
E1049,Ingeniería en Construcción,2,A,22,12,83,76,19,4,5.5,5.7,Aprobado,4.37,4.73,4.91,4.29,5.18,1.08,5.3,3.7,5.07,4.36,4.31,4.89,4.54,5.32,4.48
E1050,Ingeniería en Construcción,2,B,34,9,80,78,32,0,5.1,5.2,Aprobado,5.53,5.04,5.52,4.79,3.63,3.55,5.92,5.37,4.98,5.89,4.84,3.97,4.9,3.62,5.56
E1051,Ingeniería Informática,1,A,26,15,71,71,23,1,5.5,5.2,Aprobado,4.44,3.08,4.69,4.85,4.43,3.09,3.06,4.36,3.23,4.09,4.25,5.03,5.05,3.86,4.17
E1052,Ingeniería Informática,1,B,26,11,65,75,11,1,4.9,4.4,Aprobado,5.05,5.13,5.14,3.91,4.04,1.96,2.45,4.44,3.62,3.73,3.6,3.9,3.73,5.22,4.53
E1053,Ingeniería en Construcción,2,D,27,16,69,72,22,0,3.7,5.3,Aprobado,4.18,4.15,3.22,3.99,4.52,2.29,5.15,5.26,4.24,5.84,6.11,5.58,4.91,2.85,2.93
E1054,Ingeniería Civil Industrial,3,A,29,18,78,64,22,5,3.9,4.8,Aprobado,4.81,5.05,5.24,5.53,4.72,4.62,3.93,5.08,4.15,3.96,4.01,4.43,5.14,4.97,3.94
E1055,Ingeniería Informática,2,C,26,19,71,92,37,4,3.7,5.5,Aprobado,3.61,4.08,3.65,4.1,4.48,4.32,5.61,6.6,6.09,6.67,6.24,7.0,5.48,4.69,5.29
E1056,Ingeniería Informática,2,B,28,19,91,94,23,2,5.2,7.0,Aprobado,5.41,4.48,5.54,5.67,4.7,4.24,5.71,5.41,5.61,4.35,6.44,6.78,6.66,2.3,4.91
E1057,Ingeniería Informática,4,C,28,7,82,76,7,4,3.8,4.9,Aprobado,5.5,3.21,5.72,5.03,5.59,2.78,5.25,5.21,4.8,5.09,4.92,4.78,5.16,4.9,4.41
E1058,Ingeniería en Construcción,3,A,29,12,64,54,20,2,4.9,5.6,Aprobado,3.46,5.07,4.97,3.75,5.52,3.63,3.89,3.81,5.13,3.96,4.09,5.28,4.04,3.86,4.94
E1059,Ingeniería Informática,1,B,27,15,82,88,21,4,6.2,5.7,Aprobado,6.92,5.72,6.95,6.97,5.83,4.3,2.73,3.27,3.53,3.36,4.63,6.23,5.84,4.49,4.63
E1060,Ingeniería Electrónica,2,B,30,8,85,79,14,3,5.0,5.0,Aprobado,4.95,5.01,5.41,5.36,4.88,3.86,5.92,3.9,4.21,3.09,5.06,4.68,4.64,3.95,4.39
E1061,Ingeniería Electrónica,4,A,23,5,82,43,7,2,5.0,3.8,Reprobado,2.75,4.28,4.17,3.81,4.23,3.19,3.76,3.55,3.25,3.16,2.38,2.8,3.97,3.07,4.71
E1062,Ingeniería en Construcción,3,C,30,10,52,70,15,3,5.6,4.3,Aprobado,4.7,4.44,5.01,4.59,4.38,4.94,3.91,4.62,3.67,3.55,4.87,5.58,4.05,3.75,3.89
E1063,Ingeniería Electrónica,1,B,30,11,87,78,17,5,5.4,5.6,Aprobado,6.14,4.64,6.73,5.3,6.06,3.17,4.78,4.13,3.49,3.41,5.28,5.18,4.85,4.54,3.76
E1064,Ingeniería Informática,2,B,25,13,69,67,18,1,4.1,4.3,Aprobado,4.75,4.17,4.42,4.65,4.48,2.3,4.66,4.76,3.39,1.87,3.78,3.46,3.9,2.97,3.56
E1065,Ingeniería en Construcción,4,A,31,14,76,67,19,0,5.5,5.0,Aprobado,6.29,4.57,5.72,5.9,5.59,5.88,6.49,5.51,5.1,5.93,4.37,4.74,5.42,4.91,2.8
E1066,Ingeniería Electrónica,2,A,22,13,74,51,15,4,3.9,4.9,Aprobado,4.31,4.4,4.93,5.16,4.36,3.4,3.11,3.98,3.86,3.87,4.1,6.11,4.92,4.22,5.78
E1067,Ingeniería Electrónica,3,C,34,15,70,59,18,4,5.1,4.4,Aprobado,5.06,3.56,5.22,4.24,5.24,4.28,4.11,3.0,3.43,2.75,4.13,6.26,5.12,3.64,4.18
E1068,Ingeniería en Construcción,1,C,31,5,89,79,9,0,3.7,5.1,Aprobado,5.23,4.24,4.79,4.1,4.47,3.23,5.47,5.34,4.41,4.25,3.93,3.19,4.8,3.44,3.3
E1069,Ingeniería en Construcción,2,C,28,10,72,68,17,0,3.8,4.5,Aprobado,4.43,4.63,4.18,4.17,3.59,4.23,6.1,6.26,6.26,5.16,4.72,4.99,4.53,3.94,2.68
E1070,Ingeniería Civil Industrial,3,A,33,14,85,94,37,3,4.8,6.9,Aprobado,6.94,2.72,7.0,6.52,6.43,2.16,4.61,5.26,5.16,3.63,7.0,6.19,7.0,4.24,4.81
E1071,Ingeniería Electrónica,4,C,23,17,79,57,25,3,4.7,4.8,Aprobado,4.58,5.17,5.71,4.88,5.4,1.48,4.2,3.99,4.75,4.86,4.39,5.7,4.41,4.46,4.7
E1072,Ingeniería en Construcción,2,A,26,10,72,68,13,3,3.9,4.3,Aprobado,4.98,4.11,5.0,4.64,4.89,3.65,5.46,4.75,6.14,4.18,4.56,5.28,4.59,3.66,5.22
E1073,Ingeniería Electrónica,4,C,33,15,76,69,19,1,4.6,5.9,Aprobado,6.04,4.36,6.76,6.14,4.99,4.45,2.69,3.85,4.07,4.12,4.43,4.91,5.6,3.5,4.1
E1074,Ingeniería Civil Industrial,2,A,28,8,87,66,16,2,3.2,4.0,Aprobado,4.2,5.23,4.98,4.66,4.31,4.18,2.6,2.65,1.75,2.56,4.28,3.59,4.1,4.63,3.87
E1075,Ingeniería Civil Industrial,3,B,23,11,78,71,23,4,4.2,4.7,Aprobado,3.32,5.53,3.97,4.41,4.68,2.43,4.9,4.74,3.32,2.71,4.13,3.18,3.36,4.74,5.7
E1076,Ingeniería en Construcción,1,A,25,12,72,75,12,2,3.3,4.4,Aprobado,3.82,4.26,4.55,4.23,4.15,6.28,4.65,6.01,4.72,3.39,3.94,4.76,4.43,4.83,4.14
E1077,Ingeniería en Construcción,2,B,33,11,100,75,14,0,6.3,6.3,Aprobado,6.89,3.62,7.0,6.23,7.0,4.14,4.04,5.25,4.56,3.8,4.96,5.3,5.43,4.17,3.48
E1078,Ingeniería Informática,3,B,30,11,72,67,23,5,4.5,5.0,Aprobado,5.25,4.74,6.18,5.11,5.26,4.76,3.84,3.74,3.57,4.51,4.71,4.6,5.63,4.85,4.95
E1079,Ingeniería Informática,4,B,30,11,84,73,28,0,5.8,6.0,Aprobado,5.36,4.68,6.29,6.47,5.54,3.13,4.92,3.79,4.01,4.07,5.74,6.52,5.73,3.26,3.4
E1080,Ingeniería Informática,1,D,29,9,77,64,17,3,4.2,4.9,Aprobado,3.91,4.53,4.76,4.37,4.24,2.16,4.99,4.61,4.88,4.53,4.38,4.88,3.92,3.93,4.78
E1081,Ingeniería Informática,2,A,22,6,81,81,17,5,5.0,5.4,Aprobado,5.57,5.3,5.7,5.9,5.17,3.71,4.67,3.65,4.58,3.01,4.72,4.49,5.62,3.73,4.38
E1082,Ingeniería Informática,1,B,31,18,90,76,30,0,5.9,6.8,Aprobado,6.08,5.1,6.31,5.26,6.3,1.88,4.0,3.96,3.33,3.07,4.04,4.77,5.31,2.51,4.58
E1083,Ingeniería Informática,3,B,33,11,77,47,18,1,3.3,3.3,Reprobado,3.74,5.69,4.3,4.05,3.6,4.0,4.01,5.68,5.56,4.19,3.7,4.44,4.26,3.57,4.05
E1084,Ingeniería Civil Industrial,1,C,26,12,76,55,14,4,3.3,3.5,Reprobado,5.03,3.81,4.96,3.51,3.24,2.96,3.69,3.24,3.6,2.95,3.66,4.82,4.12,4.22,3.56
E1085,Ingeniería Civil Industrial,3,C,23,7,75,56,7,7,3.8,4.0,Aprobado,4.36,3.87,4.91,4.28,4.12,1.63,4.35,5.09,3.46,4.34,3.88,3.57,4.22,4.9,3.85
E1086,Ingeniería Informática,1,C,22,11,79,66,15,2,4.5,5.0,Aprobado,4.59,5.75,5.46,4.9,4.39,4.8,4.12,3.12,3.1,3.49,3.74,3.98,4.82,3.82,2.49
E1087,Ingeniería Informática,2,D,34,15,74,78,18,3,5.8,5.6,Aprobado,6.88,3.83,7.0,6.52,6.85,3.95,4.35,5.6,5.92,6.01,6.2,5.28,4.78,4.02,4.06
E1088,Ingeniería Civil Industrial,4,A,30,13,86,69,21,2,7.0,5.2,Aprobado,5.81,4.83,6.33,5.42,6.0,3.56,4.16,4.47,4.36,2.13,4.52,5.5,4.88,4.41,3.53
E1089,Ingeniería Electrónica,1,A,30,11,90,57,12,4,4.7,4.5,Aprobado,4.74,5.01,4.8,4.6,4.96,6.6,5.74,5.55,5.82,4.7,4.95,6.0,4.45,4.62,4.66
E1090,Ingeniería Electrónica,1,C,31,7,59,53,11,1,4.9,3.5,Reprobado,4.0,5.79,4.03,3.63,4.55,3.16,3.75,5.1,4.3,2.61,4.27,4.54,3.09,4.44,4.52
E1091,Ingeniería Informática,2,A,24,19,58,69,22,3,5.0,5.3,Aprobado,3.87,5.28,3.82,4.22,4.21,4.48,5.06,5.32,4.15,4.87,4.59,5.06,4.87,3.44,3.73
E1092,Ingeniería Electrónica,1,C,28,17,74,63,27,3,4.6,6.1,Aprobado,4.67,4.07,4.73,4.87,5.74,4.21,5.52,5.17,5.43,4.62,5.14,5.06,5.04,3.52,4.84
E1093,Ingeniería en Construcción,4,D,32,10,82,99,23,0,5.5,6.1,Aprobado,5.7,4.56,4.98,5.92,7.0,3.53,5.62,4.84,5.59,5.65,7.0,5.74,6.38,1.0,4.65
E1094,Ingeniería Informática,1,A,32,13,65,52,14,3,4.5,3.9,Reprobado,3.57,4.44,3.89,3.7,3.7,4.67,3.78,5.03,4.12,4.94,3.28,3.96,3.46,4.48,3.95
E1095,Ingeniería Informática,4,C,29,10,65,61,20,2,4.3,4.3,Aprobado,5.22,4.38,5.0,4.09,3.78,3.82,3.05,4.21,3.24,3.46,4.75,4.2,3.85,3.1,4.33
E1096,Ingeniería en Construcción,2,D,29,15,72,75,20,0,3.2,5.5,Aprobado,6.79,5.07,7.0,5.91,6.01,2.99,4.36,4.89,4.4,4.83,5.39,5.9,5.06,2.91,2.05
E1097,Ingeniería Civil Industrial,1,C,25,16,62,50,10,0,5.0,4.4,Aprobado,5.05,4.99,5.42,4.95,4.02,2.87,2.45,2.94,4.37,2.68,4.25,4.56,4.26,2.64,3.48
E1098,Ingeniería en Construcción,2,B,32,11,73,81,22,4,3.9,5.5,Aprobado,4.58,4.52,6.1,4.83,5.46,3.55,3.08,3.59,2.66,3.19,4.34,4.43,4.97,3.49,4.5
E1099,Ingeniería Informática,3,B,30,8,52,46,20,1,4.2,2.9,Reprobado,2.47,3.53,3.35,2.45,2.98,6.44,2.19,2.4,2.68,2.79,2.1,3.57,2.92,2.68,4.26
E1100,Ingeniería Civil Industrial,1,B,34,8,83,84,20,0,4.1,4.7,Aprobado,4.29,4.07,6.13,5.21,4.37,3.26,5.31,5.56,4.87,5.02,4.67,3.7,4.84,3.96,3.19
E1101,Ingeniería Civil Industrial,3,A,27,14,85,80,16,0,6.0,6.1,Aprobado,6.1,4.45,6.47,6.8,5.51,2.34,4.39,3.61,4.73,3.09,4.98,5.25,6.03,5.55,4.28
E1102,Ingeniería Informática,2,B,32,12,81,51,11,0,4.0,4.5,Aprobado,5.23,4.56,5.97,5.8,5.06,4.11,4.25,5.17,4.11,3.94,3.93,3.9,4.41,2.92,5.38
E1103,Ingeniería en Construcción,2,A,28,10,58,62,24,2,4.7,4.3,Aprobado,4.39,5.75,4.75,4.21,4.15,2.68,4.49,4.98,4.69,4.77,3.55,4.38,4.0,3.9,4.98
E1104,Ingeniería Electrónica,4,A,28,11,54,65,26,1,4.2,3.5,Reprobado,4.32,3.88,4.03,3.84,3.98,4.43,4.16,4.24,4.12,4.09,5.04,4.84,3.58,3.26,4.67
E1105,Ingeniería Civil Industrial,3,A,23,8,70,62,12,3,5.9,4.6,Aprobado,5.47,4.73,6.01,4.7,5.75,3.29,4.1,4.08,4.06,3.76,5.02,4.11,4.29,3.75,4.13
E1106,Ingeniería Electrónica,3,A,34,6,63,59,7,4,5.6,3.8,Reprobado,3.59,3.96,5.04,3.89,3.47,2.51,4.16,4.92,5.04,5.48,2.57,3.13,3.76,5.3,3.87
E1107,Ingeniería Informática,3,B,28,7,65,55,1,0,5.2,4.0,Aprobado,5.1,5.65,5.34,4.68,3.77,4.34,3.86,3.97,3.08,3.47,3.3,3.68,4.5,4.44,3.25
E1108,Ingeniería en Construcción,3,A,31,8,72,80,16,4,4.5,4.3,Aprobado,4.52,5.01,5.16,4.05,3.87,2.49,4.58,5.9,6.09,5.13,5.31,4.38,4.02,6.09,3.55
E1109,Ingeniería en Construcción,2,A,27,10,71,79,25,4,3.3,4.8,Aprobado,3.58,2.79,3.19,3.69,2.87,2.02,5.38,5.91,5.83,5.21,5.58,4.37,4.21,4.42,4.68
E1110,Ingeniería en Construcción,2,D,28,15,82,65,24,2,5.0,5.8,Aprobado,5.34,4.93,6.12,5.63,5.38,3.73,3.53,4.35,4.67,3.07,5.03,5.17,5.66,2.74,4.2
E1111,Ingeniería Electrónica,2,A,31,12,73,85,20,1,4.3,5.3,Aprobado,5.96,3.8,6.02,4.98,5.14,2.9,5.53,5.72,6.19,5.38,6.5,6.38,5.11,3.65,4.87
E1112,Ingeniería Electrónica,4,A,22,13,85,63,20,0,4.7,4.5,Aprobado,3.59,5.11,4.0,4.75,4.26,2.84,4.06,3.89,3.78,3.19,4.35,4.66,4.81,3.42,4.23
E1113,Ingeniería Civil Industrial,4,B,32,8,64,54,22,4,4.8,4.0,Aprobado,3.96,4.74,4.08,4.3,4.51,1.36,4.6,4.63,3.21,3.12,3.92,3.43,2.43,5.39,5.03
E1114,Ingeniería Informática,2,C,29,5,74,75,13,4,4.3,4.5,Aprobado,6.19,3.83,6.3,4.95,5.21,4.34,2.99,2.14,3.0,2.58,5.2,4.02,4.49,4.95,3.6
E1115,Ingeniería Civil Industrial,3,A,22,16,91,65,24,3,3.2,6.5,Aprobado,6.83,5.98,6.89,6.26,6.21,2.89,5.25,5.24,4.44,5.4,4.64,4.65,5.79,4.94,5.05
E1116,Ingeniería en Construcción,3,B,24,13,77,54,15,6,4.8,5.4,Aprobado,5.45,4.95,5.82,5.3,6.5,3.18,5.78,5.49,4.47,4.77,4.1,5.5,4.96,5.05,4.22
E1117,Ingeniería Electrónica,2,C,33,12,78,66,13,2,5.5,5.4,Aprobado,4.87,5.11,5.49,4.29,5.04,3.84,2.39,2.59,2.52,2.57,3.64,4.01,4.39,2.09,3.95
E1118,Ingeniería Civil Industrial,3,D,31,15,79,78,25,2,5.0,5.2,Aprobado,5.23,4.68,5.51,5.36,5.24,3.65,5.78,4.99,4.99,4.61,5.43,5.12,5.53,3.12,3.45
E1119,Ingeniería Electrónica,2,C,29,10,69,54,8,3,4.5,4.4,Aprobado,4.79,5.87,3.96,4.53,4.32,4.64,5.01,4.73,4.18,4.96,3.9,5.05,3.97,5.76,5.05
E1120,Ingeniería Informática,1,B,26,7,78,70,15,7,4.1,4.5,Aprobado,4.2,5.1,4.45,3.39,3.31,3.25,4.5,4.86,4.5,3.91,4.26,3.18,4.24,5.89,4.91
E1121,Ingeniería Informática,3,A,30,12,83,82,12,4,6.5,6.1,Aprobado,5.22,3.7,6.08,5.31,5.24,4.02,3.62,3.83,4.26,2.77,4.94,5.36,5.32,4.36,4.52
E1122,Ingeniería Electrónica,2,A,32,16,98,75,18,2,4.3,6.0,Aprobado,5.94,6.77,5.26,6.08,4.38,3.27,5.28,4.53,5.6,4.4,5.06,6.54,6.14,2.66,4.42
E1123,Ingeniería Informática,3,C,25,16,99,94,11,2,6.1,6.9,Aprobado,6.15,4.18,7.0,7.0,6.23,2.12,5.49,6.64,6.15,6.79,5.66,6.61,6.03,2.87,3.0
E1124,Ingeniería Informática,1,D,22,12,64,57,13,4,4.1,4.0,Aprobado,4.39,5.54,5.12,4.58,5.05,4.35,5.7,6.15,4.73,5.33,4.34,4.9,4.71,3.0,4.98
E1125,Ingeniería en Construcción,3,D,34,11,82,56,20,0,4.7,4.9,Aprobado,3.83,5.09,4.95,4.13,5.12,4.93,4.91,4.72,3.87,4.03,3.75,4.09,4.2,5.05,3.77
E1126,Ingeniería Electrónica,1,B,33,11,72,79,19,3,4.8,4.1,Aprobado,3.81,4.38,4.39,4.29,3.33,3.39,4.16,6.0,4.51,4.88,5.23,4.81,4.84,5.19,4.84
E1127,Ingeniería en Construcción,1,D,31,12,78,82,19,2,5.4,5.4,Aprobado,4.52,3.47,4.74,5.36,4.56,3.24,4.48,5.38,5.57,4.19,6.08,5.75,5.61,4.95,5.13
E1128,Ingeniería en Construcción,4,D,32,6,71,54,12,3,4.6,5.1,Aprobado,4.2,3.86,5.21,4.21,4.56,3.3,1.42,2.0,1.34,2.71,2.72,3.95,3.51,4.89,3.62
E1129,Ingeniería en Construcción,1,B,24,9,69,75,13,3,5.7,4.9,Aprobado,3.89,3.63,4.72,4.34,4.66,2.75,4.25,4.22,4.57,4.78,5.04,3.58,4.63,3.07,5.17
E1130,Ingeniería Civil Industrial,1,D,29,10,81,85,16,3,4.8,5.6,Aprobado,4.7,3.15,5.35,4.76,4.4,2.88,3.01,4.02,3.91,3.61,5.71,4.84,4.43,5.37,1.0
E1131,Ingeniería en Construcción,1,A,30,13,94,77,21,2,4.8,6.4,Aprobado,4.43,5.22,6.05,4.74,5.45,1.45,5.89,5.54,5.65,5.54,5.41,5.66,5.57,3.18,5.78
E1132,Ingeniería Electrónica,3,C,24,11,72,61,16,3,4.0,3.7,Reprobado,3.94,3.31,4.16,5.01,4.43,3.04,4.57,4.25,5.09,5.95,4.52,4.74,3.73,3.72,4.19
E1133,Ingeniería Civil Industrial,1,B,26,9,77,90,17,4,4.6,5.7,Aprobado,4.88,4.71,5.12,4.37,4.94,3.68,4.96,5.36,4.6,4.17,5.0,5.25,4.76,5.69,3.25
E1134,Ingeniería Informática,1,A,27,7,75,63,15,1,4.9,5.6,Aprobado,4.99,4.98,5.29,4.77,5.07,3.06,5.2,4.91,4.18,5.67,3.63,4.34,4.49,4.44,5.36
E1135,Ingeniería Informática,1,A,22,7,71,72,23,1,3.7,4.0,Aprobado,2.94,5.94,4.63,4.69,5.68,4.64,5.58,5.93,5.44,6.05,4.8,4.44,4.57,4.99,5.18
E1136,Ingeniería Informática,4,B,34,9,87,53,25,2,4.8,4.3,Aprobado,2.97,3.65,4.53,3.8,4.17,4.41,3.63,3.76,4.11,3.39,3.33,4.14,4.11,3.54,5.24
E1137,Ingeniería Electrónica,1,C,28,15,79,66,18,4,5.0,5.2,Aprobado,4.4,3.78,6.33,4.84,5.54,3.49,4.95,4.62,5.5,4.77,4.28,4.91,4.72,3.92,4.87
E1138,Ingeniería Civil Industrial,1,A,34,9,76,66,15,2,5.3,5.0,Aprobado,5.06,6.77,5.31,5.26,4.41,1.0,5.32,3.89,5.82,3.96,5.27,4.87,4.56,2.38,3.73
E1139,Ingeniería Informática,1,C,22,4,78,73,2,2,5.6,4.5,Aprobado,5.91,5.11,6.24,4.14,5.33,3.96,2.2,3.89,2.6,2.71,4.22,3.02,4.47,3.32,4.46
E1140,Ingeniería Informática,3,D,33,15,80,89,22,3,6.7,6.4,Aprobado,5.31,4.47,5.36,5.73,5.33,2.43,3.76,3.07,3.09,3.96,5.09,4.95,6.04,5.24,5.04
E1141,Ingeniería Informática,2,A,31,18,95,94,32,5,4.5,6.8,Aprobado,6.67,4.9,6.36,7.0,5.55,4.59,4.92,5.9,6.13,5.21,7.0,7.0,7.0,5.59,3.09
E1142,Ingeniería en Construcción,2,A,25,8,64,61,13,1,5.0,4.4,Aprobado,5.14,5.08,5.68,5.19,4.31,4.36,3.32,3.86,3.37,2.74,3.3,3.51,3.84,3.5,3.45
E1143,Ingeniería Electrónica,4,B,32,17,92,91,28,1,6.0,7.0,Aprobado,6.3,4.5,6.87,7.0,5.64,2.98,4.4,5.07,4.77,4.6,6.65,6.86,6.8,2.27,3.1
E1144,Ingeniería Civil Industrial,2,A,27,14,65,58,18,3,4.0,4.0,Aprobado,5.61,5.82,5.99,5.33,3.88,4.1,3.28,4.8,3.64,3.97,3.98,4.07,4.87,4.71,6.2
E1145,Ingeniería en Construcción,1,D,30,17,76,60,30,3,5.7,5.7,Aprobado,5.52,2.42,6.35,5.7,6.44,4.17,6.22,5.63,5.3,5.9,5.52,5.8,6.23,2.92,6.11
E1146,Ingeniería Electrónica,1,A,23,15,93,67,23,8,5.1,6.2,Aprobado,6.17,3.89,6.28,5.93,7.0,4.21,3.79,3.45,3.19,3.78,4.92,5.14,6.52,6.95,5.44
E1147,Ingeniería en Construcción,2,B,29,18,91,63,28,3,5.1,6.4,Aprobado,3.78,3.65,4.58,4.66,4.45,1.5,4.34,4.83,4.74,4.04,4.74,4.63,4.63,5.07,5.53
E1148,Ingeniería Electrónica,1,A,31,15,80,79,13,3,4.6,6.0,Aprobado,6.51,4.3,6.78,5.79,6.61,3.58,4.0,5.2,4.41,4.13,5.08,6.02,5.95,4.19,4.49
E1149,Ingeniería Civil Industrial,1,C,33,11,63,77,15,3,4.5,5.2,Aprobado,4.55,4.63,5.43,5.03,5.14,3.9,3.47,3.29,3.27,2.77,5.64,4.4,4.65,4.41,2.38
E1150,Ingeniería Civil Industrial,2,C,25,16,92,100,25,0,4.4,6.2,Aprobado,5.22,5.04,5.73,5.7,5.35,4.21,5.42,5.57,5.69,5.63,6.55,6.38,5.51,4.83,1.32
E1151,Ingeniería en Construcción,4,A,26,17,80,84,23,4,4.5,5.1,Aprobado,6.02,4.59,5.68,6.0,5.75,3.92,3.86,4.47,2.96,3.84,4.95,5.45,6.04,5.5,2.6
E1152,Ingeniería Informática,1,A,25,12,93,85,19,3,5.3,6.7,Aprobado,6.13,3.95,6.42,6.47,5.87,3.61,2.47,4.05,3.3,2.92,5.36,4.7,6.12,4.45,4.2
E1153,Ingeniería en Construcción,2,C,29,11,83,90,17,2,4.2,5.3,Aprobado,3.9,4.53,4.54,4.45,4.61,4.29,4.65,6.1,4.66,6.5,5.35,4.83,4.88,2.9,5.8
E1154,Ingeniería en Construcción,4,A,28,13,73,63,24,4,3.8,3.9,Reprobado,4.6,3.57,4.63,4.85,4.34,4.97,4.16,5.06,3.59,3.04,3.59,4.24,4.25,5.48,4.98
E1155,Ingeniería Electrónica,1,C,23,10,73,57,14,3,5.0,4.8,Aprobado,3.87,5.47,4.57,4.51,3.92,2.19,4.48,5.17,5.05,3.6,3.56,4.35,4.26,4.98,4.84
E1156,Ingeniería Civil Industrial,4,A,22,4,63,67,16,1,4.9,3.7,Reprobado,4.07,4.82,4.65,3.85,4.91,2.43,3.54,3.94,4.11,2.59,3.0,3.34,3.77,3.15,3.96
E1157,Ingeniería Electrónica,3,D,32,12,81,88,10,2,5.0,5.5,Aprobado,4.56,2.81,4.14,3.76,4.6,2.23,6.0,4.96,5.37,4.48,5.58,5.98,5.31,3.42,3.52
E1158,Ingeniería Civil Industrial,4,A,27,9,66,55,21,3,5.6,3.8,Reprobado,4.34,5.0,4.36,5.13,4.72,3.25,3.8,4.24,4.64,5.11,4.79,4.64,4.46,5.83,3.15
E1159,Ingeniería Electrónica,1,A,25,14,79,67,18,1,4.5,5.0,Aprobado,4.23,6.86,5.5,4.37,5.02,3.58,5.84,4.83,5.29,4.19,4.65,4.6,4.99,3.1,5.44
E1160,Ingeniería en Construcción,2,A,23,15,85,78,22,4,5.1,6.2,Aprobado,5.97,4.53,6.66,6.38,5.16,3.95,2.76,3.57,2.81,1.9,5.19,5.23,5.98,4.91,3.22
E1161,Ingeniería Electrónica,4,C,34,20,84,73,33,2,4.2,5.2,Aprobado,2.61,5.38,3.9,4.4,3.55,4.04,6.78,6.09,6.62,6.49,5.85,6.89,4.62,4.16,5.73
E1162,Ingeniería Electrónica,1,C,23,13,86,71,17,1,5.1,5.3,Aprobado,4.77,5.51,5.13,5.58,5.1,3.47,3.91,4.5,4.22,3.41,4.72,5.55,4.85,4.09,3.88
E1163,Ingeniería Informática,2,B,25,9,70,47,6,0,5.4,3.9,Reprobado,4.94,4.44,5.47,4.23,4.04,3.66,5.74,4.66,5.32,4.83,2.63,4.14,4.23,4.36,3.39
E1164,Ingeniería en Construcción,1,C,23,14,70,66,18,0,4.3,4.7,Aprobado,4.6,4.69,4.78,5.58,4.39,3.32,4.75,4.59,3.64,3.89,4.98,5.04,4.63,4.83,3.48
E1165,Ingeniería Informática,1,A,34,18,80,70,22,2,3.4,5.2,Aprobado,5.39,6.55,5.53,5.62,4.99,3.5,5.52,5.37,5.56,4.13,4.74,5.4,5.11,3.76,4.81
E1166,Ingeniería en Construcción,4,C,24,16,84,84,21,5,3.9,5.6,Aprobado,5.84,4.87,6.2,4.69,5.52,3.6,5.32,5.99,4.62,5.5,5.9,4.97,5.61,4.95,5.15
E1167,Ingeniería en Construcción,1,A,33,9,67,83,18,3,3.8,5.4,Aprobado,4.89,3.76,4.27,4.67,4.09,3.77,4.65,4.28,4.23,3.7,4.57,4.39,5.44,4.02,3.77
E1168,Ingeniería en Construcción,1,D,22,7,74,50,7,0,4.0,4.7,Aprobado,5.84,5.93,5.39,5.19,5.08,2.65,3.88,3.93,3.94,2.9,4.53,2.85,4.21,2.75,4.0
E1169,Ingeniería Informática,2,B,26,17,86,100,24,1,5.7,7.0,Aprobado,6.09,6.15,6.2,6.13,6.1,3.22,3.76,2.92,3.9,3.35,5.95,5.89,5.64,3.11,5.11
E1170,Ingeniería en Construcción,3,A,27,5,87,79,12,0,5.4,5.4,Aprobado,4.29,5.61,5.25,4.99,4.27,2.99,4.35,3.73,4.1,3.68,4.34,4.22,4.61,3.8,3.85
E1171,Ingeniería Civil Industrial,1,D,25,11,82,53,16,4,6.1,4.8,Aprobado,5.32,4.98,4.98,4.3,5.27,4.11,1.87,1.95,1.34,1.95,2.83,3.44,4.28,4.94,5.8
E1172,Ingeniería Civil Industrial,3,A,31,15,79,69,16,4,5.3,6.6,Aprobado,5.42,3.89,5.72,5.74,5.83,1.7,6.1,5.41,5.39,4.36,5.47,6.35,5.96,6.03,4.97
E1173,Ingeniería Electrónica,2,C,27,15,92,75,21,4,4.3,6.8,Aprobado,4.61,3.37,4.57,4.66,6.43,2.03,4.87,4.73,3.59,3.82,5.41,6.45,5.74,4.49,5.95
E1174,Ingeniería Electrónica,2,A,34,9,84,77,18,1,4.5,5.7,Aprobado,5.57,4.44,6.83,5.75,5.18,3.85,4.77,5.84,4.69,5.83,6.59,6.05,5.97,4.39,4.17
E1175,Ingeniería Informática,1,D,27,9,66,56,13,4,4.1,3.7,Reprobado,4.82,4.24,5.09,4.47,4.45,5.93,3.66,2.32,2.9,2.65,3.36,4.15,4.41,3.73,4.58
E1176,Ingeniería Electrónica,4,A,25,11,76,42,24,2,5.0,4.4,Aprobado,3.32,4.98,3.48,3.53,3.58,3.46,3.13,3.26,2.92,3.37,3.36,3.63,3.38,4.26,5.37
E1177,Ingeniería Civil Industrial,1,B,33,8,76,66,11,2,4.0,4.6,Aprobado,4.15,3.1,4.94,4.31,4.28,5.3,3.96,3.79,2.98,3.19,4.38,4.21,4.01,2.65,2.43
E1178,Ingeniería Electrónica,1,D,26,12,87,67,20,2,4.5,5.2,Aprobado,5.79,4.01,6.6,5.22,5.54,4.09,3.13,3.78,3.47,3.44,5.04,4.56,5.22,3.98,4.91
E1179,Ingeniería en Construcción,1,D,29,15,87,83,21,1,3.2,5.6,Aprobado,5.23,6.04,4.74,6.04,4.17,2.91,4.77,5.52,4.95,4.9,6.18,5.76,5.84,4.35,3.75
E1180,Ingeniería Informática,2,C,32,6,84,60,18,0,3.7,4.5,Aprobado,4.15,5.05,4.77,3.59,3.67,3.56,4.21,4.58,4.39,3.91,4.96,3.81,4.5,2.98,4.69
E1181,Ingeniería Civil Industrial,3,D,30,17,88,92,23,5,6.2,7.0,Aprobado,5.31,5.18,6.8,6.39,6.41,3.28,5.52,5.99,6.08,4.8,6.56,7.0,6.67,3.49,5.08
E1182,Ingeniería Civil Industrial,1,C,31,15,85,78,26,0,4.4,6.8,Aprobado,6.62,4.08,6.64,6.76,7.0,3.08,5.57,5.44,4.87,5.76,6.41,6.04,7.0,5.87,3.33
E1183,Ingeniería Informática,1,C,34,5,58,54,8,1,5.8,3.8,Reprobado,2.08,3.64,3.4,2.42,3.44,3.18,2.8,2.92,3.15,1.65,3.8,3.69,2.47,4.89,3.86
E1184,Ingeniería Civil Industrial,3,A,32,12,72,61,25,4,3.8,4.0,Aprobado,3.93,4.0,4.15,4.38,4.29,5.03,4.54,5.68,4.9,4.15,4.55,4.19,3.48,5.1,3.79
E1185,Ingeniería Civil Industrial,1,D,33,7,73,71,8,2,4.5,5.1,Aprobado,4.92,3.03,5.09,4.16,3.93,5.02,3.86,3.76,5.21,2.34,4.14,3.68,4.72,3.82,5.1
E1186,Ingeniería Civil Industrial,2,C,27,11,84,70,20,0,4.8,5.6,Aprobado,4.74,5.72,5.14,5.1,4.3,2.41,2.56,4.61,3.87,2.37,5.07,5.27,4.73,4.19,4.46
E1187,Ingeniería Informática,4,C,28,13,83,56,21,2,5.5,5.3,Aprobado,3.49,5.06,3.91,3.51,4.5,3.85,4.74,4.55,4.27,4.94,4.38,4.63,4.54,3.97,5.1
E1188,Ingeniería Civil Industrial,3,D,25,6,93,58,16,0,2.7,3.1,Reprobado,5.16,1.92,4.73,4.07,4.02,4.21,3.34,4.48,3.37,3.46,2.63,2.74,3.23,5.63,2.58
E1189,Ingeniería Informática,3,B,25,16,72,78,19,1,5.0,5.8,Aprobado,4.8,4.97,4.96,4.57,5.64,5.29,4.8,5.17,4.9,5.17,5.28,5.15,4.92,3.73,4.15
E1190,Ingeniería Civil Industrial,4,D,23,5,80,42,16,4,5.4,3.7,Reprobado,5.67,4.68,5.35,4.38,4.18,3.33,2.47,3.62,3.17,2.64,3.3,2.7,5.21,5.69,4.51
E1191,Ingeniería en Construcción,2,B,26,13,77,86,23,1,6.1,5.6,Aprobado,5.9,3.59,6.13,5.77,6.08,3.22,5.4,4.3,3.19,3.67,5.21,5.2,5.4,2.03,3.55
E1192,Ingeniería en Construcción,1,A,30,14,65,67,17,1,3.8,3.9,Reprobado,4.32,4.94,6.05,4.36,4.04,2.87,4.24,4.23,3.9,2.34,3.99,4.7,3.89,3.61,3.88
E1193,Ingeniería Civil Industrial,2,C,26,9,67,70,13,5,4.7,5.1,Aprobado,2.91,4.08,4.36,4.52,4.52,1.93,4.25,4.62,4.7,3.69,5.11,4.0,3.87,5.29,3.94
E1194,Ingeniería Informática,4,B,29,11,50,58,11,5,3.2,2.5,Reprobado,3.05,4.81,3.33,3.78,3.24,4.47,3.58,3.68,4.27,2.73,2.53,4.42,2.47,6.03,5.4
E1195,Ingeniería Civil Industrial,4,C,24,4,66,64,10,3,4.2,3.9,Reprobado,4.13,2.37,4.08,4.59,3.73,2.49,3.23,3.52,2.85,3.27,2.56,2.99,2.72,5.79,4.12
E1196,Ingeniería Civil Industrial,3,C,33,12,95,89,30,3,4.9,6.1,Aprobado,6.76,3.64,6.93,6.58,6.5,1.25,5.21,4.41,6.02,4.85,5.81,4.24,6.79,5.68,6.17
E1197,Ingeniería Civil Industrial,3,C,28,12,69,62,19,2,4.5,5.6,Aprobado,4.1,4.12,4.82,4.37,2.93,2.53,4.65,5.27,4.82,4.64,3.09,4.07,4.64,5.87,2.7
E1198,Ingeniería en Construcción,3,C,27,10,75,66,22,1,3.5,4.5,Aprobado,3.36,6.04,4.21,4.35,4.13,5.09,5.4,6.14,5.54,4.71,4.1,4.71,4.28,3.76,6.68
E1199,Ingeniería Informática,3,A,25,13,61,68,19,2,3.9,5.2,Aprobado,3.75,3.49,4.39,4.18,4.21,4.07,4.1,4.39,5.37,4.14,3.67,4.51,3.18,3.99,3.89
E1200,Ingeniería Informática,1,C,27,9,83,72,13,6,5.1,5.2,Aprobado,5.85,4.49,5.53,5.86,5.02,3.02,5.0,5.75,5.57,4.51,5.09,4.16,5.81,5.32,3.38
E1201,Ingeniería Electrónica,3,C,27,11,71,60,11,2,5.0,4.6,Aprobado,4.38,4.25,4.93,3.67,4.9,4.13,4.34,3.95,4.64,2.56,3.56,4.29,4.37,3.87,4.47
E1202,Ingeniería en Construcción,1,B,25,12,61,38,21,2,4.3,3.7,Reprobado,3.85,5.61,4.11,2.99,3.66,4.58,3.6,3.78,3.34,1.88,2.49,3.85,3.62,5.04,4.71
E1203,Ingeniería Informática,4,C,30,9,67,73,15,5,3.9,4.0,Aprobado,5.28,4.73,5.65,5.86,5.39,3.94,3.63,4.37,4.18,4.48,4.31,3.32,5.13,4.91,5.32
E1204,Ingeniería en Construcción,2,C,33,10,63,50,7,0,3.6,3.1,Reprobado,3.52,4.22,4.02,3.03,3.09,4.4,3.79,4.56,4.02,4.64,2.41,3.72,3.05,2.23,4.48
E1205,Ingeniería Informática,2,D,32,15,84,84,18,0,5.4,6.2,Aprobado,6.71,5.06,6.09,6.23,6.63,4.43,5.75,4.36,5.99,4.58,5.33,5.68,6.25,2.75,3.9
E1206,Ingeniería en Construcción,2,C,22,10,74,66,19,0,3.8,4.1,Aprobado,5.01,2.03,5.06,5.39,3.84,3.57,5.06,4.5,3.4,3.57,4.21,3.87,4.34,4.73,4.29
E1207,Ingeniería Informática,1,A,30,10,84,65,14,1,5.3,5.6,Aprobado,4.7,4.81,5.73,4.51,4.65,3.46,5.66,4.72,5.96,5.45,4.19,4.57,4.4,4.9,3.09
E1208,Ingeniería Civil Industrial,4,B,25,19,82,85,31,1,5.1,5.9,Aprobado,4.76,4.71,4.7,5.11,4.66,3.61,4.99,5.72,6.01,5.85,5.8,6.33,5.77,4.9,3.21
E1209,Ingeniería Informática,4,D,28,11,73,42,21,3,4.7,4.3,Aprobado,3.71,3.63,3.98,3.76,3.6,3.49,3.13,3.84,3.58,3.16,4.35,3.63,4.22,3.15,5.18
E1210,Ingeniería Civil Industrial,2,D,22,16,80,86,25,1,4.5,5.9,Aprobado,3.64,3.27,5.43,5.17,5.49,4.64,5.71,6.64,6.71,6.27,5.57,6.44,5.49,3.04,4.89
E1211,Ingeniería Electrónica,4,B,26,13,83,75,18,2,4.8,5.3,Aprobado,4.48,4.0,5.26,4.86,4.08,3.06,4.97,4.92,4.78,4.62,4.63,5.28,5.57,4.02,3.59
E1212,Ingeniería Civil Industrial,2,D,29,16,77,80,20,7,3.6,5.6,Aprobado,5.84,5.76,5.87,6.61,5.38,3.16,5.81,7.0,6.4,6.32,5.53,5.86,6.37,4.83,4.12
E1213,Ingeniería Civil Industrial,1,B,26,11,63,53,8,5,3.4,4.3,Aprobado,5.64,3.91,5.82,4.37,4.17,4.52,5.35,4.14,4.52,4.69,4.82,3.94,4.42,5.14,4.04
E1214,Ingeniería en Construcción,4,B,25,7,63,61,13,0,4.9,3.0,Reprobado,5.04,5.56,5.26,3.91,4.65,3.82,4.25,4.04,4.5,4.17,3.15,4.44,4.33,3.15,2.95
E1215,Ingeniería Electrónica,1,A,29,10,82,68,23,2,4.1,3.8,Reprobado,4.45,6.17,3.7,4.0,4.19,6.75,5.32,4.85,4.57,5.06,3.68,4.28,3.35,3.97,4.43
E1216,Ingeniería Electrónica,1,A,34,7,81,82,7,1,4.8,4.8,Aprobado,5.15,4.39,5.2,4.66,5.37,3.01,3.33,4.15,4.5,3.37,4.71,4.34,5.05,4.38,2.97
E1217,Ingeniería Electrónica,2,A,30,11,77,84,24,4,5.2,5.2,Aprobado,5.55,3.56,6.24,5.07,5.36,3.44,2.58,4.33,3.62,3.07,4.71,5.02,5.01,4.3,5.67
E1218,Ingeniería Informática,1,B,29,7,54,59,13,1,6.1,3.2,Reprobado,1.54,6.01,1.02,1.35,2.19,2.77,3.44,4.42,3.53,4.11,3.26,2.78,1.99,1.8,6.01
E1219,Ingeniería en Construcción,2,D,30,12,83,79,19,6,5.1,5.6,Aprobado,5.19,6.25,5.3,4.67,5.14,3.57,4.14,3.83,4.44,3.22,4.49,4.67,5.48,4.56,6.15
E1220,Ingeniería Civil Industrial,2,D,33,10,77,55,10,1,5.2,5.2,Aprobado,4.81,3.73,5.13,5.03,5.02,1.0,3.93,4.57,2.74,3.89,3.91,3.86,4.65,3.86,6.87
E1221,Ingeniería Informática,2,A,30,11,65,65,22,6,5.6,4.9,Aprobado,4.66,4.71,5.42,4.47,5.92,4.1,4.56,4.2,4.46,3.41,5.02,4.58,3.88,5.7,3.98
E1222,Ingeniería Electrónica,3,D,33,15,61,65,23,3,4.7,4.8,Aprobado,4.36,5.43,4.13,4.11,4.92,3.05,4.87,3.41,2.53,3.42,5.09,5.19,4.8,4.7,6.23
E1223,Ingeniería Electrónica,1,C,29,18,84,62,21,0,4.7,6.2,Aprobado,4.05,6.04,4.58,4.58,4.58,3.22,5.88,6.17,5.95,5.17,4.67,6.66,4.77,4.37,3.57
E1224,Ingeniería Electrónica,4,C,29,11,73,58,19,3,4.7,4.2,Aprobado,4.59,4.55,5.28,5.14,4.14,4.63,3.85,4.59,3.72,4.85,4.84,5.22,4.53,3.78,6.97
E1225,Ingeniería Electrónica,3,C,29,18,81,88,15,1,4.8,7.0,Aprobado,5.55,6.79,6.31,5.54,5.5,2.6,6.11,4.53,5.36,5.05,6.29,6.94,5.26,3.93,4.51
E1226,Ingeniería Civil Industrial,1,D,23,7,78,67,14,4,4.9,4.3,Aprobado,3.58,3.8,4.05,3.27,4.14,2.76,3.76,4.04,3.76,3.82,4.05,3.57,4.66,6.33,5.02
E1227,Ingeniería en Construcción,4,B,33,9,81,55,11,2,4.0,5.4,Aprobado,4.91,3.46,4.54,4.52,4.68,4.04,4.26,4.19,4.3,6.13,3.58,3.49,4.9,2.88,6.24
E1228,Ingeniería en Construcción,3,C,32,8,59,54,8,1,4.1,3.5,Reprobado,3.29,4.96,4.17,4.0,3.69,3.22,3.29,4.31,3.35,3.25,3.59,3.57,3.33,3.94,4.4
E1229,Ingeniería Civil Industrial,4,A,22,12,72,50,13,4,3.9,3.9,Reprobado,3.43,4.5,4.42,3.15,3.03,3.24,3.42,3.33,3.41,2.94,3.11,2.91,3.81,4.06,4.39
E1230,Ingeniería Electrónica,1,B,25,14,71,81,17,1,4.2,4.9,Aprobado,5.47,5.23,6.45,5.79,6.19,3.48,3.55,3.17,3.58,3.17,4.89,4.51,5.21,3.18,4.01
E1231,Ingeniería en Construcción,1,D,33,13,83,84,18,1,3.9,5.1,Aprobado,4.41,5.01,5.6,5.18,6.22,2.63,4.49,4.24,4.2,3.43,6.06,5.2,5.68,3.69,4.95
E1232,Ingeniería Civil Industrial,1,C,29,9,78,65,9,2,5.4,4.6,Aprobado,5.1,5.31,5.57,5.58,5.12,4.57,3.35,3.82,3.62,4.2,4.32,4.3,4.39,3.74,4.75
E1233,Ingeniería Informática,3,D,30,8,75,66,20,2,4.7,5.4,Aprobado,7.0,6.37,6.81,5.55,6.1,2.33,3.22,3.57,3.57,3.04,4.89,4.32,4.89,3.43,2.94
E1234,Ingeniería Civil Industrial,2,B,29,12,66,52,17,2,4.7,4.7,Aprobado,4.52,4.2,3.76,3.57,3.87,1.78,4.11,4.39,4.7,4.78,4.28,5.74,4.15,3.96,4.86
E1235,Ingeniería Electrónica,4,A,24,6,72,62,1,4,5.9,4.9,Aprobado,3.8,5.37,3.5,3.72,4.16,2.52,5.1,4.36,5.17,3.93,4.1,4.5,4.07,3.69,4.22
E1236,Ingeniería Informática,4,C,27,12,81,85,18,4,4.6,6.2,Aprobado,4.34,4.09,4.93,4.59,6.32,3.13,4.97,6.18,5.4,4.66,5.35,4.81,4.85,3.98,5.32
E1237,Ingeniería Civil Industrial,1,D,34,16,81,66,31,3,5.2,5.7,Aprobado,5.33,4.64,5.65,6.24,5.63,3.65,5.46,5.25,4.63,4.61,4.45,5.31,5.4,5.71,3.59
E1238,Ingeniería en Construcción,2,A,27,16,87,91,32,3,4.8,6.3,Aprobado,5.38,4.33,4.93,5.72,5.48,3.87,6.24,6.14,5.98,6.12,5.85,7.0,6.05,3.25,5.27
E1239,Ingeniería Electrónica,4,C,34,5,84,56,15,1,5.7,5.9,Aprobado,5.7,4.11,6.05,4.69,4.31,3.67,2.65,3.97,3.66,3.51,3.67,4.45,4.83,4.03,5.13
E1240,Ingeniería Electrónica,4,B,30,16,67,75,22,2,5.1,6.3,Aprobado,3.54,5.97,4.74,3.35,3.57,3.69,4.11,4.56,4.77,4.0,4.99,4.82,4.49,3.15,4.27
E1241,Ingeniería Civil Industrial,1,A,32,7,81,72,14,0,3.0,4.8,Aprobado,4.95,3.34,5.1,4.18,4.51,3.2,3.52,3.58,2.58,3.91,4.53,4.03,4.3,2.89,3.99
E1242,Ingeniería Informática,3,A,34,13,67,53,19,2,5.1,4.1,Aprobado,4.53,3.81,5.5,4.49,4.23,4.78,3.82,5.12,4.54,4.69,4.58,4.33,4.13,4.69,4.94
E1243,Ingeniería Informática,4,D,30,10,72,59,22,0,4.4,4.8,Aprobado,4.81,5.42,5.1,5.73,5.03,4.47,5.53,5.25,5.39,5.41,4.74,4.89,5.62,3.58,3.75
E1244,Ingeniería en Construcción,2,C,22,9,76,76,8,4,3.5,4.2,Aprobado,4.5,4.99,5.5,4.15,4.42,2.13,5.36,5.73,5.13,4.5,4.52,4.33,4.13,3.0,3.66
E1245,Ingeniería Informática,1,A,32,11,80,84,22,2,4.3,5.4,Aprobado,5.37,5.57,5.62,5.15,4.05,3.55,5.87,6.0,5.29,6.07,5.28,5.41,4.64,2.19,5.33
E1246,Ingeniería Civil Industrial,3,B,34,9,59,77,10,1,4.0,4.8,Aprobado,3.19,4.03,4.27,3.97,4.04,3.89,5.7,5.48,5.89,5.73,3.86,4.39,3.82,3.65,3.99
E1247,Ingeniería Informática,1,B,34,13,71,63,19,2,4.1,4.5,Aprobado,3.86,5.08,4.06,3.77,3.62,1.0,4.61,4.34,4.42,3.95,3.99,4.54,3.03,3.31,4.87
E1248,Ingeniería en Construcción,3,D,32,8,77,75,21,2,5.2,5.2,Aprobado,3.63,3.32,3.9,4.67,4.79,2.87,5.62,5.74,6.11,5.5,5.42,4.9,5.12,2.69,5.26
E1249,Ingeniería Informática,3,D,29,16,82,87,23,2,4.4,5.8,Aprobado,4.48,4.35,4.81,4.64,3.94,3.08,4.8,5.43,4.97,5.35,4.78,4.68,5.1,3.58,4.14
E1250,Ingeniería Electrónica,4,A,34,8,61,50,12,2,3.5,3.2,Reprobado,2.88,4.87,3.6,2.88,2.73,5.85,4.47,5.46,3.56,4.42,3.53,3.36,2.21,4.39,5.77
E1251,Ingeniería Informática,1,B,24,16,61,61,24,2,4.1,4.3,Aprobado,4.51,5.01,4.23,4.44,4.34,3.56,3.69,3.43,4.13,2.97,4.88,6.02,3.81,3.63,3.95
E1252,Ingeniería Civil Industrial,1,D,26,16,74,78,23,2,4.8,5.6,Aprobado,5.14,4.74,5.16,5.69,4.64,3.01,5.97,6.33,5.44,5.06,4.79,5.75,5.4,6.26,3.72
E1253,Ingeniería Civil Industrial,3,A,32,7,77,72,19,6,6.1,4.6,Aprobado,3.96,4.76,5.41,3.94,4.8,4.03,4.68,4.36,5.2,5.01,4.48,4.08,4.18,5.49,4.04
E1254,Ingeniería en Construcción,3,C,22,12,76,78,28,0,4.4,5.5,Aprobado,4.08,5.01,4.58,3.39,4.17,2.76,5.34,4.82,5.01,4.47,4.02,4.65,4.88,2.86,5.27
E1255,Ingeniería Informática,2,A,31,11,80,68,18,0,4.8,5.5,Aprobado,5.95,5.11,6.06,4.87,5.23,3.04,3.85,3.86,4.18,3.63,4.26,4.31,4.8,2.99,4.13
E1256,Ingeniería Civil Industrial,2,C,31,15,88,85,15,2,4.0,5.5,Aprobado,5.59,4.64,5.84,5.35,5.54,4.23,5.67,3.75,4.78,4.93,6.24,6.66,6.02,2.35,4.78
E1257,Ingeniería Electrónica,1,D,25,11,81,74,18,0,4.2,4.8,Aprobado,4.56,3.43,4.96,4.72,4.92,1.69,5.91,4.87,5.76,4.66,4.97,5.66,4.84,3.83,3.45
E1258,Ingeniería en Construcción,1,D,33,10,73,53,25,3,3.9,5.3,Aprobado,3.22,5.43,4.25,4.47,4.35,1.98,3.62,4.24,4.52,3.53,4.16,4.25,4.74,4.77,5.81
E1259,Ingeniería en Construcción,4,C,30,17,89,87,18,4,5.1,7.0,Aprobado,7.0,6.2,7.0,6.17,5.91,3.68,3.23,3.58,2.85,3.66,5.01,5.24,6.19,4.46,5.31
E1260,Ingeniería en Construcción,2,B,27,9,56,73,16,5,5.8,3.9,Reprobado,2.27,5.76,3.12,3.08,4.01,3.22,4.81,4.78,3.41,3.53,4.23,3.72,3.31,4.16,6.39
E1261,Ingeniería Electrónica,3,B,30,15,62,83,24,1,6.0,5.1,Aprobado,7.0,4.35,6.89,5.53,4.75,5.24,2.39,3.2,2.49,1.97,4.85,4.66,4.8,3.24,3.4
E1262,Ingeniería Informática,2,C,24,9,86,63,13,2,6.1,5.3,Aprobado,5.19,4.9,5.82,4.94,5.53,1.02,3.61,4.17,3.16,5.07,3.03,4.17,4.42,4.79,3.59
E1263,Ingeniería Electrónica,3,C,24,9,77,69,15,5,3.6,4.7,Aprobado,5.7,6.69,5.63,5.14,4.42,5.48,3.22,3.81,4.6,5.21,5.02,4.18,4.48,5.79,4.71
E1264,Ingeniería Electrónica,1,D,29,13,69,59,10,2,3.8,4.3,Aprobado,4.52,4.78,4.49,4.08,4.13,4.59,4.38,4.95,4.09,3.8,4.22,5.38,3.67,4.19,4.76
E1265,Ingeniería Civil Industrial,3,C,34,12,85,72,16,0,4.4,5.7,Aprobado,4.37,3.08,4.93,4.57,5.27,3.08,4.8,5.08,4.9,4.38,4.62,4.33,5.0,4.43,5.83
E1266,Ingeniería Civil Industrial,1,D,22,12,76,54,21,3,3.6,4.9,Aprobado,6.78,5.19,7.0,7.0,6.29,3.52,3.14,3.8,3.65,3.2,4.62,5.15,5.46,1.53,5.88
E1267,Ingeniería Electrónica,3,A,22,15,80,60,23,3,5.4,4.8,Aprobado,3.92,4.62,5.39,4.55,4.15,2.31,4.31,4.7,5.15,4.43,5.43,5.95,4.71,4.37,3.9
E1268,Ingeniería Electrónica,1,D,23,14,82,85,24,0,3.8,5.6,Aprobado,6.58,4.97,5.43,5.87,6.34,4.5,4.01,4.15,3.75,3.89,4.59,4.27,4.69,2.49,5.08
E1269,Ingeniería en Construcción,4,B,28,12,94,61,8,2,4.3,5.3,Aprobado,2.96,6.4,4.7,3.87,4.69,4.62,5.14,6.59,5.77,4.82,5.15,5.89,4.5,3.97,3.54
E1270,Ingeniería Informática,3,A,34,12,88,72,19,2,4.9,5.1,Aprobado,5.88,4.75,6.81,5.89,5.5,5.11,3.82,4.4,4.72,4.2,5.25,5.02,4.7,5.59,3.99
E1271,Ingeniería en Construcción,3,C,34,16,73,90,23,0,6.4,7.0,Aprobado,6.25,5.41,6.21,5.87,5.64,1.79,5.71,5.2,5.0,5.98,6.03,5.42,5.22,3.09,4.37
E1272,Ingeniería Electrónica,2,B,30,15,90,85,24,1,3.9,5.4,Aprobado,3.82,5.14,4.98,5.29,4.73,5.43,4.58,4.04,3.95,4.94,5.77,6.13,4.85,3.86,4.9
E1273,Ingeniería en Construcción,1,B,31,6,78,54,9,2,4.0,4.2,Aprobado,5.75,2.97,5.55,4.63,4.48,3.43,3.43,3.96,3.81,2.4,2.21,1.74,3.28,4.83,6.05
E1274,Ingeniería Electrónica,4,B,24,14,89,83,22,2,5.4,6.5,Aprobado,5.8,2.95,6.08,5.29,5.84,5.09,4.92,5.06,4.99,4.17,5.57,6.51,6.12,3.73,4.15
E1275,Ingeniería Informática,4,B,24,12,98,89,20,5,4.7,7.0,Aprobado,7.0,5.0,7.0,7.0,7.0,2.61,5.51,6.09,5.24,5.49,6.03,5.25,6.29,3.62,6.02
E1276,Ingeniería Informática,1,B,28,7,60,65,10,1,5.4,4.4,Aprobado,4.51,5.08,4.81,3.69,5.09,3.17,3.4,4.38,3.66,3.33,3.55,3.68,3.94,3.51,3.98
E1277,Ingeniería en Construcción,1,C,27,9,62,76,14,3,4.1,4.4,Aprobado,4.09,6.72,4.77,4.65,3.33,3.56,3.34,3.57,2.88,3.66,4.66,4.75,4.62,3.83,3.64
E1278,Ingeniería Civil Industrial,1,A,22,10,56,62,19,5,5.7,3.0,Reprobado,3.26,5.88,3.5,4.66,4.29,6.93,5.53,3.45,3.69,3.24,4.14,4.48,3.56,5.61,5.1
E1279,Ingeniería Civil Industrial,3,C,29,9,76,70,12,4,6.5,5.7,Aprobado,5.72,4.76,5.84,4.73,5.64,2.87,2.96,2.96,2.86,2.59,4.52,4.25,5.35,5.31,5.32
E1280,Ingeniería Informática,1,D,26,18,72,64,27,3,4.1,4.7,Aprobado,5.58,5.37,5.94,5.28,4.78,5.43,5.21,4.08,4.64,4.48,4.61,6.05,5.06,6.12,2.93
E1281,Ingeniería en Construcción,4,D,23,7,64,73,14,4,5.5,4.9,Aprobado,6.57,4.27,5.86,5.28,4.38,5.33,2.92,2.26,3.78,3.71,4.48,4.08,4.18,2.69,4.82
E1282,Ingeniería Civil Industrial,3,C,28,11,68,67,21,1,5.4,4.1,Aprobado,5.16,4.58,5.49,4.53,4.03,3.53,4.2,4.12,4.9,4.62,4.58,3.84,4.76,3.97,4.35
E1283,Ingeniería Electrónica,4,B,30,15,78,72,19,2,4.3,5.1,Aprobado,4.98,5.97,5.09,4.72,5.1,1.81,6.06,4.86,6.16,4.6,5.92,5.69,4.61,4.72,3.59
E1284,Ingeniería en Construcción,4,C,32,10,86,89,12,1,4.2,5.4,Aprobado,6.54,3.89,6.14,5.88,6.06,6.02,3.96,3.1,4.31,3.19,5.17,4.8,5.21,4.3,3.13
E1285,Ingeniería Informática,1,C,24,7,55,69,8,3,3.6,3.0,Reprobado,3.78,6.82,4.45,4.15,3.9,3.85,4.73,4.54,4.31,4.08,4.1,3.17,3.71,4.07,3.29
E1286,Ingeniería Electrónica,4,C,30,3,71,64,16,5,4.9,5.1,Aprobado,5.55,4.49,6.11,5.92,5.11,3.47,6.07,6.11,6.23,4.75,4.65,3.92,5.84,4.22,6.64
E1287,Ingeniería Informática,3,D,26,12,62,79,18,0,5.4,4.9,Aprobado,4.1,4.29,5.3,4.4,4.71,3.24,3.66,3.42,3.3,3.51,4.77,5.15,4.1,5.24,3.3
E1288,Ingeniería Electrónica,2,B,28,14,75,57,21,4,5.6,6.1,Aprobado,4.85,5.37,5.28,4.79,4.13,1.52,4.16,4.82,4.12,3.7,4.85,4.78,5.36,4.34,3.86
E1289,Ingeniería Civil Industrial,2,C,28,14,70,78,23,2,5.7,5.8,Aprobado,5.15,5.12,5.48,5.04,4.31,3.61,5.58,5.77,4.81,5.14,5.78,5.25,5.18,4.53,4.47
E1290,Ingeniería Electrónica,1,A,30,15,67,77,27,3,3.9,5.2,Aprobado,3.13,3.94,4.33,3.86,4.49,2.62,6.06,6.17,6.09,5.45,5.03,5.99,4.58,5.19,5.29
E1291,Ingeniería Electrónica,3,B,29,2,75,60,8,1,5.6,3.8,Reprobado,4.24,4.8,4.78,3.95,3.29,3.06,4.38,4.4,4.71,4.89,3.67,3.34,4.36,2.61,3.99
E1292,Ingeniería Informática,1,B,29,15,76,75,31,1,4.3,6.0,Aprobado,5.24,7.0,5.24,5.74,5.5,3.83,4.38,4.22,4.38,4.29,5.9,5.69,5.34,5.19,3.14
E1293,Ingeniería Electrónica,1,D,30,10,82,80,9,3,3.7,5.0,Aprobado,4.31,4.92,5.31,5.66,5.91,3.76,5.08,6.01,5.45,7.0,5.48,5.31,4.81,3.4,5.4
E1294,Ingeniería Civil Industrial,1,B,30,15,87,82,29,3,4.6,6.4,Aprobado,5.68,1.78,5.81,5.53,5.63,2.49,5.73,5.02,6.13,4.38,5.42,5.75,5.1,5.42,5.04
E1295,Ingeniería Civil Industrial,4,A,24,2,70,58,8,4,4.6,4.0,Aprobado,3.84,2.64,5.03,4.61,3.07,1.0,3.19,2.86,2.94,1.0,2.69,2.17,3.87,4.07,3.43
E1296,Ingeniería Electrónica,2,C,33,11,71,69,21,1,4.6,4.5,Aprobado,3.99,3.84,3.92,3.97,3.83,2.52,3.79,3.63,3.45,3.81,4.57,3.64,4.38,2.92,3.96
E1297,Ingeniería Civil Industrial,1,C,28,10,65,68,10,2,4.4,4.2,Aprobado,4.28,5.12,3.38,5.26,4.34,4.2,4.95,4.19,4.1,4.46,5.05,4.14,4.37,3.65,4.45
E1298,Ingeniería Civil Industrial,3,D,23,10,77,86,16,3,4.2,5.5,Aprobado,4.84,5.41,5.22,5.76,6.03,4.69,6.39,5.55,5.24,4.71,5.93,5.22,5.2,5.05,3.5
E1299,Ingeniería Informática,2,D,25,10,79,61,17,0,5.1,4.3,Aprobado,4.08,3.84,5.31,4.52,4.06,5.55,3.4,3.9,4.36,3.77,4.0,4.39,5.12,2.29,5.03
E1300,Ingeniería en Construcción,3,D,25,21,87,63,31,2,4.8,5.8,Aprobado,5.77,5.3,4.84,5.44,4.79,4.72,4.99,4.45,5.22,3.2,5.81,6.13,5.97,3.27,5.14
E1301,Ingeniería Civil Industrial,3,B,26,13,78,93,22,2,4.5,6.0,Aprobado,5.79,3.18,6.66,6.51,6.92,4.88,5.37,4.87,6.27,3.93,5.58,5.87,6.03,5.73,4.53
E1302,Ingeniería Electrónica,3,A,26,11,62,76,8,2,5.9,4.3,Aprobado,3.63,2.66,3.94,3.24,4.72,4.2,4.68,4.8,5.56,4.22,5.04,5.24,4.1,3.9,3.48
E1303,Ingeniería Civil Industrial,1,C,31,7,72,62,4,1,5.6,3.9,Reprobado,4.01,3.74,5.19,4.39,4.37,4.96,3.48,3.61,3.42,1.85,3.03,3.47,4.02,4.1,5.71
E1304,Ingeniería en Construcción,1,B,31,10,82,91,11,0,5.4,4.9,Aprobado,5.8,2.67,6.05,5.4,4.99,5.45,5.6,5.9,5.59,4.76,4.82,5.01,4.76,3.71,3.36
E1305,Ingeniería Civil Industrial,2,A,28,12,72,68,21,1,4.9,4.9,Aprobado,5.39,3.9,4.84,4.37,3.88,5.24,5.66,5.11,5.4,5.08,4.9,4.84,4.98,3.86,2.78
E1306,Ingeniería Informática,2,C,31,7,91,67,16,2,5.1,4.6,Aprobado,4.11,6.01,4.33,3.63,5.28,4.98,3.99,4.88,5.13,3.06,3.4,3.44,4.71,5.89,3.64
E1307,Ingeniería Informática,2,A,34,17,91,87,22,0,4.9,7.0,Aprobado,6.1,5.36,6.21,6.13,6.7,3.63,4.88,5.78,5.01,5.66,6.03,6.41,5.85,3.75,3.96
E1308,Ingeniería Informática,1,B,25,9,82,72,18,4,5.4,5.2,Aprobado,5.45,4.06,5.31,4.3,4.69,4.07,4.54,3.46,4.26,3.7,4.69,5.16,4.22,4.85,5.48
E1309,Ingeniería Informática,1,D,32,12,83,51,17,2,4.8,5.2,Aprobado,6.35,4.74,5.22,5.63,4.88,4.35,5.69,4.84,3.64,5.64,5.12,5.12,3.8,4.7,3.69
E1310,Ingeniería en Construcción,3,B,28,10,72,65,24,3,4.6,4.9,Aprobado,3.89,4.29,4.83,4.09,3.4,3.29,5.17,5.37,5.04,4.37,4.52,4.88,4.2,5.07,4.94
E1311,Ingeniería Electrónica,4,C,33,12,83,76,14,3,3.7,5.2,Aprobado,4.99,3.87,6.29,6.03,5.33,4.67,4.44,5.36,4.21,3.76,5.53,5.17,5.96,3.51,5.1
E1312,Ingeniería Electrónica,4,D,22,12,69,68,20,1,3.6,4.4,Aprobado,3.82,3.02,4.67,4.43,5.01,3.76,4.39,4.26,2.96,3.46,4.82,4.77,3.65,3.74,3.58
E1313,Ingeniería Electrónica,1,B,26,18,78,67,35,3,3.7,5.7,Aprobado,4.6,4.95,5.36,5.02,5.53,4.38,6.87,6.28,5.71,5.06,5.15,5.2,4.64,5.5,4.17
E1314,Ingeniería Electrónica,2,A,31,12,59,64,14,2,4.0,4.4,Aprobado,4.79,5.31,5.15,3.97,3.97,3.4,3.23,4.13,3.34,2.81,4.04,4.51,4.4,2.96,5.03
E1315,Ingeniería Electrónica,3,D,33,15,63,57,25,4,2.9,3.5,Reprobado,3.36,5.5,3.63,3.38,4.04,5.19,4.36,4.91,4.56,4.05,4.47,3.86,3.91,5.41,5.62
E1316,Ingeniería Civil Industrial,3,A,34,16,85,62,19,4,2.3,4.4,Aprobado,5.55,3.23,5.8,5.65,4.76,3.85,2.99,2.94,3.51,3.72,4.76,6.22,4.48,5.05,4.0
E1317,Ingeniería Electrónica,1,D,22,11,67,72,17,6,5.1,4.9,Aprobado,2.44,4.84,2.49,3.36,3.09,3.48,5.27,4.94,4.75,5.12,3.9,4.04,3.69,4.77,3.63
E1318,Ingeniería Civil Industrial,1,D,22,17,76,63,26,4,4.8,5.2,Aprobado,2.8,3.99,3.23,3.73,3.97,3.25,4.6,4.6,4.82,3.61,4.33,4.88,4.48,5.67,5.4
E1319,Ingeniería Electrónica,4,A,27,10,83,77,18,0,3.6,5.6,Aprobado,5.42,4.99,6.15,6.54,5.5,4.39,4.56,5.63,4.97,3.95,4.5,4.14,5.67,3.6,3.24
E1320,Ingeniería en Construcción,2,C,30,20,77,78,30,2,5.5,6.6,Aprobado,4.43,3.7,3.89,5.46,5.21,2.83,6.67,6.78,6.79,5.92,5.97,7.0,4.86,2.94,6.78
E1321,Ingeniería Electrónica,3,A,23,16,68,69,30,4,4.5,5.6,Aprobado,5.34,4.02,5.05,5.65,4.47,2.98,5.38,4.71,5.05,4.78,5.33,6.06,5.79,4.1,5.71
E1322,Ingeniería en Construcción,2,A,31,9,79,42,7,4,2.4,3.8,Reprobado,5.61,4.02,5.74,5.19,4.96,2.27,3.81,4.11,4.43,3.15,4.24,3.77,5.09,5.17,3.46
E1323,Ingeniería Civil Industrial,4,D,31,9,63,60,16,0,4.1,3.8,Reprobado,5.19,4.04,5.88,4.53,4.96,5.85,3.79,2.76,4.4,3.57,3.5,3.54,4.68,3.99,6.22
E1324,Ingeniería en Construcción,2,C,30,18,86,86,25,2,5.1,5.6,Aprobado,5.89,5.81,6.52,5.68,5.53,5.16,6.03,6.02,6.2,5.59,5.56,6.06,5.81,3.27,2.58
E1325,Ingeniería Electrónica,2,B,24,11,76,86,17,0,3.6,5.2,Aprobado,4.54,5.34,4.92,4.33,4.27,3.46,5.66,5.77,5.13,5.68,4.17,4.96,4.69,2.94,4.04
E1326,Ingeniería Informática,3,B,32,14,84,70,31,2,4.8,6.1,Aprobado,6.32,4.33,6.21,5.69,5.98,1.11,4.57,4.26,5.14,5.52,5.61,4.63,4.97,2.42,3.48
E1327,Ingeniería en Construcción,4,A,33,11,79,70,21,3,5.9,5.1,Aprobado,6.0,5.07,5.62,5.46,4.88,4.58,3.59,5.13,4.64,2.88,4.69,4.64,4.95,4.47,2.99
E1328,Ingeniería en Construcción,1,B,22,16,87,82,17,2,3.7,5.6,Aprobado,5.72,5.28,5.44,5.93,5.88,4.44,4.64,4.19,5.32,4.78,5.29,5.97,5.04,3.77,2.68
E1329,Ingeniería Informática,3,B,33,13,81,54,18,2,6.2,4.9,Aprobado,5.56,4.34,6.13,5.48,4.84,3.43,4.92,4.5,5.08,3.8,5.15,4.39,5.13,3.06,4.44
E1330,Ingeniería en Construcción,1,C,22,13,79,77,17,1,4.9,5.2,Aprobado,4.18,4.41,4.74,4.26,4.68,4.13,3.35,3.31,3.93,3.27,5.1,4.24,4.2,5.31,3.66
E1331,Ingeniería Informática,2,C,34,18,93,80,24,4,4.5,7.0,Aprobado,5.16,4.19,5.23,5.58,5.55,2.97,5.84,5.24,4.49,4.88,5.13,6.22,5.86,3.66,4.6
E1332,Ingeniería Informática,2,A,26,12,90,81,9,0,4.4,6.0,Aprobado,5.16,4.11,4.29,4.51,5.11,6.23,4.37,5.57,5.41,4.85,6.37,5.58,5.2,2.54,4.18
E1333,Ingeniería Electrónica,2,A,23,13,90,67,16,3,4.9,5.7,Aprobado,4.84,5.7,4.36,4.76,4.48,1.67,4.77,3.66,4.45,4.48,4.86,4.78,4.32,5.02,4.0
E1334,Ingeniería Informática,1,D,22,11,71,58,17,3,3.7,4.0,Aprobado,5.35,3.46,5.58,5.58,5.12,1.47,2.25,3.51,2.61,2.39,3.61,4.14,4.39,4.4,3.94
E1335,Ingeniería Informática,4,A,22,11,67,70,18,2,4.8,5.0,Aprobado,5.5,3.65,6.06,4.96,5.74,3.71,5.79,5.39,4.21,4.85,5.53,4.91,5.31,4.46,3.71
E1336,Ingeniería Informática,2,B,30,13,72,69,23,1,4.4,5.3,Aprobado,5.14,5.64,4.74,4.55,5.35,2.24,4.37,4.49,4.98,5.09,5.19,4.2,5.23,5.12,4.63
E1337,Ingeniería en Construcción,2,A,32,6,83,72,15,7,4.0,5.0,Aprobado,4.86,4.39,6.06,4.96,4.73,4.23,2.17,3.58,3.38,3.72,4.87,3.79,4.27,4.94,4.89
E1338,Ingeniería Electrónica,3,D,33,13,93,68,12,0,4.6,6.0,Aprobado,5.58,4.26,6.91,5.53,6.57,5.41,4.25,5.42,4.34,4.59,5.01,4.84,5.36,3.35,2.52
E1339,Ingeniería Informática,1,B,30,12,65,70,19,5,3.7,4.6,Aprobado,4.46,3.91,4.83,4.36,4.31,3.7,3.81,4.16,3.91,4.24,4.38,4.03,4.83,5.35,4.74
E1340,Ingeniería en Construcción,1,C,32,14,97,80,20,2,4.6,6.3,Aprobado,5.63,4.52,5.5,5.34,5.97,5.41,4.72,5.82,4.88,4.58,5.48,5.72,5.67,2.94,4.45
E1341,Ingeniería Civil Industrial,2,B,33,16,76,92,25,6,5.5,6.2,Aprobado,6.0,4.35,5.98,6.52,5.67,5.08,3.21,4.88,6.2,4.73,5.92,6.11,5.43,4.96,4.22
E1342,Ingeniería Electrónica,2,C,27,13,87,72,30,0,5.3,6.0,Aprobado,4.99,5.94,5.81,6.13,5.4,4.38,4.78,4.58,4.83,4.63,7.0,5.67,6.92,3.87,3.32
E1343,Ingeniería Electrónica,1,A,31,12,87,71,16,3,4.6,5.0,Aprobado,6.19,4.21,6.67,6.36,4.78,4.14,3.2,3.41,3.06,1.5,5.08,3.9,6.04,3.79,4.48
E1344,Ingeniería Civil Industrial,4,C,34,13,73,63,20,5,4.6,4.9,Aprobado,4.49,2.9,5.39,4.99,4.88,1.2,3.78,3.85,3.58,3.74,4.88,5.19,5.06,6.81,4.21
E1345,Ingeniería Electrónica,2,B,30,12,95,79,18,6,4.4,5.7,Aprobado,5.96,3.4,6.4,6.03,5.21,3.45,3.9,4.36,4.47,4.5,4.86,5.42,5.38,7.0,3.84
E1346,Ingeniería Civil Industrial,4,B,29,7,58,52,9,2,4.3,2.8,Reprobado,4.13,3.34,4.31,3.96,2.83,3.97,3.89,3.48,3.39,3.26,3.6,3.84,2.3,3.78,3.84
E1347,Ingeniería Electrónica,2,A,28,14,95,78,25,2,6.1,7.0,Aprobado,5.26,4.41,5.65,5.85,6.53,4.1,4.76,5.62,5.28,3.97,5.22,6.82,5.87,4.37,4.06
E1348,Ingeniería Informática,2,C,29,13,67,71,19,1,4.6,5.0,Aprobado,3.83,5.41,4.31,4.08,4.52,4.12,5.96,5.77,5.82,3.82,5.59,4.55,4.1,2.29,5.71
E1349,Ingeniería Informática,3,C,26,15,84,72,18,1,4.8,5.3,Aprobado,6.38,4.71,7.0,5.38,5.16,3.85,3.95,3.93,3.39,3.58,4.47,5.11,5.22,2.94,3.37
E1350,Ingeniería en Construcción,1,A,33,10,80,77,15,1,5.3,6.5,Aprobado,6.0,4.08,5.88,5.32,6.32,2.47,3.95,3.74,3.69,3.24,4.99,5.42,5.27,4.06,3.95
E1351,Ingeniería Informática,4,C,29,14,77,96,10,2,3.6,4.9,Aprobado,4.25,5.96,5.01,4.55,3.4,4.22,5.86,5.05,5.29,4.18,5.27,5.63,4.91,4.29,3.74
E1352,Ingeniería Civil Industrial,2,D,32,7,62,73,11,1,5.2,3.5,Reprobado,5.59,4.79,5.69,4.62,4.32,4.35,2.68,3.32,4.24,2.45,3.79,2.96,4.51,3.12,4.48
E1353,Ingeniería Informática,1,A,26,12,70,68,21,3,4.8,4.9,Aprobado,5.35,3.32,6.37,5.48,4.96,3.61,4.1,4.96,3.95,6.39,4.97,5.39,5.53,3.71,4.95
E1354,Ingeniería Civil Industrial,2,B,22,17,73,75,20,2,5.0,5.7,Aprobado,6.15,5.08,6.51,6.12,6.17,5.11,5.24,5.28,4.9,5.84,5.9,6.7,5.19,4.48,4.41
E1355,Ingeniería en Construcción,3,C,29,18,90,79,16,0,4.6,6.6,Aprobado,6.78,4.7,6.61,5.79,5.8,3.09,4.99,5.11,4.07,4.16,5.24,6.51,6.39,2.25,4.22
E1356,Ingeniería en Construcción,3,B,32,4,59,61,2,0,5.5,4.0,Aprobado,3.2,4.28,3.87,4.21,3.62,3.2,2.72,3.24,2.66,2.26,3.46,3.17,3.05,5.34,2.97
E1357,Ingeniería Informática,1,B,31,12,69,62,11,0,3.5,4.6,Aprobado,4.62,5.16,4.56,4.55,3.07,2.39,3.23,4.74,4.12,4.03,4.25,4.67,4.24,2.71,6.66
E1358,Ingeniería Civil Industrial,3,A,32,17,77,71,23,2,3.5,5.0,Aprobado,4.07,5.09,4.44,4.64,5.11,4.73,3.15,4.68,4.41,4.46,5.11,5.62,4.59,5.07,3.55
E1359,Ingeniería en Construcción,1,C,34,7,68,68,21,4,4.4,4.1,Aprobado,3.13,5.91,3.35,3.4,3.49,2.72,5.24,4.8,4.68,4.81,4.61,3.72,3.29,4.81,5.22
E1360,Ingeniería Civil Industrial,1,B,32,10,63,64,13,5,4.1,5.3,Aprobado,3.94,3.8,4.44,3.53,3.85,2.32,5.05,3.62,4.51,4.43,4.37,4.44,4.7,5.2,4.14
E1361,Ingeniería en Construcción,2,C,28,7,83,56,12,1,5.5,3.5,Reprobado,4.59,4.42,4.83,3.47,4.12,4.72,3.14,2.75,2.71,2.89,3.22,2.51,4.36,4.26,6.03
E1362,Ingeniería Electrónica,3,B,23,16,78,82,22,1,5.4,5.3,Aprobado,3.91,4.89,4.7,5.4,4.66,4.13,4.83,4.69,5.81,4.22,4.95,5.3,4.58,3.05,2.78
E1363,Ingeniería Civil Industrial,1,A,34,11,77,68,24,4,4.1,4.9,Aprobado,4.63,4.74,6.41,5.38,5.14,3.64,2.74,3.11,2.76,2.76,4.89,4.08,4.57,4.98,5.55
E1364,Ingeniería Informática,4,C,24,8,65,65,7,0,5.0,4.0,Aprobado,5.76,5.13,5.35,4.84,5.28,6.67,5.53,4.66,4.53,4.5,4.12,2.88,4.63,3.01,2.21
E1365,Ingeniería Civil Industrial,2,B,24,16,90,93,32,3,5.5,6.6,Aprobado,5.25,3.57,6.51,5.71,5.64,1.98,5.65,6.08,5.8,5.21,5.48,5.44,6.58,3.32,5.99
E1366,Ingeniería Civil Industrial,2,C,32,5,93,76,6,3,5.8,6.2,Aprobado,5.26,4.54,5.77,5.17,5.79,2.66,5.07,4.77,4.77,4.15,4.79,4.16,4.99,3.07,4.54
E1367,Ingeniería Informática,3,B,29,9,67,93,16,1,4.5,5.2,Aprobado,4.15,5.38,5.14,5.16,4.99,5.61,4.8,5.3,4.2,4.84,5.13,4.47,5.16,3.69,5.24
E1368,Ingeniería Electrónica,2,A,23,12,85,82,19,2,4.4,4.6,Aprobado,3.83,6.36,3.97,3.9,3.63,4.18,4.57,5.05,4.55,3.44,3.84,3.3,4.75,2.83,4.4
E1369,Ingeniería Civil Industrial,3,C,34,16,97,69,34,2,5.5,6.1,Aprobado,6.38,4.03,6.22,5.54,6.22,3.82,4.8,5.5,5.12,4.76,5.44,5.22,5.36,3.53,4.99
E1370,Ingeniería Electrónica,2,C,32,9,68,54,21,3,5.1,5.3,Aprobado,5.31,3.74,4.94,4.9,5.59,5.59,4.74,4.67,4.17,6.1,3.49,4.93,4.34,4.51,4.59
E1371,Ingeniería en Construcción,2,B,23,13,74,68,21,1,5.1,5.6,Aprobado,7.0,3.79,7.0,6.48,6.17,3.03,2.72,4.45,3.71,3.26,4.77,5.47,5.55,2.28,3.18
E1372,Ingeniería Informática,1,D,24,14,65,65,17,3,5.4,4.7,Aprobado,3.37,4.27,3.86,3.77,3.06,3.5,4.99,6.42,6.11,4.95,5.25,5.42,4.97,4.48,3.93
E1373,Ingeniería Informática,4,B,30,7,80,73,15,2,3.6,4.7,Aprobado,3.66,5.18,4.12,3.11,3.24,3.7,3.48,4.13,5.02,5.75,3.68,2.97,4.52,3.13,5.97
E1374,Ingeniería Informática,4,B,34,17,73,50,27,3,3.3,3.9,Reprobado,4.72,4.67,4.96,5.12,4.0,5.03,2.52,4.03,3.78,1.97,3.03,4.77,4.45,3.54,5.76
E1375,Ingeniería en Construcción,3,B,30,9,71,70,13,0,4.1,5.1,Aprobado,4.34,4.91,5.78,4.11,4.3,3.53,3.98,4.56,4.42,3.34,5.5,4.44,4.48,4.15,4.33
E1376,Ingeniería en Construcción,2,B,28,11,61,60,19,1,4.6,3.2,Reprobado,3.88,5.37,3.55,2.95,2.24,2.67,3.53,3.73,3.67,3.65,2.67,3.39,3.14,4.1,5.78
E1377,Ingeniería Electrónica,4,A,32,9,79,45,18,7,5.3,5.1,Aprobado,5.55,4.07,5.9,4.06,5.69,5.39,3.44,3.63,3.64,3.01,3.72,4.34,4.29,5.89,5.2
E1378,Ingeniería Informática,2,D,27,9,82,56,19,7,4.8,4.4,Aprobado,5.3,3.99,5.46,4.69,4.78,4.06,4.55,5.09,3.39,4.09,3.06,3.26,4.75,6.4,5.17
E1379,Ingeniería Electrónica,2,C,30,11,89,71,15,0,3.6,4.7,Aprobado,4.47,4.39,5.58,5.59,4.98,3.23,6.64,5.57,5.54,5.11,4.69,4.77,5.77,2.37,1.96
E1380,Ingeniería Civil Industrial,1,C,24,13,76,79,17,5,5.6,5.6,Aprobado,4.99,3.1,5.0,5.09,4.82,4.26,7.0,7.0,6.65,6.09,5.53,5.43,4.72,5.88,4.53
E1381,Ingeniería Informática,4,B,23,8,80,65,16,5,4.8,4.7,Aprobado,3.91,5.86,4.7,4.33,3.82,2.76,4.21,4.85,4.26,2.65,4.47,4.72,3.72,6.47,3.73
E1382,Ingeniería Informática,4,A,27,6,82,56,8,3,3.6,4.3,Aprobado,3.96,4.1,4.85,5.11,4.55,5.57,2.55,3.14,2.48,2.63,3.5,4.21,3.75,4.96,6.03
E1383,Ingeniería Informática,1,B,34,15,72,75,21,2,5.2,5.4,Aprobado,4.28,4.99,4.74,4.87,4.23,3.81,5.26,4.79,5.14,4.19,5.25,5.87,4.73,2.5,5.23
E1384,Ingeniería en Construcción,2,B,31,10,71,61,13,4,4.0,4.4,Aprobado,5.24,3.61,5.49,4.66,4.39,4.08,3.7,3.24,3.67,4.0,4.76,4.38,4.25,3.95,4.26
E1385,Ingeniería en Construcción,2,D,33,15,67,73,27,3,4.8,5.3,Aprobado,5.43,6.32,6.06,4.64,5.13,3.41,3.88,4.08,4.34,3.88,5.64,5.63,5.6,3.81,6.45
E1386,Ingeniería Informática,3,D,26,12,66,62,23,3,5.3,4.6,Aprobado,4.06,4.47,5.36,4.63,4.64,2.25,3.72,4.67,3.95,4.02,3.27,3.34,3.98,5.04,6.23
E1387,Ingeniería Civil Industrial,3,C,24,10,88,76,21,2,4.3,5.2,Aprobado,5.69,4.55,6.01,5.73,5.1,3.08,3.74,3.49,3.16,2.87,5.49,5.09,5.75,1.84,3.45
E1388,Ingeniería en Construcción,4,D,23,16,67,64,20,1,4.7,4.0,Aprobado,4.84,4.5,5.5,4.7,4.28,4.95,4.83,4.91,4.94,5.11,4.12,4.66,4.0,3.65,2.77
E1389,Ingeniería en Construcción,3,B,32,19,90,88,40,4,6.5,6.6,Aprobado,5.74,4.0,5.99,5.63,6.15,2.25,3.49,4.3,3.62,4.71,6.21,6.19,6.19,4.27,4.49
E1390,Ingeniería Civil Industrial,2,D,33,14,78,51,22,0,5.5,4.6,Aprobado,3.16,3.61,3.8,3.28,3.56,2.76,4.82,4.95,4.55,4.35,3.88,5.23,3.82,2.46,3.75
E1391,Ingeniería Civil Industrial,3,B,26,13,83,72,23,3,3.9,5.6,Aprobado,6.23,3.91,6.14,5.14,4.46,2.63,5.38,4.09,4.41,5.22,4.32,4.26,4.76,4.24,3.5
E1392,Ingeniería Informática,1,C,25,8,60,57,10,3,4.2,2.7,Reprobado,4.39,4.87,4.8,4.83,4.73,5.7,5.23,5.26,4.55,4.53,3.31,3.69,4.43,4.28,2.45
E1393,Ingeniería Electrónica,2,C,28,14,70,68,32,2,5.3,5.6,Aprobado,6.24,4.4,6.73,6.56,5.94,4.36,3.69,3.55,3.33,3.63,5.27,5.59,4.55,2.36,4.92
E1394,Ingeniería Civil Industrial,3,A,34,13,80,58,19,2,5.6,5.3,Aprobado,3.25,6.13,3.28,4.08,3.55,1.34,4.91,5.8,5.14,4.29,4.36,5.38,4.21,6.01,3.33
E1395,Ingeniería Civil Industrial,1,B,32,14,74,80,26,2,4.7,4.7,Aprobado,3.93,3.76,4.53,3.86,4.06,2.71,7.0,6.46,6.6,5.95,5.56,5.21,4.91,2.97,2.73
E1396,Ingeniería en Construcción,2,C,23,11,62,56,16,3,3.4,3.9,Reprobado,4.11,5.54,5.29,4.13,4.07,4.44,1.51,1.96,1.99,1.76,2.61,3.5,3.97,3.83,3.37
E1397,Ingeniería Electrónica,1,A,30,10,78,72,10,3,5.3,6.1,Aprobado,3.46,4.61,3.98,4.16,4.14,1.35,5.02,5.34,5.38,4.97,4.48,3.98,4.2,4.84,4.79
E1398,Ingeniería Electrónica,4,D,22,16,79,90,18,1,4.3,6.9,Aprobado,6.75,5.14,6.97,6.42,6.57,4.13,4.36,5.33,5.38,3.81,6.05,7.0,5.95,3.06,4.36
E1399,Ingeniería Civil Industrial,1,B,25,10,69,67,21,5,5.0,3.8,Reprobado,5.53,5.48,5.74,4.11,4.81,4.36,3.99,4.07,3.46,4.48,2.74,4.46,4.13,4.2,4.71
E1400,Ingeniería Civil Industrial,2,A,26,8,52,52,17,4,5.1,3.7,Reprobado,2.83,3.73,3.51,3.37,3.35,3.48,4.75,5.51,5.23,5.01,3.8,4.89,3.91,4.38,4.56
E1401,Ingeniería Civil Industrial,1,D,32,14,82,77,15,3,4.6,6.2,Aprobado,7.0,4.37,7.0,6.28,6.16,3.37,3.55,4.48,3.54,2.61,5.23,6.05,5.33,5.07,5.05
E1402,Ingeniería en Construcción,3,D,32,12,45,62,17,2,5.2,3.1,Reprobado,3.22,5.55,4.02,3.17,3.24,5.56,5.48,4.76,5.57,4.87,4.55,3.52,3.53,4.18,3.13
E1403,Ingeniería Informática,1,A,30,16,83,64,18,8,3.3,4.6,Aprobado,5.11,4.4,5.75,5.14,4.78,4.36,5.02,4.57,4.33,4.09,3.61,5.18,4.99,6.39,6.18
E1404,Ingeniería en Construcción,3,B,31,17,100,82,32,5,5.3,7.0,Aprobado,6.55,4.08,6.61,5.66,6.32,4.36,4.93,4.29,4.68,5.42,6.36,6.4,6.97,7.0,3.89
E1405,Ingeniería Civil Industrial,3,C,26,10,63,75,27,2,3.8,5.1,Aprobado,5.95,5.15,5.79,5.59,5.27,4.45,3.37,3.34,3.61,2.35,4.41,3.92,3.38,3.46,5.65
E1406,Ingeniería Civil Industrial,1,A,24,10,63,51,13,3,5.4,4.5,Aprobado,5.69,4.7,5.48,5.42,5.65,3.07,5.08,4.57,5.07,3.94,4.62,5.66,5.76,3.28,6.77
E1407,Ingeniería Electrónica,1,B,28,6,62,52,6,5,5.1,3.6,Reprobado,4.72,3.91,5.26,4.39,5.06,3.2,3.82,3.13,2.77,2.77,3.1,2.95,4.03,6.9,4.19
E1408,Ingeniería Civil Industrial,1,C,34,17,97,72,20,2,6.8,6.7,Aprobado,6.92,3.74,7.0,5.8,6.99,2.36,4.22,5.36,4.08,4.16,5.08,5.74,5.72,3.27,3.58
E1409,Ingeniería Informática,3,D,26,10,83,86,14,4,4.0,5.0,Aprobado,4.73,5.0,4.74,4.38,5.09,3.6,4.86,4.88,3.73,4.1,4.66,4.01,5.49,4.85,3.72
E1410,Ingeniería Informática,3,A,29,11,78,69,15,5,3.9,5.2,Aprobado,5.07,2.78,6.21,5.06,4.31,2.75,3.19,4.12,3.51,2.77,4.27,4.14,4.72,4.78,5.38
E1411,Ingeniería Electrónica,3,D,32,19,87,88,25,0,4.9,7.0,Aprobado,6.32,3.57,7.0,7.0,6.82,4.11,4.73,5.09,5.08,3.22,6.88,6.69,7.0,1.65,4.13
E1412,Ingeniería Civil Industrial,1,C,23,11,85,80,12,0,4.3,5.0,Aprobado,4.95,5.48,4.87,4.24,4.51,1.41,4.22,3.55,3.53,4.67,5.29,6.06,5.37,2.54,4.76
E1413,Ingeniería Informática,2,B,31,13,69,70,19,2,5.3,5.4,Aprobado,6.26,3.99,6.84,5.72,4.79,3.81,5.35,6.07,4.93,5.68,5.21,4.63,6.43,4.82,4.52
E1414,Ingeniería Informática,1,A,34,9,68,56,20,1,3.4,2.9,Reprobado,3.06,4.79,4.05,3.41,3.39,3.16,2.91,3.01,2.8,3.57,2.71,3.38,3.21,3.97,3.96
E1415,Ingeniería Civil Industrial,2,C,29,12,74,63,23,0,3.6,4.4,Aprobado,5.47,4.88,5.41,4.19,5.32,4.85,6.39,5.07,4.79,5.57,5.01,4.6,5.11,3.71,4.56
E1416,Ingeniería Electrónica,4,A,25,16,81,95,32,6,5.5,7.0,Aprobado,4.53,4.84,4.96,4.83,4.54,3.36,5.22,4.57,5.56,4.27,6.23,5.13,5.85,3.95,3.92
E1417,Ingeniería Electrónica,1,B,32,11,85,71,19,3,4.7,5.4,Aprobado,5.33,3.86,6.02,5.91,4.94,4.31,3.7,3.72,3.35,3.04,5.62,4.94,5.22,4.55,3.43
E1418,Ingeniería Civil Industrial,3,D,28,12,54,51,15,4,4.2,4.0,Aprobado,4.79,6.49,5.45,4.69,3.81,2.36,3.18,3.9,2.97,2.56,3.8,4.74,4.26,4.91,4.3
E1419,Ingeniería Informática,3,C,24,7,76,70,14,2,4.7,4.8,Aprobado,2.81,4.83,3.27,3.2,4.32,2.16,5.43,5.82,4.47,4.85,4.64,4.48,4.79,3.9,3.79
E1420,Ingeniería Civil Industrial,4,D,33,14,68,68,23,3,5.0,5.1,Aprobado,4.51,3.98,5.6,5.24,4.71,3.57,4.36,5.08,3.6,3.13,4.93,5.29,5.26,6.06,4.3
E1421,Ingeniería Civil Industrial,2,B,34,12,91,73,26,3,4.6,5.6,Aprobado,6.19,3.04,7.0,5.27,5.39,2.92,3.98,4.5,4.83,3.67,5.55,5.5,6.81,4.26,6.2
E1422,Ingeniería Informática,4,C,32,8,82,63,9,0,5.2,5.3,Aprobado,5.24,5.46,6.01,4.25,4.91,4.12,4.14,4.29,4.64,3.08,3.6,4.01,4.3,2.56,4.15
E1423,Ingeniería Electrónica,3,D,22,12,77,63,22,6,5.0,5.6,Aprobado,5.18,4.9,5.88,5.38,5.45,1.87,3.83,3.95,3.57,3.48,4.19,4.37,5.72,5.28,3.9
E1424,Ingeniería Informática,3,C,29,8,80,52,4,2,5.3,3.8,Reprobado,4.97,3.94,5.0,4.58,3.74,1.3,1.52,2.79,2.66,1.86,3.17,2.63,3.75,4.33,4.87
E1425,Ingeniería Informática,2,D,27,11,70,68,10,0,3.5,4.5,Aprobado,6.5,5.18,5.82,5.06,5.37,3.71,4.82,5.51,5.57,4.56,4.18,4.81,4.95,3.96,2.47
E1426,Ingeniería en Construcción,1,C,32,11,72,58,21,1,4.7,4.7,Aprobado,5.44,4.59,5.94,5.68,5.67,7.0,4.64,4.44,5.36,4.02,5.4,5.41,4.86,3.88,5.56
E1427,Ingeniería en Construcción,2,A,25,16,58,60,22,0,4.7,5.0,Aprobado,4.93,5.09,5.08,5.3,4.05,4.4,6.49,6.56,5.28,5.48,4.85,5.12,4.29,5.19,3.75
E1428,Ingeniería Informática,4,D,25,12,56,62,24,0,3.7,2.9,Reprobado,3.64,4.55,4.84,3.71,3.28,2.19,4.13,5.3,4.97,3.41,4.56,4.29,4.28,3.27,1.72
E1429,Ingeniería Electrónica,2,B,31,15,71,77,20,0,4.6,5.5,Aprobado,5.23,3.75,6.38,5.1,5.06,3.14,5.75,7.0,6.15,5.84,5.87,5.75,5.38,2.95,3.32
E1430,Ingeniería Informática,1,D,26,5,80,51,14,5,4.7,3.4,Reprobado,3.78,2.21,5.09,3.68,4.12,4.84,3.48,3.76,3.46,1.27,2.15,2.74,2.82,3.76,4.79
E1431,Ingeniería Electrónica,1,D,22,12,71,61,16,1,5.6,4.7,Aprobado,5.06,4.03,4.82,4.62,3.75,1.75,4.16,2.65,2.89,1.79,4.39,4.38,4.42,3.24,3.96
E1432,Ingeniería en Construcción,1,A,27,14,69,63,14,1,4.7,4.6,Aprobado,5.47,4.7,5.28,6.19,4.21,4.57,4.21,5.29,4.62,4.96,4.45,5.91,3.96,3.1,3.21
E1433,Ingeniería Electrónica,2,B,26,13,78,42,20,0,5.2,5.5,Aprobado,5.98,5.54,5.16,4.49,5.91,4.76,4.44,5.29,4.51,3.17,3.66,4.07,4.74,4.63,2.22
E1434,Ingeniería Informática,3,C,23,12,70,72,7,5,4.2,4.1,Aprobado,3.2,4.38,4.17,3.67,3.33,3.6,3.09,4.21,3.8,2.24,3.37,5.17,3.44,4.47,4.12
E1435,Ingeniería Electrónica,2,A,22,15,79,75,22,2,4.8,6.0,Aprobado,4.74,5.23,5.13,5.35,5.12,2.97,4.25,3.76,4.45,4.92,4.29,5.13,5.69,2.57,5.01
E1436,Ingeniería Electrónica,1,C,24,10,90,55,17,4,5.5,6.0,Aprobado,6.05,4.3,5.99,5.66,5.93,3.01,5.7,5.08,4.75,4.22,5.62,4.87,4.97,3.77,3.38
E1437,Ingeniería Civil Industrial,3,A,32,13,77,81,17,2,3.7,4.6,Aprobado,4.79,5.09,4.89,4.62,4.2,5.01,4.21,4.02,5.12,4.5,5.59,5.89,4.8,6.0,5.82
E1438,Ingeniería Civil Industrial,2,B,26,12,69,77,16,0,5.8,5.7,Aprobado,6.27,5.99,6.28,5.64,4.9,2.95,3.77,4.88,4.65,5.18,4.92,5.13,6.32,2.53,2.78
E1439,Ingeniería en Construcción,2,C,30,9,90,87,23,1,4.9,5.8,Aprobado,6.59,5.71,5.15,6.3,5.73,1.66,5.62,5.94,5.06,5.08,4.85,5.1,5.52,3.09,4.26
E1440,Ingeniería Civil Industrial,3,C,28,11,67,87,23,2,5.3,5.3,Aprobado,3.99,4.37,4.26,4.71,3.88,3.54,5.13,5.21,5.18,4.76,5.35,4.2,4.35,5.17,4.17
E1441,Ingeniería Informática,3,B,22,8,86,60,14,0,4.3,5.7,Aprobado,5.49,6.26,5.99,5.12,4.87,4.97,3.85,4.81,3.81,4.41,3.85,4.51,4.88,5.7,2.49
E1442,Ingeniería en Construcción,1,B,32,18,85,84,21,5,5.1,6.6,Aprobado,6.04,6.27,6.11,6.09,5.51,3.16,6.54,6.07,6.13,5.94,7.0,6.12,6.44,5.31,4.01
E1443,Ingeniería en Construcción,3,B,32,11,75,57,23,4,4.4,5.0,Aprobado,4.3,7.0,5.22,3.53,5.44,1.84,5.66,5.14,5.25,3.93,3.37,3.63,3.3,4.52,4.88
E1444,Ingeniería Electrónica,3,A,32,13,66,63,17,7,4.6,4.2,Aprobado,3.2,2.6,3.04,3.39,3.17,2.43,5.41,5.87,5.48,4.11,4.26,4.88,4.33,6.44,6.21
E1445,Ingeniería en Construcción,3,C,32,5,71,57,5,3,6.4,4.2,Aprobado,2.31,5.57,2.49,2.06,2.7,3.84,3.78,2.76,2.99,2.1,2.91,2.5,2.85,4.41,4.86
E1446,Ingeniería Civil Industrial,1,C,24,16,87,77,22,0,3.6,5.0,Aprobado,6.53,4.31,5.77,4.44,5.55,4.8,5.68,5.99,6.54,4.55,6.11,4.79,5.42,1.48,5.55
E1447,Ingeniería Informática,2,A,23,12,64,60,26,2,5.0,4.6,Aprobado,4.73,5.24,5.91,4.33,5.1,4.3,5.3,4.42,5.79,4.47,3.81,4.19,4.73,5.18,4.52
E1448,Ingeniería Electrónica,3,C,26,14,73,84,21,2,4.4,4.9,Aprobado,5.25,6.14,5.23,5.33,6.79,5.45,5.53,4.99,5.37,4.75,5.99,6.58,5.58,4.07,3.28
E1449,Ingeniería Civil Industrial,3,C,24,13,74,63,14,2,4.4,4.6,Aprobado,4.01,3.59,4.62,4.08,4.64,2.98,5.41,5.41,5.79,4.27,3.88,4.85,4.61,4.13,4.44
E1450,Ingeniería Civil Industrial,1,D,22,13,86,63,24,1,5.6,6.4,Aprobado,6.62,5.02,6.8,6.14,6.14,6.18,4.24,3.68,4.51,5.29,4.32,4.83,5.4,3.28,5.2
E1451,Ingeniería Electrónica,2,A,33,15,77,71,9,4,4.3,5.3,Aprobado,5.31,5.32,6.38,4.31,5.71,5.36,5.12,4.55,3.85,4.14,4.95,5.5,5.21,3.32,5.36
E1452,Ingeniería Civil Industrial,3,A,28,7,78,75,13,1,4.1,4.6,Aprobado,5.81,4.41,6.04,5.78,4.95,2.64,4.52,5.48,5.13,5.17,4.14,3.99,5.29,3.91,3.23
E1453,Ingeniería Electrónica,4,C,24,11,71,59,31,2,5.3,4.1,Aprobado,3.78,5.35,4.88,4.28,4.35,2.65,5.63,5.62,6.22,5.39,4.0,5.31,4.88,3.54,3.96
E1454,Ingeniería Informática,1,B,31,11,74,77,30,4,5.8,5.9,Aprobado,5.8,6.1,5.8,5.57,5.09,2.42,5.6,6.39,6.49,5.45,4.98,5.32,5.12,3.3,4.48
E1455,Ingeniería en Construcción,2,C,32,15,69,82,9,2,3.6,4.7,Aprobado,4.2,4.7,5.38,4.45,4.14,4.36,5.33,4.38,3.74,3.37,5.46,5.78,4.01,4.19,4.44
E1456,Ingeniería Electrónica,1,C,30,10,84,48,18,2,3.9,3.2,Reprobado,5.27,4.35,5.85,5.18,4.3,4.79,3.09,2.4,2.86,2.29,3.06,3.49,3.82,4.82,5.08
E1457,Ingeniería Civil Industrial,2,A,22,15,81,71,21,2,5.2,5.5,Aprobado,5.53,2.85,5.77,5.48,5.46,3.81,4.31,3.94,3.69,3.43,4.34,5.13,5.3,4.56,3.33
E1458,Ingeniería en Construcción,3,A,24,12,67,56,14,5,3.1,4.3,Aprobado,4.62,3.92,5.55,4.85,3.27,1.24,3.16,3.76,3.86,3.36,4.35,5.08,3.96,3.98,5.06
E1459,Ingeniería Civil Industrial,3,B,22,16,76,73,19,3,4.4,6.2,Aprobado,6.55,4.73,7.0,6.45,7.0,2.07,4.89,4.99,3.68,4.35,5.12,5.91,5.91,3.66,3.47
E1460,Ingeniería Electrónica,2,C,31,8,74,59,19,1,4.5,4.6,Aprobado,4.46,4.99,3.47,5.29,5.11,3.19,6.89,5.7,5.87,5.94,5.19,5.22,4.26,2.91,3.46
E1461,Ingeniería Informática,4,C,32,9,100,71,14,3,5.1,5.4,Aprobado,4.6,5.06,5.05,4.85,4.56,3.76,3.76,4.63,5.51,4.03,4.22,5.39,4.65,4.47,5.63
E1462,Ingeniería Electrónica,1,C,22,14,86,79,13,1,5.3,5.1,Aprobado,4.69,3.89,5.53,4.22,5.13,2.49,4.18,3.5,4.4,3.45,4.64,5.6,5.28,4.75,4.07
E1463,Ingeniería Civil Industrial,1,A,33,10,80,60,20,0,5.8,4.7,Aprobado,3.85,6.26,3.58,3.89,4.83,4.63,5.94,5.99,4.91,5.78,4.51,4.33,4.48,2.61,3.18
E1464,Ingeniería en Construcción,2,B,24,10,79,68,17,3,4.4,4.1,Aprobado,4.22,4.12,4.51,4.12,4.13,5.24,4.75,6.1,5.7,5.46,4.61,4.57,3.91,2.93,4.82
E1465,Ingeniería Civil Industrial,3,C,30,15,75,88,21,1,5.2,5.7,Aprobado,5.2,4.69,5.22,4.58,5.66,2.57,4.73,4.26,3.38,3.39,5.02,5.54,5.03,2.8,5.64
E1466,Ingeniería Civil Industrial,4,C,30,17,82,65,22,3,5.5,6.7,Aprobado,6.62,3.53,6.71,6.12,6.29,4.92,3.66,3.61,3.24,2.68,5.47,5.29,5.36,4.84,4.9
E1467,Ingeniería Electrónica,2,A,33,11,84,61,20,1,5.9,5.6,Aprobado,4.41,4.87,5.3,3.98,4.43,3.75,3.56,3.57,3.78,3.81,3.28,3.83,3.71,5.18,4.55
E1468,Ingeniería Civil Industrial,1,B,25,9,75,63,19,2,5.5,5.4,Aprobado,6.54,3.6,6.7,5.78,5.34,3.76,4.94,3.66,3.07,4.71,3.84,4.56,4.27,4.2,4.38
E1469,Ingeniería Electrónica,1,A,30,10,72,65,12,0,5.1,4.6,Aprobado,4.68,3.43,4.83,4.94,4.42,1.85,4.59,4.99,3.61,3.25,3.84,4.41,3.23,2.54,4.61
E1470,Ingeniería Civil Industrial,4,D,22,8,63,54,14,0,6.8,4.7,Aprobado,5.24,4.58,5.89,4.76,4.79,3.13,4.26,3.71,3.18,4.07,3.17,3.63,4.23,2.75,3.59
E1471,Ingeniería Civil Industrial,1,D,24,13,70,43,26,2,5.9,4.5,Aprobado,5.97,5.22,4.82,5.01,4.44,2.6,5.38,5.51,4.39,5.83,3.68,4.99,4.46,4.73,3.41
E1472,Ingeniería Electrónica,2,D,27,8,85,73,19,3,3.7,4.1,Aprobado,3.93,2.95,4.1,3.58,3.71,4.45,3.5,5.41,3.92,3.76,4.29,4.03,4.54,4.34,5.69
E1473,Ingeniería en Construcción,3,D,29,10,74,96,15,3,5.6,6.1,Aprobado,4.97,3.51,5.38,5.57,4.62,2.14,4.73,5.32,5.14,5.5,5.6,4.75,4.76,3.66,4.6
E1474,Ingeniería Informática,3,C,29,12,91,78,21,0,4.1,5.4,Aprobado,6.19,3.04,6.02,5.85,5.0,3.75,6.11,5.44,5.67,4.97,5.39,5.31,6.07,3.75,2.6
E1475,Ingeniería Electrónica,3,D,31,9,61,64,17,1,5.4,5.2,Aprobado,3.81,3.29,3.84,3.95,4.91,2.65,5.86,5.11,5.13,5.3,4.94,4.85,2.81,4.99,4.16
E1476,Ingeniería Informática,1,A,34,19,83,59,15,5,5.0,5.0,Aprobado,4.91,5.64,5.64,5.48,5.58,4.47,4.71,4.57,4.19,4.21,4.91,6.38,5.59,5.62,3.91
E1477,Ingeniería Informática,3,C,29,13,76,77,18,4,4.6,5.0,Aprobado,5.39,4.23,6.12,4.71,5.2,6.34,3.7,3.31,4.35,5.23,4.76,4.25,4.89,5.22,3.6
E1478,Ingeniería Informática,1,C,25,9,72,81,6,1,5.0,5.2,Aprobado,4.92,4.97,5.59,4.8,4.94,3.76,3.51,4.75,3.49,4.15,5.28,5.09,5.55,3.71,5.13
E1479,Ingeniería Civil Industrial,2,B,23,11,93,89,24,7,4.7,5.8,Aprobado,7.0,4.43,7.0,6.21,6.69,2.98,5.34,5.54,5.04,4.09,5.43,5.91,6.74,5.44,5.53
E1480,Ingeniería Informática,4,B,26,17,76,78,20,0,3.7,4.6,Aprobado,6.78,5.18,6.41,5.38,5.76,1.0,4.16,4.56,4.15,3.77,4.88,5.04,5.25,3.66,3.71
E1481,Ingeniería Informática,1,D,26,4,73,58,20,2,4.8,4.4,Aprobado,4.01,6.55,5.05,4.72,4.05,2.92,3.21,3.99,2.46,2.82,4.57,3.19,4.88,3.17,5.56
E1482,Ingeniería Electrónica,1,B,22,9,73,76,23,0,4.6,4.7,Aprobado,2.97,4.15,3.65,4.64,3.83,3.97,5.81,6.59,5.84,5.55,4.15,4.15,3.51,2.88,3.24
E1483,Ingeniería Electrónica,2,D,32,9,50,74,9,4,4.7,4.2,Aprobado,4.03,5.28,4.66,3.94,3.61,3.41,3.67,4.41,3.35,2.78,5.12,3.97,4.25,5.77,2.41
E1484,Ingeniería Informática,2,A,23,21,82,80,26,3,5.6,6.9,Aprobado,6.41,4.46,7.0,7.0,6.57,3.91,5.45,5.88,4.99,4.54,5.89,7.0,6.2,4.98,4.72
E1485,Ingeniería Electrónica,2,D,30,14,77,63,19,3,4.2,4.4,Aprobado,5.7,5.02,4.72,4.97,3.83,2.24,6.17,6.36,5.56,5.83,4.55,4.2,4.72,4.87,7.0
E1486,Ingeniería Civil Industrial,1,A,28,8,82,72,7,6,5.5,5.3,Aprobado,6.45,2.34,5.14,5.17,4.74,4.97,4.52,3.91,4.51,4.38,4.2,4.55,4.45,4.65,6.1
E1487,Ingeniería en Construcción,4,B,25,13,66,35,24,1,3.9,4.5,Aprobado,4.97,4.14,5.74,4.28,4.12,1.85,3.74,4.49,3.54,3.38,3.2,3.48,4.0,4.38,5.42
E1488,Ingeniería Civil Industrial,3,C,30,13,67,79,25,1,3.3,5.8,Aprobado,4.33,3.55,4.75,4.95,5.02,5.43,5.06,6.06,4.75,4.67,5.14,4.47,4.79,3.66,3.29
E1489,Ingeniería en Construcción,1,C,34,20,87,90,27,4,5.0,7.0,Aprobado,6.43,5.19,7.0,6.82,6.07,2.58,5.17,4.07,4.91,4.01,6.08,7.0,7.0,5.37,4.04
E1490,Ingeniería Informática,1,D,33,15,100,90,24,0,2.7,6.1,Aprobado,7.0,3.29,7.0,7.0,7.0,3.01,5.7,5.75,5.52,4.47,6.01,6.03,6.46,4.63,2.63
E1491,Ingeniería Informática,1,C,29,11,72,70,17,7,5.6,4.3,Aprobado,5.96,3.51,6.15,5.59,4.71,4.77,4.63,5.03,5.79,5.47,4.6,5.14,4.98,6.37,5.13
E1492,Ingeniería Electrónica,3,D,31,13,82,55,18,4,4.1,4.5,Aprobado,4.47,5.04,5.33,4.63,3.79,4.45,4.17,4.22,4.73,5.12,4.14,4.59,4.81,4.84,6.64
E1493,Ingeniería Electrónica,1,B,23,14,88,76,16,5,5.7,6.3,Aprobado,5.77,3.96,7.0,5.94,5.61,3.67,4.15,3.92,3.81,3.68,5.84,5.55,6.26,5.83,5.05
E1494,Ingeniería en Construcción,1,C,28,12,70,74,22,3,4.3,4.8,Aprobado,4.49,4.39,5.72,4.42,5.01,2.99,3.04,2.04,2.61,1.42,3.91,3.89,3.88,3.02,5.18
E1495,Ingeniería en Construcción,2,B,31,14,77,70,24,6,4.6,5.2,Aprobado,4.46,4.36,4.88,4.36,4.43,3.5,6.12,5.58,4.77,5.26,4.02,3.94,5.02,4.09,4.93
E1496,Ingeniería Civil Industrial,3,B,29,13,64,63,16,3,4.2,5.0,Aprobado,4.61,4.21,4.56,5.01,4.8,4.43,5.51,5.46,4.54,5.03,5.96,5.02,5.44,3.92,3.7
E1497,Ingeniería Electrónica,4,B,34,14,94,71,24,2,5.5,6.0,Aprobado,4.13,1.44,5.04,4.41,5.26,2.9,5.4,5.88,6.09,3.98,5.46,5.47,3.98,2.59,3.57
E1498,Ingeniería Civil Industrial,2,B,32,10,78,57,3,2,4.4,3.8,Reprobado,5.62,4.18,5.81,4.71,5.18,4.78,5.57,5.38,4.66,4.39,4.58,4.75,4.91,3.71,2.37
E1499,Ingeniería Electrónica,1,B,29,9,71,50,11,0,5.3,4.8,Aprobado,4.61,5.08,4.8,5.4,4.55,2.44,3.91,3.12,3.74,3.55,4.45,5.2,5.42,2.27,1.83
E1500,Ingeniería en Construcción,1,C,26,14,92,82,13,2,3.8,5.6,Aprobado,5.36,3.53,6.16,6.03,5.46,3.51,4.13,3.66,4.77,3.8,5.13,4.96,5.95,4.63,2.75
E1501,Ingeniería Informática,4,C,29,12,81,84,14,0,5.2,5.4,Aprobado,6.49,5.37,5.55,5.17,5.19,2.22,4.05,4.81,4.3,4.95,5.22,4.16,5.75,2.94,3.02
E1502,Ingeniería Civil Industrial,1,C,31,9,64,77,20,3,5.0,4.1,Aprobado,4.12,4.25,4.21,4.54,3.77,2.26,3.28,4.39,3.44,2.72,3.81,2.78,3.99,4.13,5.0
E1503,Ingeniería Electrónica,3,B,25,11,84,77,17,3,3.8,4.7,Aprobado,3.61,4.06,4.86,4.45,3.96,3.81,5.92,5.35,6.23,5.02,4.28,4.97,5.07,3.9,3.55
E1504,Ingeniería Electrónica,1,D,24,10,68,88,20,0,4.2,6.2,Aprobado,4.41,3.86,4.77,4.71,4.49,3.36,5.72,5.72,4.45,6.35,6.3,4.63,4.74,2.83,4.75
E1505,Ingeniería Informática,3,A,23,9,75,58,25,1,5.1,5.0,Aprobado,4.67,2.79,5.91,4.7,4.45,3.4,4.42,3.38,3.88,3.1,3.59,4.27,3.85,2.97,3.91
E1506,Ingeniería Informática,3,A,26,8,99,82,8,3,4.7,6.0,Aprobado,5.95,4.9,7.0,4.93,5.67,4.01,5.48,5.99,5.84,5.76,5.22,4.23,5.89,6.16,4.5
E1507,Ingeniería en Construcción,4,B,30,12,84,75,22,1,5.2,5.8,Aprobado,5.81,4.1,6.59,5.51,4.63,3.54,5.73,5.36,4.94,4.75,5.11,4.83,4.98,4.23,5.0
E1508,Ingeniería Informática,3,D,24,12,67,77,25,0,4.3,4.0,Aprobado,5.06,5.17,5.79,4.62,5.34,3.18,3.67,3.62,3.77,3.73,3.56,3.79,4.85,1.93,4.51
E1509,Ingeniería Informática,2,B,27,12,66,73,24,3,4.3,5.4,Aprobado,5.66,5.29,5.31,5.28,5.42,4.15,3.95,3.75,5.29,4.69,5.65,5.29,5.5,4.32,5.38
E1510,Ingeniería Electrónica,1,B,24,3,64,70,6,0,4.5,4.3,Aprobado,2.92,4.28,3.7,2.35,1.89,1.27,1.78,2.65,2.31,2.43,2.85,1.97,3.05,2.73,3.29
E1511,Ingeniería Electrónica,1,B,22,9,61,42,15,0,6.1,3.7,Reprobado,3.03,4.18,4.01,3.31,3.11,3.09,2.62,2.82,2.02,2.0,2.24,2.49,2.3,3.15,5.56
E1512,Ingeniería Informática,4,C,28,13,77,61,16,0,5.8,5.4,Aprobado,6.02,5.05,5.88,5.31,5.36,3.86,4.59,4.74,4.49,4.4,4.15,5.74,5.68,3.78,4.8
E1513,Ingeniería en Construcción,3,A,30,10,82,76,18,1,3.3,5.1,Aprobado,3.29,4.53,3.77,4.11,3.88,2.48,5.93,4.7,4.78,4.47,4.63,4.5,4.47,5.0,4.96
E1514,Ingeniería Electrónica,3,D,31,7,80,76,16,4,5.7,5.3,Aprobado,5.73,4.14,7.0,5.09,5.21,3.53,4.18,4.41,3.27,4.4,5.7,4.85,5.47,4.72,5.52
E1515,Ingeniería Informática,2,A,23,13,71,59,19,5,3.5,4.1,Aprobado,4.02,4.25,3.58,4.01,3.73,5.21,2.48,3.33,3.58,3.39,3.38,3.62,4.19,4.95,4.68
E1516,Ingeniería Electrónica,3,C,32,14,82,95,27,1,6.1,7.0,Aprobado,6.16,3.6,7.0,5.95,5.53,4.34,4.55,4.48,4.19,4.77,5.25,5.95,6.03,3.83,2.4
E1517,Ingeniería Informática,1,B,26,12,73,52,19,7,4.0,4.8,Aprobado,3.9,5.44,4.08,4.66,4.25,3.44,5.31,3.92,5.02,3.13,3.92,3.98,4.08,4.97,3.79
E1518,Ingeniería Civil Industrial,3,A,29,15,76,83,17,1,4.9,5.4,Aprobado,4.37,3.69,5.44,5.44,5.9,3.93,5.81,5.9,4.9,5.02,5.0,5.76,6.7,2.64,4.27
E1519,Ingeniería Civil Industrial,2,B,23,8,83,59,17,1,4.9,4.4,Aprobado,4.54,3.36,5.31,3.59,4.32,6.46,3.35,3.78,3.76,2.41,3.4,4.13,4.03,2.5,6.17
E1520,Ingeniería Informática,3,B,24,6,81,65,11,2,6.2,5.8,Aprobado,6.29,4.71,6.6,4.96,5.84,3.39,2.58,3.1,2.43,2.77,4.51,2.99,4.42,3.68,5.12
E1521,Ingeniería en Construcción,1,D,33,7,74,100,11,3,3.0,4.7,Aprobado,5.27,5.38,5.78,4.7,4.73,4.45,2.51,3.63,3.79,3.38,5.62,4.54,5.16,4.74,3.96
E1522,Ingeniería Electrónica,4,A,24,21,81,96,33,4,4.6,7.0,Aprobado,3.74,3.57,4.61,4.62,5.0,3.87,7.0,6.01,6.91,5.28,6.94,6.84,5.8,4.72,4.84
E1523,Ingeniería en Construcción,4,A,32,10,66,54,15,1,4.2,5.3,Aprobado,4.82,5.41,4.21,4.76,5.06,2.64,6.43,5.1,6.0,5.22,4.24,4.38,4.53,5.28,4.63
E1524,Ingeniería Electrónica,3,C,23,6,73,84,15,5,5.4,5.9,Aprobado,4.49,3.37,5.55,5.63,5.8,3.48,3.85,5.24,4.92,4.41,5.15,3.6,5.47,5.8,4.86
E1525,Ingeniería en Construcción,2,B,22,18,83,71,28,1,5.2,6.4,Aprobado,4.87,4.46,4.49,5.79,4.61,2.98,4.22,4.38,4.52,4.75,5.71,6.24,4.69,4.59,4.35
E1526,Ingeniería en Construcción,3,B,24,17,86,90,29,1,6.0,7.0,Aprobado,5.93,4.05,6.42,6.14,6.22,3.9,4.26,4.35,4.53,4.71,6.82,6.2,6.61,2.74,4.04
E1527,Ingeniería en Construcción,3,D,27,16,75,73,26,3,5.4,6.2,Aprobado,4.15,4.8,5.72,4.1,5.55,2.23,3.16,3.96,3.76,3.63,4.53,5.65,5.06,3.52,4.76
E1528,Ingeniería en Construcción,4,D,33,13,81,66,20,5,5.6,5.5,Aprobado,3.86,5.59,4.21,4.19,3.81,3.0,5.0,5.44,5.62,4.78,5.04,5.68,5.45,5.0,4.22
E1529,Ingeniería Electrónica,1,D,22,9,66,66,18,0,4.2,4.1,Aprobado,5.19,4.72,5.4,4.77,4.79,5.75,5.18,4.49,4.49,3.94,4.85,3.92,5.25,2.79,4.72
E1530,Ingeniería Informática,1,B,31,11,77,46,18,5,5.6,5.2,Aprobado,4.91,2.87,5.1,4.52,4.99,1.31,4.32,5.16,5.13,4.28,3.57,5.19,4.8,4.73,3.45
E1531,Ingeniería Electrónica,2,C,27,13,66,56,23,3,5.4,5.4,Aprobado,4.92,4.78,5.1,5.22,5.36,3.72,4.6,3.88,4.7,4.75,4.57,4.52,5.03,4.4,6.36
E1532,Ingeniería Civil Industrial,2,D,23,16,83,91,18,0,5.1,6.1,Aprobado,5.07,5.87,5.08,5.26,4.25,2.74,4.06,4.64,3.24,4.02,6.25,6.09,5.46,2.42,5.24
E1533,Ingeniería Civil Industrial,1,D,30,8,70,61,1,0,4.3,4.5,Aprobado,5.4,4.71,6.34,4.28,3.39,3.97,1.91,2.5,2.98,2.97,2.86,2.85,4.29,3.79,4.71
E1534,Ingeniería en Construcción,4,A,26,12,64,56,9,4,4.6,4.4,Aprobado,3.56,4.25,4.85,4.83,4.44,3.45,4.73,5.81,6.38,5.33,4.74,5.4,4.5,6.64,4.76
E1535,Ingeniería Electrónica,1,D,24,13,92,75,31,0,4.1,5.4,Aprobado,4.14,3.15,4.19,4.71,4.5,4.58,4.97,4.83,4.82,4.79,5.2,5.81,5.07,3.09,3.33
E1536,Ingeniería Civil Industrial,4,D,33,13,77,55,13,2,5.3,4.7,Aprobado,4.72,3.83,6.29,5.23,5.48,3.79,2.87,2.95,3.15,3.87,3.75,4.79,4.85,4.23,3.86
E1537,Ingeniería en Construcción,3,B,22,11,80,89,11,6,3.8,5.2,Aprobado,5.97,4.0,6.53,5.82,5.66,2.85,4.73,4.84,3.63,3.97,6.02,5.96,6.15,5.72,5.85
E1538,Ingeniería en Construcción,2,D,26,6,72,69,2,5,3.8,4.4,Aprobado,5.72,5.16,5.41,4.8,4.42,2.36,4.75,5.04,4.54,4.69,4.53,2.54,4.7,5.66,3.11
E1539,Ingeniería Civil Industrial,3,D,28,11,70,73,15,2,4.1,5.1,Aprobado,5.54,3.11,5.63,6.17,4.57,3.57,3.85,4.55,4.48,5.58,4.57,4.52,5.89,3.27,4.77
E1540,Ingeniería en Construcción,1,A,27,11,84,71,26,3,6.5,5.9,Aprobado,5.4,4.81,5.54,5.23,5.25,3.37,4.0,4.49,4.9,2.76,4.83,4.67,4.79,3.45,4.63
E1541,Ingeniería Electrónica,4,D,27,13,76,87,19,7,5.6,5.8,Aprobado,5.29,3.7,4.92,5.24,5.69,1.2,6.87,6.94,7.0,5.78,5.82,5.89,5.84,4.55,5.06
E1542,Ingeniería Electrónica,1,C,31,15,71,66,24,5,4.3,4.9,Aprobado,5.35,3.89,5.78,5.13,4.56,4.42,4.81,4.24,5.69,4.98,4.94,5.23,4.76,5.56,5.04
E1543,Ingeniería Electrónica,2,A,25,9,67,45,12,2,4.8,3.6,Reprobado,3.71,4.24,4.08,3.89,4.18,3.05,2.24,3.23,3.8,3.4,2.82,3.29,3.32,3.92,4.22
E1544,Ingeniería Civil Industrial,3,C,23,15,83,75,19,4,4.7,5.4,Aprobado,6.55,3.85,5.94,5.9,6.24,3.29,4.9,4.17,4.02,3.85,3.94,5.78,6.1,3.85,4.19
E1545,Ingeniería Informática,1,D,27,12,76,80,24,0,4.7,4.6,Aprobado,6.22,4.88,6.69,5.66,5.64,4.69,3.23,4.03,5.16,3.72,4.25,5.71,5.43,3.55,4.05
E1546,Ingeniería en Construcción,2,B,31,10,92,82,8,5,6.2,6.0,Aprobado,5.92,4.73,5.89,5.37,6.13,2.54,4.56,5.2,5.29,3.66,6.02,4.82,5.79,4.85,4.39
E1547,Ingeniería Informática,4,D,34,20,82,82,24,2,4.6,6.2,Aprobado,4.94,5.85,5.75,4.58,5.7,2.82,5.05,5.32,5.19,5.46,4.81,6.08,4.75,4.08,3.26
E1548,Ingeniería en Construcción,1,B,31,6,78,70,5,0,4.9,5.4,Aprobado,5.24,3.5,5.83,3.84,4.96,3.52,4.66,4.39,4.84,3.48,4.44,5.65,4.8,3.43,4.94
E1549,Ingeniería Informática,1,C,28,19,93,82,29,5,4.6,6.7,Aprobado,6.91,5.19,7.0,7.0,6.85,4.44,5.17,5.53,5.18,5.5,6.05,6.44,6.49,4.14,2.49
E1550,Ingeniería en Construcción,3,D,29,15,67,67,15,2,4.2,3.9,Reprobado,5.1,5.01,4.66,4.05,3.58,3.94,3.69,4.78,3.94,4.56,3.73,5.06,4.69,2.68,4.29
E1551,Ingeniería Civil Industrial,1,D,29,14,66,76,21,4,4.1,4.8,Aprobado,4.02,4.59,4.33,4.32,3.66,4.69,4.05,4.93,4.91,5.02,5.21,6.49,5.36,3.55,3.8
E1552,Ingeniería Informática,1,C,32,9,68,69,11,6,4.9,5.1,Aprobado,6.03,3.97,6.38,5.32,5.5,3.0,2.89,3.5,2.58,3.21,4.3,4.01,4.95,4.99,4.48
E1553,Ingeniería Electrónica,1,B,32,13,65,61,19,2,4.5,5.6,Aprobado,6.32,6.5,6.75,5.51,6.88,4.78,3.55,2.84,3.82,2.98,5.1,4.3,5.68,3.38,3.12
E1554,Ingeniería Informática,2,D,30,7,66,63,16,3,5.2,4.6,Aprobado,4.47,4.37,4.04,4.28,3.92,3.62,3.65,4.55,4.47,4.7,3.73,3.72,3.69,5.27,5.64
E1555,Ingeniería Civil Industrial,1,D,31,12,75,72,9,4,4.9,4.4,Aprobado,3.54,5.71,5.15,4.1,3.4,4.0,5.06,4.76,4.1,3.79,4.15,4.64,4.64,4.81,5.33
E1556,Ingeniería en Construcción,1,C,33,12,65,49,24,3,5.3,4.0,Aprobado,5.5,5.22,5.47,5.06,4.57,2.45,3.16,2.29,2.29,2.14,3.48,3.96,3.79,3.65,4.17
E1557,Ingeniería Electrónica,3,A,32,13,80,69,14,2,3.8,4.9,Aprobado,5.81,5.15,5.63,5.99,5.68,3.47,6.21,7.0,6.45,5.99,5.48,5.16,6.01,4.37,5.65
E1558,Ingeniería Civil Industrial,3,A,22,11,67,55,9,0,5.2,5.1,Aprobado,4.93,3.2,4.78,5.31,4.16,2.21,5.06,5.76,4.16,4.1,4.77,4.81,4.58,1.74,3.33
E1559,Ingeniería Informática,1,D,34,13,88,63,13,0,5.2,5.1,Aprobado,5.52,5.13,6.28,5.45,5.34,3.13,4.72,5.16,4.82,4.28,4.62,5.02,5.51,3.06,2.48
E1560,Ingeniería Civil Industrial,4,C,22,11,88,62,13,1,4.3,5.2,Aprobado,5.9,4.53,5.1,5.67,5.75,4.62,5.08,5.27,5.68,5.26,5.27,5.04,5.62,3.16,4.99
E1561,Ingeniería Informática,1,A,26,17,72,71,29,4,3.3,5.6,Aprobado,5.49,2.08,5.51,5.87,4.73,4.16,5.08,4.72,4.08,3.21,5.59,5.83,5.08,4.02,4.26
E1562,Ingeniería en Construcción,4,B,28,11,85,83,19,5,6.2,5.6,Aprobado,4.42,4.63,4.37,4.01,4.5,4.08,4.21,5.25,4.05,4.71,5.65,5.05,4.75,5.43,5.02
E1563,Ingeniería Informática,1,C,33,15,75,85,27,3,3.9,5.6,Aprobado,5.63,3.79,6.38,4.96,5.65,2.48,5.16,5.5,5.29,4.75,5.93,6.39,5.65,3.87,5.1
E1564,Ingeniería Informática,2,A,26,8,62,57,20,3,4.4,4.6,Aprobado,3.42,5.13,4.73,3.99,3.54,2.28,3.97,3.22,3.41,3.12,2.81,2.73,2.2,5.52,4.38
E1565,Ingeniería Civil Industrial,2,A,27,10,74,48,24,6,4.2,3.8,Reprobado,4.87,2.74,5.85,4.09,4.25,3.65,4.91,4.3,3.96,3.11,3.14,4.03,4.42,4.71,5.24
E1566,Ingeniería Electrónica,1,B,22,11,76,77,15,3,4.1,5.0,Aprobado,4.25,3.64,5.65,3.74,4.88,3.42,6.22,5.66,5.84,4.89,5.01,4.48,4.57,4.48,4.44
E1567,Ingeniería Civil Industrial,1,D,34,12,77,66,17,3,3.4,5.1,Aprobado,5.61,3.29,5.72,5.7,5.3,3.67,3.44,2.9,2.08,2.94,4.84,4.35,5.31,4.83,3.31
E1568,Ingeniería Civil Industrial,4,B,24,7,78,62,6,2,5.4,4.8,Aprobado,4.67,4.23,5.18,4.02,3.84,2.06,3.38,3.0,3.27,3.51,3.01,3.56,4.48,4.23,4.29
E1569,Ingeniería Informática,1,A,32,9,76,68,18,4,6.3,5.7,Aprobado,4.57,4.86,5.3,4.85,4.85,1.3,2.3,3.28,3.72,2.28,5.1,5.22,4.81,4.56,3.77
E1570,Ingeniería Electrónica,3,D,24,9,77,62,16,5,4.6,4.6,Aprobado,4.61,5.95,4.95,5.05,4.02,2.15,4.35,3.79,4.98,3.94,4.33,3.04,3.87,5.48,5.03
E1571,Ingeniería Civil Industrial,3,B,28,9,90,60,24,0,4.3,5.2,Aprobado,5.33,4.53,5.45,5.07,5.2,3.5,3.17,5.29,4.46,5.13,5.18,4.5,5.26,2.29,6.13
E1572,Ingeniería Civil Industrial,3,D,24,16,77,85,17,4,4.6,5.3,Aprobado,6.17,5.17,7.0,6.0,6.21,2.64,3.75,4.07,4.84,4.04,5.6,5.65,5.59,5.01,3.13
E1573,Ingeniería Civil Industrial,3,C,23,14,83,99,28,1,5.1,6.7,Aprobado,7.0,4.87,6.99,6.33,5.69,3.67,5.1,5.86,5.03,5.53,6.17,6.46,6.25,3.55,5.87
E1574,Ingeniería en Construcción,2,A,24,14,78,67,24,1,4.1,4.6,Aprobado,3.82,4.18,4.49,4.6,4.5,6.13,4.25,4.37,4.91,3.16,4.72,4.81,4.03,1.24,3.64
E1575,Ingeniería en Construcción,1,D,26,14,73,75,29,2,4.8,5.7,Aprobado,4.65,5.05,4.51,4.42,5.19,4.72,3.41,2.81,3.13,3.37,4.34,4.86,4.68,5.02,4.51
E1576,Ingeniería en Construcción,3,A,33,12,66,50,17,2,6.2,5.0,Aprobado,5.51,5.5,5.59,4.13,5.38,2.29,3.61,4.31,4.06,3.02,1.9,3.18,3.81,4.42,4.22
E1577,Ingeniería Electrónica,4,C,31,13,89,72,19,1,5.1,5.4,Aprobado,4.82,4.93,4.61,4.23,4.22,1.99,4.03,5.28,4.94,5.52,5.63,4.42,5.33,1.82,6.39
E1578,Ingeniería Informática,2,B,25,23,85,94,40,0,5.5,7.0,Aprobado,5.44,5.15,6.08,5.51,5.29,1.63,6.66,5.56,5.93,5.72,6.16,7.0,6.02,4.16,3.98
E1579,Ingeniería en Construcción,2,D,25,7,63,72,17,0,5.2,5.0,Aprobado,4.89,5.36,4.79,4.51,4.42,5.63,3.15,3.96,4.51,3.83,5.28,4.28,4.15,4.01,4.19
E1580,Ingeniería en Construcción,3,D,22,9,77,51,17,1,3.7,4.5,Aprobado,3.39,4.37,5.12,4.13,4.58,1.78,4.25,4.79,5.05,4.88,3.35,3.97,3.75,2.8,3.54
E1581,Ingeniería en Construcción,2,C,24,12,96,89,22,3,5.4,6.7,Aprobado,5.67,3.43,6.03,6.19,6.2,4.62,5.15,6.57,5.49,5.82,5.7,5.84,6.27,5.29,5.84
E1582,Ingeniería Civil Industrial,2,A,28,11,90,86,26,4,5.2,6.1,Aprobado,5.71,6.65,6.38,5.06,5.1,4.26,4.74,4.63,4.84,3.56,4.65,5.21,5.8,4.84,4.76
E1583,Ingeniería Civil Industrial,2,C,23,10,73,61,25,3,4.1,4.3,Aprobado,3.23,3.8,4.73,3.21,4.22,2.89,4.8,4.68,5.13,5.97,4.25,4.34,4.62,4.7,4.66
E1584,Ingeniería Electrónica,3,A,25,6,85,76,21,1,4.8,5.0,Aprobado,4.63,4.03,5.41,5.43,5.59,2.94,4.58,4.35,3.65,2.87,4.2,3.66,5.15,1.91,6.63
E1585,Ingeniería en Construcción,3,C,27,9,72,75,11,3,6.1,4.7,Aprobado,6.66,4.93,7.0,6.1,5.49,4.25,4.19,3.89,3.46,4.43,4.49,4.17,5.93,3.68,3.78
E1586,Ingeniería Informática,4,D,23,16,76,86,17,4,4.1,5.5,Aprobado,5.37,3.93,6.47,5.72,5.06,2.86,5.98,5.9,6.59,5.37,5.88,6.3,6.7,4.34,5.23
E1587,Ingeniería en Construcción,1,B,27,10,82,67,17,0,4.3,3.9,Reprobado,6.61,4.55,6.7,5.77,6.11,4.69,3.04,3.27,3.53,2.38,5.9,5.95,5.36,2.39,4.67
E1588,Ingeniería Informática,3,A,32,11,82,67,14,4,4.0,4.8,Aprobado,4.25,4.12,4.58,4.63,4.89,3.69,3.03,3.14,3.99,2.5,4.36,5.65,3.97,3.56,5.19
E1589,Ingeniería Informática,4,B,29,11,72,81,18,3,5.0,5.6,Aprobado,6.85,3.53,6.35,6.6,5.92,3.23,3.72,5.0,3.03,4.63,4.93,4.71,5.59,4.7,4.72
E1590,Ingeniería Electrónica,2,D,29,14,70,73,22,4,4.3,4.4,Aprobado,4.69,4.28,3.54,3.86,5.05,4.5,4.87,3.98,5.62,5.55,5.22,5.68,4.85,4.02,5.85
E1591,Ingeniería Civil Industrial,1,D,26,15,94,66,22,5,5.4,5.2,Aprobado,5.18,4.89,6.03,5.27,5.0,3.64,3.94,5.27,4.98,3.72,5.18,4.88,4.44,4.67,4.65
E1592,Ingeniería Electrónica,1,C,30,18,88,75,28,3,5.3,7.0,Aprobado,7.0,3.89,7.0,6.75,7.0,2.37,5.68,5.35,5.6,5.37,6.44,5.34,7.0,3.22,5.54
E1593,Ingeniería Electrónica,3,A,22,10,64,68,7,0,4.9,4.8,Aprobado,4.45,4.54,5.58,3.91,5.2,6.47,4.16,4.19,4.14,3.69,4.64,4.86,4.22,1.29,4.38
E1594,Ingeniería Informática,1,B,23,10,81,63,17,2,4.2,4.7,Aprobado,4.97,5.32,5.25,4.83,4.59,3.11,3.19,2.76,3.34,3.08,4.13,3.07,4.17,3.45,6.31
E1595,Ingeniería en Construcción,1,B,34,15,72,69,18,2,4.2,5.7,Aprobado,4.64,5.77,4.78,4.61,4.54,4.82,3.13,4.88,4.06,4.06,4.89,4.65,4.8,5.93,4.56
E1596,Ingeniería Informática,4,B,33,13,79,80,14,3,5.3,6.0,Aprobado,5.56,4.1,5.62,6.52,5.2,5.12,6.1,6.55,5.5,6.53,5.41,4.95,6.48,3.92,2.84
E1597,Ingeniería Electrónica,3,C,32,11,74,71,14,2,4.8,5.0,Aprobado,3.8,6.06,4.76,3.77,3.68,4.11,3.98,3.41,5.19,4.76,3.03,3.89,4.02,5.05,4.32
E1598,Ingeniería en Construcción,1,C,32,9,69,61,17,3,5.8,4.6,Aprobado,4.92,3.54,5.54,3.16,4.67,1.76,4.53,3.81,4.33,2.84,3.21,4.19,4.87,5.97,6.09
E1599,Ingeniería Informática,2,D,34,15,74,62,28,3,5.5,5.1,Aprobado,3.5,4.97,4.3,4.07,3.9,4.13,3.41,4.05,3.31,3.53,4.17,5.9,3.5,4.72,3.88
E1600,Ingeniería en Construcción,4,C,26,13,76,45,7,3,5.6,4.8,Aprobado,5.46,4.38,5.66,4.65,4.37,3.48,3.2,3.45,3.21,3.25,3.64,3.96,4.78,3.93,3.62
E1601,Ingeniería Informática,4,A,30,18,91,88,25,2,5.2,6.3,Aprobado,4.91,5.21,6.1,5.68,6.35,4.08,4.87,6.33,5.73,4.0,5.63,5.96,5.9,3.4,4.64
E1602,Ingeniería Informática,2,B,26,12,58,74,11,3,5.8,5.0,Aprobado,3.76,4.26,5.21,4.49,4.25,2.76,3.99,4.66,4.25,4.18,5.31,4.57,4.65,4.72,2.36
E1603,Ingeniería Civil Industrial,1,D,29,8,80,63,11,6,4.6,4.0,Aprobado,5.24,5.25,5.55,5.45,5.47,3.38,3.6,4.37,4.4,2.86,3.97,4.52,5.64,6.36,3.11
E1604,Ingeniería Civil Industrial,3,B,32,14,88,89,23,0,5.3,5.3,Aprobado,6.55,6.43,7.0,6.22,6.17,5.13,3.45,3.24,3.3,3.94,5.5,5.44,6.2,3.92,5.49
E1605,Ingeniería en Construcción,2,A,28,13,57,70,20,4,4.7,3.7,Reprobado,4.65,4.81,4.37,3.96,4.17,2.53,2.74,3.64,3.94,3.55,2.23,4.22,4.56,5.96,4.66
E1606,Ingeniería Electrónica,1,B,26,9,74,74,12,1,4.5,4.0,Aprobado,4.32,2.24,4.4,4.44,3.77,3.33,3.74,4.4,4.64,3.65,3.45,3.51,3.68,1.9,5.85
E1607,Ingeniería en Construcción,2,D,24,10,57,61,19,4,6.3,4.4,Aprobado,3.8,4.09,4.51,4.4,3.75,2.37,3.39,3.62,2.24,1.27,3.38,4.45,3.77,3.4,6.22
E1608,Ingeniería Informática,3,A,25,13,84,62,11,1,4.3,5.2,Aprobado,6.35,6.08,6.24,5.24,5.51,2.16,4.63,4.27,4.44,4.65,4.6,5.79,4.9,3.38,3.14
E1609,Ingeniería Informática,1,D,33,13,84,78,18,1,4.7,5.7,Aprobado,3.96,6.51,4.28,4.44,5.25,3.38,6.21,6.03,6.43,5.3,5.82,6.87,5.36,4.0,3.79
E1610,Ingeniería Civil Industrial,2,A,27,12,78,75,12,7,4.7,5.1,Aprobado,4.46,3.9,4.94,4.83,4.51,3.13,4.09,4.0,4.56,4.7,5.09,5.31,5.18,4.87,4.4
E1611,Ingeniería Civil Industrial,2,C,24,6,81,65,19,4,5.5,4.9,Aprobado,3.48,5.37,4.31,3.86,3.95,4.7,3.25,4.25,3.44,3.81,3.95,4.15,5.18,4.8,5.95
E1612,Ingeniería Electrónica,2,B,26,16,84,74,24,1,4.3,5.7,Aprobado,6.0,3.87,4.95,5.63,4.84,2.98,6.82,5.31,5.7,6.19,5.52,5.47,5.92,3.89,4.08
E1613,Ingeniería Informática,3,A,27,15,84,80,26,4,6.5,6.5,Aprobado,6.5,5.58,6.52,5.53,6.44,2.69,5.09,3.56,4.34,3.26,5.0,4.92,5.66,4.94,4.01
E1614,Ingeniería Civil Industrial,4,A,29,19,68,84,31,1,4.1,5.2,Aprobado,3.29,3.5,3.36,3.81,3.58,3.4,5.94,5.27,6.34,5.85,5.43,5.67,3.93,4.24,2.88
E1615,Ingeniería Informática,4,B,22,12,86,73,14,6,5.7,6.5,Aprobado,3.86,5.72,4.42,4.77,3.79,4.42,6.28,5.74,6.37,4.76,4.89,5.14,6.28,4.29,3.65
E1616,Ingeniería Informática,2,A,30,11,79,77,21,3,5.0,5.5,Aprobado,5.5,4.24,5.09,5.25,5.41,2.68,4.85,5.82,4.58,4.83,5.37,6.69,4.98,4.29,4.51
E1617,Ingeniería Informática,1,D,24,13,82,69,23,5,5.6,4.7,Aprobado,4.73,3.87,6.33,5.39,6.05,4.33,3.45,4.55,3.99,4.99,4.17,4.75,4.46,4.5,4.34
E1618,Ingeniería Electrónica,3,D,32,11,62,63,12,3,2.6,3.9,Reprobado,4.2,5.34,5.52,4.3,4.96,2.33,3.11,3.19,4.15,3.64,3.82,3.63,4.78,3.68,3.35
E1619,Ingeniería en Construcción,1,C,24,9,63,78,5,2,2.8,3.5,Reprobado,3.78,4.4,5.14,4.05,3.74,4.79,3.62,3.05,3.43,2.26,4.08,4.13,3.34,3.03,6.31
E1620,Ingeniería Electrónica,1,D,22,15,95,74,16,5,5.1,5.4,Aprobado,5.31,4.72,5.35,4.89,4.48,2.55,3.41,4.29,3.93,4.01,4.81,5.49,5.07,4.57,5.57
E1621,Ingeniería Electrónica,4,C,28,17,77,87,23,3,5.7,6.1,Aprobado,5.32,4.73,6.29,5.8,5.79,4.04,4.15,5.09,5.0,4.35,5.67,6.07,5.33,3.27,4.21
E1622,Ingeniería en Construcción,2,A,28,10,79,87,37,2,4.3,6.2,Aprobado,5.99,4.42,6.39,6.14,4.91,2.16,4.08,3.86,3.97,5.4,5.71,5.45,5.57,3.16,5.13
E1623,Ingeniería Electrónica,3,C,29,13,99,61,25,3,4.5,5.8,Aprobado,4.63,3.83,5.58,4.36,4.54,3.8,5.46,5.85,6.31,6.35,5.37,5.67,5.06,3.88,4.93
E1624,Ingeniería en Construcción,3,C,33,15,69,59,24,4,4.3,4.2,Aprobado,3.99,3.62,4.51,3.85,3.65,1.37,4.71,4.31,5.11,5.83,4.37,4.23,3.99,5.28,5.91
E1625,Ingeniería Civil Industrial,2,C,34,12,80,77,24,6,3.4,5.7,Aprobado,5.32,4.39,6.03,5.26,4.08,3.18,5.05,4.97,4.58,4.86,5.4,4.7,4.88,6.33,4.95
E1626,Ingeniería Electrónica,3,A,28,14,68,68,19,3,3.9,4.0,Aprobado,5.7,5.83,6.07,5.45,4.3,6.76,4.88,4.67,4.37,4.71,4.74,5.03,5.09,4.1,6.07
E1627,Ingeniería Informática,2,D,29,12,56,68,20,1,5.6,5.3,Aprobado,4.43,2.91,5.35,5.04,4.88,1.57,4.42,4.2,3.86,3.52,4.37,4.38,4.37,1.85,6.66
E1628,Ingeniería Informática,1,B,32,10,64,61,11,2,4.7,3.9,Reprobado,5.39,5.54,5.0,5.02,3.91,4.45,3.58,3.37,3.0,3.2,4.05,4.71,4.39,4.38,2.58
E1629,Ingeniería Civil Industrial,3,C,22,12,79,79,12,0,4.1,5.6,Aprobado,5.93,3.99,7.0,5.43,5.55,4.6,2.76,4.16,3.74,3.4,4.91,5.89,5.77,3.77,2.75
E1630,Ingeniería en Construcción,3,A,28,8,74,74,3,2,3.6,4.1,Aprobado,3.66,4.53,4.6,3.72,3.47,2.7,3.27,4.41,5.0,4.39,4.49,4.1,3.86,2.6,2.5
E1631,Ingeniería Informática,3,A,30,9,85,79,22,0,4.4,4.9,Aprobado,5.91,4.48,5.35,5.34,5.4,5.21,4.0,4.0,4.54,4.5,5.88,5.61,5.66,1.65,4.55
E1632,Ingeniería Electrónica,1,A,31,16,95,59,18,3,4.4,6.0,Aprobado,4.59,5.05,5.86,4.81,5.03,3.88,4.27,4.63,4.01,2.99,4.78,5.56,5.25,5.24,5.8
E1633,Ingeniería Civil Industrial,3,A,33,13,63,61,24,2,5.6,5.3,Aprobado,4.71,4.53,4.89,4.43,4.01,3.04,6.72,6.36,5.77,4.93,4.48,4.85,3.88,3.06,5.74
E1634,Ingeniería en Construcción,1,C,34,8,71,54,13,1,4.9,5.0,Aprobado,4.4,5.69,4.52,3.75,4.86,1.91,4.33,4.09,4.67,4.02,3.77,3.9,4.33,3.99,3.51
E1635,Ingeniería Informática,2,C,31,10,72,63,15,5,5.0,5.0,Aprobado,4.71,4.33,5.52,6.29,5.22,4.37,3.62,3.13,4.14,1.92,4.48,3.66,5.22,4.79,4.73
E1636,Ingeniería en Construcción,4,C,27,11,66,89,12,1,5.1,5.0,Aprobado,5.22,3.39,5.1,5.44,4.64,4.81,3.95,5.14,4.51,3.13,5.27,4.75,5.34,2.76,4.05
E1637,Ingeniería Informática,1,D,22,7,62,51,20,3,3.2,3.0,Reprobado,3.36,4.29,4.21,4.13,3.67,5.18,3.42,4.22,3.03,4.34,3.84,3.65,3.99,3.87,3.7
E1638,Ingeniería en Construcción,2,C,34,11,75,73,17,1,5.0,5.6,Aprobado,5.2,5.84,5.2,4.76,4.19,1.27,4.8,4.88,4.41,3.91,5.61,4.19,4.61,2.7,5.03
E1639,Ingeniería Informática,2,A,32,13,83,78,13,2,4.3,5.6,Aprobado,5.04,4.68,5.33,5.61,4.53,3.14,6.14,6.52,5.72,4.77,4.93,5.57,5.49,4.06,3.96
E1640,Ingeniería Informática,1,C,33,13,72,69,16,5,4.4,5.0,Aprobado,4.55,3.61,4.76,4.29,4.62,3.57,3.86,4.09,3.81,4.27,4.35,3.37,4.05,5.06,2.36
E1641,Ingeniería Informática,1,C,29,13,73,60,24,3,4.6,5.8,Aprobado,5.44,5.58,5.71,5.02,4.79,3.79,4.71,4.25,3.74,4.7,4.95,5.95,5.25,3.25,5.45
E1642,Ingeniería Informática,3,D,23,7,62,47,14,4,5.9,4.3,Aprobado,3.17,3.18,4.44,3.33,3.34,4.42,3.37,3.61,4.7,3.78,3.23,3.03,4.09,5.0,4.96
E1643,Ingeniería Civil Industrial,3,A,23,11,67,56,23,3,4.8,3.9,Reprobado,5.86,5.88,5.57,4.21,5.28,6.76,2.8,3.76,3.67,3.21,4.23,4.99,4.44,5.44,2.1
E1644,Ingeniería Informática,4,D,33,11,84,62,16,3,5.1,6.0,Aprobado,5.27,4.26,5.13,5.1,5.03,4.42,4.27,4.4,5.02,2.72,4.33,4.13,5.63,4.34,4.8
E1645,Ingeniería Electrónica,1,A,22,18,84,83,33,0,3.9,6.6,Aprobado,3.73,5.56,5.27,5.67,5.16,3.93,4.31,4.42,4.91,4.11,7.0,6.26,5.07,1.52,4.82
E1646,Ingeniería Electrónica,4,B,30,11,61,54,25,0,4.5,4.4,Aprobado,4.63,4.8,5.06,4.46,3.91,4.19,3.02,3.46,3.68,3.63,3.02,3.35,4.71,3.55,3.79
E1647,Ingeniería en Construcción,2,A,25,15,83,77,20,5,5.0,6.7,Aprobado,5.19,4.35,6.01,4.15,4.8,3.82,5.18,4.81,6.46,5.46,5.49,5.84,5.45,4.95,5.1
E1648,Ingeniería en Construcción,1,D,30,6,81,57,4,1,5.2,4.4,Aprobado,4.76,4.42,5.75,4.57,4.17,2.58,2.8,2.33,3.12,2.25,2.9,3.44,3.87,5.2,3.12
E1649,Ingeniería Civil Industrial,1,B,23,6,67,65,14,2,2.7,2.9,Reprobado,3.69,3.88,4.51,2.98,2.91,5.79,5.26,5.53,6.21,4.66,3.68,3.39,3.96,4.6,5.95
E1650,Ingeniería Civil Industrial,2,A,34,6,67,70,11,1,4.5,4.1,Aprobado,5.23,3.94,5.64,4.35,4.16,5.28,4.73,4.18,3.81,3.37,3.1,2.66,3.81,4.01,3.91
E1651,Ingeniería Informática,4,B,27,10,73,60,20,4,5.1,5.4,Aprobado,4.53,4.07,4.58,4.85,5.26,2.01,4.37,4.65,4.58,4.88,5.59,4.5,5.29,5.68,4.35
E1652,Ingeniería Electrónica,1,D,27,13,81,57,21,1,3.0,3.4,Reprobado,3.31,6.5,4.55,3.0,2.56,4.54,3.43,3.66,3.69,2.65,3.29,4.0,4.07,4.36,5.93
E1653,Ingeniería Informática,1,D,34,10,67,72,22,7,5.1,5.5,Aprobado,2.52,3.47,2.68,4.1,3.14,4.45,5.8,5.78,6.94,6.24,4.94,4.91,3.46,4.35,5.18
E1654,Ingeniería Civil Industrial,2,A,23,11,76,69,24,4,5.2,5.0,Aprobado,4.96,4.99,5.16,4.54,4.96,4.94,4.5,4.41,4.19,3.96,4.54,5.37,4.75,3.9,4.63
E1655,Ingeniería Civil Industrial,4,B,34,10,95,61,14,2,5.8,5.5,Aprobado,6.34,4.8,6.46,5.96,5.44,3.86,2.91,3.4,3.64,2.46,4.28,4.37,4.97,4.32,3.68
E1656,Ingeniería Civil Industrial,1,D,33,12,74,72,22,3,5.6,5.9,Aprobado,5.94,3.2,6.0,4.9,5.47,1.94,2.89,2.14,3.38,2.69,5.15,4.44,4.5,4.63,4.65
E1657,Ingeniería Electrónica,1,D,29,11,65,62,25,3,4.3,3.9,Reprobado,5.27,4.65,5.98,5.1,5.4,2.42,3.22,3.25,3.85,2.5,4.3,4.48,4.64,3.75,3.74
E1658,Ingeniería Civil Industrial,2,B,23,10,88,81,1,6,5.3,4.5,Aprobado,6.56,5.24,7.0,5.65,5.75,3.44,5.43,5.82,6.5,5.41,5.2,3.99,6.03,5.94,3.55
E1659,Ingeniería Electrónica,2,A,22,9,81,66,14,3,4.0,4.6,Aprobado,5.36,4.72,5.27,4.3,4.35,3.81,2.47,4.18,3.66,1.62,2.92,3.74,3.91,5.83,4.23
E1660,Ingeniería en Construcción,3,A,31,6,73,70,10,0,3.7,4.3,Aprobado,3.48,3.75,3.72,3.29,3.75,1.0,3.28,3.54,3.42,4.22,2.75,3.62,3.28,2.86,5.57
E1661,Ingeniería Civil Industrial,4,B,24,12,85,75,19,4,5.1,5.4,Aprobado,4.83,4.33,4.94,5.3,4.87,5.23,4.14,3.57,4.31,3.64,4.29,4.96,3.98,3.76,5.59
E1662,Ingeniería Civil Industrial,4,A,27,12,79,72,10,3,4.8,5.4,Aprobado,5.76,4.92,5.89,4.57,6.13,4.96,4.92,4.05,3.92,2.38,4.91,4.68,5.74,4.45,5.33
E1663,Ingeniería en Construcción,2,D,24,8,74,67,12,2,3.6,3.9,Reprobado,4.47,4.07,5.46,3.87,4.39,4.15,4.67,4.92,4.88,4.63,3.82,4.03,4.63,2.31,4.7
E1664,Ingeniería Informática,1,D,31,11,79,71,18,0,4.5,5.2,Aprobado,4.73,4.95,5.06,4.71,4.15,3.96,3.2,4.02,2.65,2.77,4.05,4.13,4.36,2.78,4.08
E1665,Ingeniería en Construcción,1,A,34,12,69,81,20,4,4.8,4.6,Aprobado,4.4,4.35,4.79,5.06,4.71,4.09,4.7,4.57,4.7,5.23,5.51,5.13,4.44,5.07,4.4
E1666,Ingeniería en Construcción,1,B,27,7,61,56,13,2,5.2,2.8,Reprobado,3.57,4.92,4.31,4.77,3.8,4.35,3.97,4.27,4.43,2.76,4.38,3.99,3.79,5.68,4.69
E1667,Ingeniería Informática,1,D,29,10,69,63,13,2,4.5,4.4,Aprobado,5.01,5.74,5.51,4.32,4.54,5.81,4.97,4.22,3.89,3.62,4.42,3.89,5.04,2.9,5.68
E1668,Ingeniería Electrónica,3,B,23,10,75,60,6,6,4.0,3.9,Reprobado,4.18,3.91,5.81,5.01,4.33,6.85,4.28,4.25,4.31,4.41,3.68,4.68,3.15,6.84,4.34
E1669,Ingeniería Informática,2,A,34,10,61,57,15,0,4.1,4.2,Aprobado,6.19,5.6,5.67,5.46,5.91,3.73,3.84,3.97,2.83,3.88,5.09,4.52,4.74,3.21,3.86
E1670,Ingeniería Civil Industrial,2,B,33,13,69,64,11,4,4.0,4.4,Aprobado,7.0,4.23,7.0,5.74,5.38,5.81,3.12,2.82,3.84,3.24,4.39,4.6,5.69,5.42,3.04
E1671,Ingeniería Civil Industrial,1,D,24,9,92,50,13,0,3.9,4.6,Aprobado,5.39,5.44,6.52,4.46,4.59,2.31,4.53,4.11,3.34,3.27,3.05,3.77,5.2,2.38,3.52
E1672,Ingeniería Electrónica,2,A,24,19,80,67,34,5,5.8,5.9,Aprobado,4.75,7.0,5.31,3.66,4.45,4.24,3.71,4.76,3.59,5.03,5.81,5.37,5.63,5.04,4.76
E1673,Ingeniería en Construcción,1,D,33,14,76,77,26,1,3.7,4.2,Aprobado,5.04,5.2,4.8,5.08,5.35,3.36,3.71,4.38,4.44,3.37,4.44,5.62,4.17,4.47,5.0
E1674,Ingeniería Informática,2,C,29,6,61,43,11,1,4.9,2.9,Reprobado,3.45,4.62,4.91,3.65,3.48,3.73,3.07,2.94,3.23,3.84,3.78,3.75,2.44,3.59,4.14
E1675,Ingeniería Informática,1,A,32,15,73,81,18,2,5.0,5.9,Aprobado,6.01,3.23,6.65,6.81,7.0,4.63,3.56,3.39,3.76,4.15,5.65,5.25,6.07,4.22,3.31
E1676,Ingeniería en Construcción,1,D,24,11,70,60,17,2,4.9,4.0,Aprobado,3.2,4.36,4.82,4.04,3.91,2.2,4.19,4.13,5.21,3.63,4.08,3.28,3.59,4.72,4.35
E1677,Ingeniería Civil Industrial,4,B,33,9,82,56,13,4,3.9,4.2,Aprobado,5.61,5.28,5.47,4.91,5.72,3.49,4.07,4.13,4.53,2.2,4.25,4.46,4.69,4.17,4.41
E1678,Ingeniería en Construcción,4,A,23,16,77,86,17,0,5.2,5.8,Aprobado,5.84,4.28,6.1,5.07,5.92,5.83,6.01,6.14,6.83,6.63,6.14,5.88,6.6,3.64,2.71
E1679,Ingeniería Informática,4,C,26,14,60,61,31,1,4.9,4.4,Aprobado,2.92,4.79,3.62,4.25,3.34,3.62,2.38,3.1,3.17,3.15,3.0,3.06,3.86,4.27,4.7
E1680,Ingeniería en Construcción,3,A,32,11,72,79,16,0,4.6,4.7,Aprobado,4.1,4.53,4.95,4.29,3.83,4.03,4.69,4.78,3.86,3.74,4.81,4.85,4.97,3.21,3.26
E1681,Ingeniería Informática,1,B,30,11,62,80,22,4,6.1,4.6,Aprobado,4.31,5.72,3.72,4.32,4.59,2.71,3.01,3.7,3.69,3.71,4.35,4.51,4.53,4.07,5.68
E1682,Ingeniería Informática,1,C,30,8,75,60,12,2,3.9,3.8,Reprobado,4.17,5.24,5.08,5.06,4.05,4.33,5.61,6.03,4.83,5.22,4.5,5.05,4.28,3.91,4.62
E1683,Ingeniería en Construcción,1,C,33,15,84,77,19,6,4.1,5.7,Aprobado,4.7,4.85,3.72,5.02,5.29,5.68,5.21,5.84,5.95,5.45,5.66,6.5,5.36,5.01,4.85
E1684,Ingeniería Informática,2,D,29,13,83,70,15,0,4.0,4.8,Aprobado,4.12,4.55,4.45,4.43,4.58,3.0,6.46,4.63,4.68,6.15,3.86,4.29,4.24,3.85,3.45
E1685,Ingeniería Informática,1,A,22,12,78,72,14,3,4.8,5.4,Aprobado,4.77,4.4,4.45,5.36,4.79,3.88,4.14,3.88,3.14,3.41,5.25,4.69,4.9,5.52,2.81
E1686,Ingeniería Civil Industrial,1,A,30,16,81,87,22,4,4.8,6.1,Aprobado,4.08,5.85,4.66,4.54,5.15,6.11,4.85,4.9,4.66,3.53,5.91,5.91,5.46,3.23,3.94
E1687,Ingeniería Electrónica,4,D,34,12,80,77,13,0,4.5,4.9,Aprobado,5.42,5.29,6.01,5.89,5.79,2.97,4.37,4.32,4.58,4.55,6.13,5.4,5.4,3.85,4.3
E1688,Ingeniería Electrónica,1,B,30,12,84,81,20,4,5.6,6.2,Aprobado,5.96,3.33,6.34,5.6,6.01,1.98,3.8,3.83,5.05,4.42,5.63,4.92,6.2,3.19,5.22
E1689,Ingeniería Civil Industrial,2,B,34,17,71,71,26,2,3.3,5.1,Aprobado,5.17,4.49,5.81,5.84,4.88,4.64,4.48,4.47,4.98,4.08,5.84,4.7,5.21,4.59,4.7
E1690,Ingeniería Electrónica,1,C,25,13,79,82,19,0,4.4,5.6,Aprobado,4.6,4.96,4.8,4.1,4.4,1.74,4.12,4.43,4.8,2.86,4.16,4.96,4.62,3.52,2.65
E1691,Ingeniería Civil Industrial,2,A,24,9,79,58,17,2,3.8,4.7,Aprobado,4.14,4.46,4.25,4.23,3.89,4.49,3.05,2.74,3.78,2.69,3.24,3.25,3.84,3.56,4.93
E1692,Ingeniería Informática,1,C,26,16,70,76,16,2,5.3,4.8,Aprobado,4.33,3.95,4.92,3.6,2.93,1.29,4.77,5.87,4.66,5.36,5.42,4.95,4.04,3.75,3.28
E1693,Ingeniería Electrónica,4,C,28,11,78,76,23,4,4.2,5.1,Aprobado,4.5,3.8,4.5,4.43,4.95,3.46,5.07,6.0,5.67,5.41,5.27,4.71,4.29,3.6,4.53
E1694,Ingeniería Civil Industrial,4,C,27,9,68,77,7,4,5.1,5.6,Aprobado,4.66,5.79,4.49,3.52,4.65,3.93,5.24,5.72,4.67,6.01,4.55,4.57,4.74,4.36,5.06
E1695,Ingeniería Electrónica,4,A,29,7,57,50,13,0,5.9,3.1,Reprobado,3.44,4.19,4.14,3.78,2.66,4.1,4.19,3.72,3.76,2.67,3.66,3.04,3.38,3.8,4.23
E1696,Ingeniería en Construcción,1,B,29,9,73,50,11,1,5.9,3.9,Reprobado,4.47,5.52,4.69,4.37,4.61,5.91,4.0,4.84,4.59,4.34,4.57,4.17,3.93,3.78,3.6
E1697,Ingeniería Electrónica,4,B,22,7,85,60,20,3,4.3,4.0,Aprobado,4.91,4.92,4.5,4.01,4.63,5.07,5.38,4.75,4.87,4.59,4.51,4.09,4.04,3.86,4.44
E1698,Ingeniería en Construcción,1,C,24,12,83,54,22,5,3.3,4.5,Aprobado,4.51,3.32,5.12,4.27,3.04,4.88,4.74,5.38,5.62,4.17,3.32,3.67,4.8,4.47,4.04
E1699,Ingeniería Electrónica,3,C,34,12,83,69,22,2,4.9,5.2,Aprobado,4.81,5.61,4.9,4.32,5.15,2.44,5.22,5.02,5.66,5.83,4.74,5.3,4.96,2.35,3.18
E1700,Ingeniería Informática,2,C,24,9,76,68,18,3,6.0,5.0,Aprobado,5.36,4.64,6.12,5.1,5.54,2.52,2.98,3.23,3.05,2.67,4.83,5.55,5.25,5.6,4.28
E1701,Ingeniería en Construcción,1,D,23,5,58,75,13,4,5.7,3.5,Reprobado,1.92,4.67,2.69,2.36,2.17,1.23,4.64,5.19,4.5,4.16,4.1,3.85,3.07,5.55,4.35
E1702,Ingeniería Civil Industrial,1,D,26,12,78,66,23,2,4.3,5.4,Aprobado,4.66,6.3,5.31,5.78,4.77,2.48,4.75,4.25,3.79,4.73,4.79,4.33,5.35,3.77,1.64
E1703,Ingeniería en Construcción,2,B,34,12,81,67,17,1,3.9,4.7,Aprobado,4.08,3.97,3.35,3.11,3.31,2.83,4.53,4.55,4.41,4.04,4.13,4.45,4.51,4.16,4.07
E1704,Ingeniería Informática,1,B,22,15,88,60,11,4,4.5,6.2,Aprobado,5.03,4.45,5.79,4.83,5.29,3.31,5.3,5.4,4.74,4.77,4.49,5.23,5.01,5.36,2.24
E1705,Ingeniería en Construcción,1,C,32,12,87,73,22,3,4.8,5.5,Aprobado,6.24,3.43,5.66,5.84,5.26,4.4,3.51,4.9,4.92,4.07,5.16,5.28,5.02,3.83,5.11
E1706,Ingeniería en Construcción,1,D,24,8,88,77,22,3,4.9,4.3,Aprobado,5.27,4.67,5.12,4.65,5.12,4.15,4.66,4.89,3.24,3.45,4.95,4.03,4.54,3.35,4.13
E1707,Ingeniería Civil Industrial,4,C,30,7,75,85,13,6,4.5,5.9,Aprobado,4.16,5.16,5.32,4.79,5.23,1.83,5.43,5.46,5.12,4.12,4.99,4.3,4.67,5.91,4.27
E1708,Ingeniería Electrónica,3,B,27,13,80,79,26,4,5.1,5.3,Aprobado,5.98,3.95,5.62,6.25,5.91,3.65,5.83,6.55,5.46,5.71,5.33,5.77,5.46,3.17,4.94
E1709,Ingeniería Civil Industrial,1,B,30,14,89,77,20,7,4.3,5.1,Aprobado,5.74,6.38,5.86,4.99,4.91,5.7,6.48,5.29,6.15,5.2,5.0,6.02,5.49,4.56,3.24
E1710,Ingeniería Civil Industrial,2,A,34,13,78,91,25,2,5.1,6.0,Aprobado,5.11,4.49,6.15,4.45,5.52,3.9,5.61,4.9,4.47,3.63,4.74,4.54,5.24,4.43,3.84
E1711,Ingeniería Informática,2,B,34,10,81,68,10,0,4.9,4.5,Aprobado,3.54,5.71,4.23,3.72,4.48,3.68,3.68,4.53,3.32,2.88,2.62,3.62,4.27,2.82,3.1
E1712,Ingeniería Civil Industrial,1,B,34,8,70,62,23,5,5.4,4.1,Aprobado,4.27,3.43,5.38,4.97,4.59,3.51,3.29,4.52,3.47,3.71,4.86,3.65,4.08,4.2,3.44
E1713,Ingeniería Electrónica,1,D,29,10,71,65,14,0,5.4,4.4,Aprobado,3.7,3.39,4.57,4.92,4.23,2.53,6.28,5.94,5.3,4.52,5.44,5.1,4.27,2.34,4.68
E1714,Ingeniería en Construcción,3,D,24,10,80,80,11,6,2.9,4.8,Aprobado,5.81,3.83,5.42,5.4,4.43,2.35,5.0,4.93,4.78,5.09,4.72,4.67,4.72,4.96,5.25
E1715,Ingeniería Civil Industrial,1,A,33,14,63,65,29,0,4.5,4.9,Aprobado,4.02,4.51,4.46,4.55,4.49,5.53,4.65,5.92,4.93,4.87,4.65,4.44,4.62,1.2,5.65
E1716,Ingeniería Informática,3,A,26,15,70,57,20,2,4.4,4.2,Aprobado,3.96,5.03,4.96,4.67,3.91,2.99,5.03,6.4,4.87,4.29,4.32,5.95,4.05,3.1,6.02
E1717,Ingeniería Electrónica,1,B,32,15,73,80,23,0,5.6,5.5,Aprobado,5.69,6.67,5.31,5.56,5.5,3.56,3.92,4.12,4.77,4.81,4.87,6.35,5.47,2.61,2.94
E1718,Ingeniería en Construcción,1,B,27,12,86,74,26,4,4.0,4.7,Aprobado,5.32,5.52,5.79,4.84,5.17,5.91,6.29,5.5,5.32,4.63,5.88,5.36,5.08,4.71,5.9
E1719,Ingeniería en Construcción,1,C,29,9,77,77,19,0,3.5,3.9,Reprobado,4.03,4.89,4.06,3.2,3.92,5.74,3.72,4.58,4.02,2.2,4.46,3.68,3.95,4.36,4.51
E1720,Ingeniería Electrónica,2,D,32,8,79,60,15,1,4.3,4.3,Aprobado,3.37,5.6,3.21,3.78,3.78,3.67,5.35,5.51,4.91,4.43,4.75,5.0,4.52,3.51,4.83
E1721,Ingeniería Informática,3,A,25,7,74,69,9,2,4.5,4.1,Aprobado,3.13,6.1,3.1,3.6,2.97,2.65,5.32,4.77,3.35,4.06,3.43,3.8,3.93,4.3,5.48
E1722,Ingeniería en Construcción,1,C,34,12,72,77,18,1,5.7,5.4,Aprobado,5.83,4.79,6.56,4.39,4.64,3.12,2.55,3.82,3.22,4.14,5.12,4.85,5.1,4.21,4.99
E1723,Ingeniería Civil Industrial,1,C,34,9,85,66,11,3,5.3,5.1,Aprobado,4.44,5.81,4.82,4.7,5.62,3.64,5.11,4.64,5.21,4.95,4.86,4.44,3.97,4.26,4.92
E1724,Ingeniería en Construcción,3,A,29,8,60,44,14,2,3.5,3.0,Reprobado,3.77,6.02,3.36,4.09,2.52,3.33,2.8,5.17,3.26,3.85,2.11,1.99,3.05,3.89,2.72
E1725,Ingeniería Civil Industrial,1,D,22,11,85,78,16,0,4.6,5.6,Aprobado,4.94,4.62,5.07,4.4,5.89,3.39,5.94,5.23,6.66,5.33,4.75,5.02,4.77,3.55,4.9
E1726,Ingeniería Electrónica,1,B,24,10,78,65,22,0,3.9,4.5,Aprobado,5.56,6.0,6.35,4.7,4.28,1.85,3.87,4.33,4.04,3.44,3.37,3.69,5.15,2.45,4.47
E1727,Ingeniería Electrónica,1,C,28,10,83,82,19,1,3.9,5.0,Aprobado,5.49,3.01,5.31,4.74,4.44,3.5,5.59,5.67,5.1,3.94,5.46,5.27,4.94,4.26,4.51
E1728,Ingeniería Electrónica,2,C,25,8,97,68,10,0,5.7,6.0,Aprobado,3.36,5.34,4.08,3.85,4.86,3.47,3.4,4.93,4.58,4.83,5.02,4.9,4.49,3.8,4.0
E1729,Ingeniería Informática,4,B,26,13,70,71,15,3,4.4,4.8,Aprobado,5.54,4.76,4.68,4.68,4.45,5.0,4.41,5.37,4.54,4.3,5.18,4.64,4.33,3.76,3.4
E1730,Ingeniería Informática,2,B,32,8,77,67,5,3,4.8,3.7,Reprobado,3.7,4.42,4.48,4.53,3.63,2.09,5.23,3.8,3.55,3.84,3.63,3.96,4.12,3.54,3.5
E1731,Ingeniería Civil Industrial,4,A,32,11,72,64,20,4,4.8,4.6,Aprobado,5.67,4.98,6.18,5.99,5.02,2.94,4.1,4.34,4.27,5.32,4.66,5.06,4.61,3.97,3.89
E1732,Ingeniería Civil Industrial,1,A,27,7,94,69,13,6,5.5,5.3,Aprobado,4.93,4.14,5.02,4.07,5.41,1.0,4.26,5.23,4.69,4.92,4.2,4.52,5.21,6.34,5.48
E1733,Ingeniería Civil Industrial,3,D,34,14,69,95,18,6,3.9,5.0,Aprobado,4.97,6.9,5.62,5.88,5.7,4.55,5.99,6.66,5.88,4.5,5.18,6.33,5.65,6.65,4.36
E1734,Ingeniería Informática,4,A,27,5,56,73,15,6,4.8,4.1,Aprobado,4.15,3.67,4.69,4.19,4.48,4.47,5.96,6.27,5.63,6.51,4.89,4.39,3.92,6.41,5.48
E1735,Ingeniería en Construcción,2,C,24,12,81,78,17,4,5.9,5.7,Aprobado,3.95,4.96,4.9,4.67,5.04,4.62,5.8,5.38,5.77,3.88,5.33,5.56,5.06,5.56,3.36
E1736,Ingeniería en Construcción,3,A,30,12,77,72,14,2,4.9,5.4,Aprobado,5.14,6.22,6.18,5.09,5.0,2.76,4.27,4.1,3.9,3.97,4.78,4.72,5.56,3.23,4.29
E1737,Ingeniería Electrónica,2,D,27,21,87,85,30,4,5.3,6.5,Aprobado,4.43,5.81,5.77,4.65,4.3,2.91,5.49,6.15,5.14,5.54,5.5,6.07,5.39,5.32,6.35
E1738,Ingeniería en Construcción,1,D,25,6,60,75,11,5,4.6,4.1,Aprobado,4.37,5.26,4.44,4.68,3.84,2.63,5.26,5.56,5.32,5.05,5.04,4.27,4.52,5.23,5.47
E1739,Ingeniería en Construcción,3,B,25,8,71,71,13,2,3.4,4.9,Aprobado,5.78,3.52,5.64,4.93,4.89,3.31,3.1,3.68,4.23,3.04,4.52,3.89,3.99,4.33,5.12
E1740,Ingeniería Electrónica,4,A,28,14,71,92,24,3,4.5,6.2,Aprobado,5.64,5.15,6.37,5.68,5.81,4.58,5.92,4.93,5.43,4.98,5.2,4.54,5.22,3.68,4.33
E1741,Ingeniería Informática,2,A,25,15,84,59,24,5,3.8,5.2,Aprobado,3.72,4.18,4.22,4.99,3.71,3.39,4.26,5.18,4.52,4.99,4.43,4.08,3.85,2.92,4.03
E1742,Ingeniería Informática,4,B,32,11,84,66,11,2,5.0,5.5,Aprobado,5.32,4.23,6.26,5.59,5.82,4.06,5.13,4.42,3.79,4.18,4.63,5.22,5.66,3.93,4.5
E1743,Ingeniería en Construcción,1,D,27,5,72,55,13,4,3.6,2.8,Reprobado,3.06,4.7,4.11,3.48,2.89,4.32,2.81,4.21,2.26,2.88,2.56,1.73,3.57,5.1,4.66
E1744,Ingeniería Civil Industrial,3,D,32,13,82,78,18,2,3.2,4.9,Aprobado,5.81,4.38,5.96,5.31,4.76,4.54,5.53,5.43,5.87,4.85,5.15,5.73,5.11,4.82,4.38
E1745,Ingeniería Civil Industrial,1,B,24,7,86,43,12,3,3.9,4.3,Aprobado,4.62,4.54,5.78,4.22,4.15,2.77,4.94,5.31,4.72,4.4,4.41,3.89,5.41,4.26,2.27
E1746,Ingeniería Informática,2,D,22,12,82,65,26,5,5.1,4.9,Aprobado,6.1,5.4,6.67,5.6,6.12,5.37,2.59,2.67,2.97,2.9,3.39,3.76,5.77,4.59,5.47
E1747,Ingeniería Civil Industrial,3,A,33,13,79,65,15,2,5.8,4.9,Aprobado,5.57,4.31,5.84,5.16,4.54,5.35,4.01,3.87,4.66,4.9,4.48,4.98,5.75,4.55,4.82
E1748,Ingeniería Electrónica,2,A,27,16,90,77,14,3,4.2,4.7,Aprobado,4.94,6.77,4.51,4.53,5.47,4.98,5.03,5.48,5.4,4.83,6.28,5.92,5.15,4.3,4.16
E1749,Ingeniería Electrónica,2,A,27,12,83,83,19,0,4.8,6.5,Aprobado,5.81,3.98,6.41,6.2,5.64,2.74,5.36,5.2,4.93,4.22,5.25,5.89,5.25,2.96,3.55
E1750,Ingeniería Electrónica,1,C,33,10,68,59,19,1,3.8,4.2,Aprobado,5.24,5.34,5.79,4.94,4.02,2.85,3.52,2.98,4.28,3.45,2.03,3.65,3.79,4.89,4.31
E1751,Ingeniería Civil Industrial,2,A,32,9,63,57,9,2,3.4,3.5,Reprobado,5.41,6.48,5.37,4.2,4.51,4.4,3.56,4.58,3.8,3.64,3.6,2.9,4.72,3.29,3.47
E1752,Ingeniería Informática,3,D,28,13,72,58,16,3,4.3,4.8,Aprobado,5.87,3.53,4.99,5.6,5.42,2.62,5.26,5.35,5.72,4.76,5.43,6.02,4.83,3.81,3.6
E1753,Ingeniería en Construcción,2,C,23,9,77,75,16,2,4.5,4.2,Aprobado,3.51,5.54,3.29,3.51,4.03,6.41,5.82,5.25,5.68,4.88,5.51,4.91,4.0,4.57,3.27
E1754,Ingeniería Civil Industrial,1,B,25,7,76,70,12,3,5.6,6.0,Aprobado,5.2,4.67,6.44,6.09,6.95,3.07,3.4,3.51,3.2,3.27,4.49,4.0,5.42,5.03,4.26
E1755,Ingeniería en Construcción,2,A,29,14,86,81,20,5,5.0,5.9,Aprobado,4.17,4.61,4.52,4.58,5.1,5.3,5.21,4.26,5.22,5.7,3.9,4.93,4.63,5.42,4.71
E1756,Ingeniería Informática,2,B,33,13,67,49,17,2,4.7,5.2,Aprobado,3.67,3.32,4.06,4.2,5.05,3.42,4.56,3.92,4.79,2.97,5.19,4.5,4.28,3.33,4.6
E1757,Ingeniería Informática,3,A,31,16,77,53,12,1,4.7,5.4,Aprobado,5.33,4.41,4.91,3.31,4.89,4.29,3.61,4.56,2.67,3.71,4.18,5.1,4.87,3.8,4.34
E1758,Ingeniería Electrónica,3,D,33,5,73,59,15,5,4.0,3.1,Reprobado,4.24,5.04,3.84,4.9,4.03,5.06,5.98,5.74,5.26,5.69,4.06,4.6,3.44,5.39,5.42
E1759,Ingeniería Civil Industrial,2,B,25,9,79,61,7,3,5.2,5.2,Aprobado,5.63,5.21,5.52,4.63,4.83,4.71,3.3,3.92,3.73,3.15,3.84,3.73,4.94,4.44,4.69
E1760,Ingeniería en Construcción,2,A,29,8,73,56,26,3,5.4,4.5,Aprobado,4.37,4.98,5.51,4.84,5.32,2.36,4.17,4.4,3.62,3.27,3.7,3.03,3.93,4.44,5.13
E1761,Ingeniería Electrónica,4,B,33,18,77,55,19,0,3.0,4.7,Aprobado,5.14,5.36,5.24,5.59,4.72,5.29,5.25,4.6,4.93,5.25,4.86,5.68,5.25,2.4,3.02
E1762,Ingeniería Civil Industrial,4,C,32,19,84,80,28,1,5.4,7.0,Aprobado,6.03,4.56,6.67,5.6,6.16,3.31,4.03,4.71,3.99,4.54,6.24,6.08,6.28,3.27,4.93
E1763,Ingeniería en Construcción,1,A,27,15,79,63,24,3,4.9,4.8,Aprobado,3.7,3.26,4.42,4.33,2.95,1.01,3.52,4.66,4.45,3.61,4.08,5.09,4.42,5.93,3.39
E1764,Ingeniería en Construcción,2,A,26,17,83,94,19,3,4.9,5.8,Aprobado,5.4,4.37,5.83,5.89,4.79,4.51,3.26,4.77,3.32,2.76,5.45,5.39,5.84,4.66,4.99
E1765,Ingeniería en Construcción,4,B,33,10,75,76,9,4,4.9,5.0,Aprobado,4.88,6.02,5.36,4.57,4.55,4.54,4.23,5.7,6.28,5.92,4.37,4.12,5.06,3.41,4.29
E1766,Ingeniería Civil Industrial,3,C,34,13,58,57,20,0,4.9,4.2,Aprobado,5.23,4.1,5.98,5.08,4.21,2.22,4.48,3.91,3.35,3.22,5.22,4.61,4.78,2.04,5.54
E1767,Ingeniería en Construcción,1,D,34,15,87,57,20,1,5.0,5.6,Aprobado,7.0,5.67,7.0,6.05,6.56,4.93,5.38,5.25,5.6,4.54,5.88,5.32,5.94,5.24,3.21
E1768,Ingeniería en Construcción,1,B,24,16,71,96,23,1,4.1,5.5,Aprobado,6.12,4.49,6.87,6.45,5.67,4.88,4.64,4.94,4.21,4.89,5.75,5.07,6.44,3.52,5.2
E1769,Ingeniería Informática,1,A,33,14,70,71,16,2,5.2,5.2,Aprobado,5.23,5.43,6.35,5.55,4.05,3.4,3.41,2.48,3.34,3.09,5.31,5.17,5.1,4.24,4.11
E1770,Ingeniería Informática,3,D,28,7,75,82,2,5,4.3,4.9,Aprobado,4.85,4.45,4.69,4.26,4.81,6.33,5.2,5.87,5.48,4.4,4.67,4.27,4.95,5.83,3.97
E1771,Ingeniería Civil Industrial,2,D,22,10,92,67,18,0,5.5,5.7,Aprobado,6.67,5.7,7.0,5.93,6.7,1.11,5.4,4.49,5.15,4.71,4.41,4.55,5.56,2.78,1.5
E1772,Ingeniería en Construcción,3,C,32,8,66,71,11,0,5.4,4.1,Aprobado,4.65,4.43,4.53,4.0,2.91,2.61,3.22,3.8,3.73,4.11,4.57,5.01,4.66,2.15,3.92
E1773,Ingeniería Informática,4,B,27,9,68,62,14,2,5.4,5.0,Aprobado,3.97,3.87,4.25,4.42,4.42,4.49,3.79,3.71,3.64,3.51,3.83,4.11,4.1,4.38,5.47
E1774,Ingeniería en Construcción,2,C,26,16,85,80,26,4,5.2,7.0,Aprobado,5.12,3.36,4.89,5.78,5.82,2.53,5.33,5.4,5.47,5.87,5.49,6.01,5.41,4.84,4.59
E1775,Ingeniería Informática,1,D,27,8,73,57,16,1,4.4,3.9,Reprobado,3.92,5.96,5.03,4.14,3.85,4.0,5.07,4.81,3.83,4.24,4.17,4.69,4.07,4.24,2.86
E1776,Ingeniería Informática,1,D,28,15,55,80,29,4,5.4,4.8,Aprobado,4.01,5.11,4.5,4.02,3.5,2.4,4.82,4.02,4.28,4.74,4.16,4.97,4.59,4.06,4.18
E1777,Ingeniería Informática,1,C,34,13,71,74,15,4,3.9,4.9,Aprobado,4.48,2.98,5.57,4.81,5.1,5.0,5.76,5.98,5.88,5.87,5.84,5.59,4.46,4.88,4.2
E1778,Ingeniería Electrónica,1,C,25,11,71,70,23,4,3.8,4.7,Aprobado,4.39,5.16,5.81,4.81,3.99,3.37,3.58,5.69,4.72,4.88,5.32,4.64,5.12,5.4,4.16
E1779,Ingeniería Electrónica,2,C,30,13,66,69,19,2,4.3,4.3,Aprobado,4.23,6.15,4.03,3.69,4.42,3.8,2.87,2.83,3.56,2.78,3.59,4.58,3.42,4.0,4.71
E1780,Ingeniería Informática,2,B,31,15,70,84,30,7,5.8,5.8,Aprobado,5.95,4.23,5.86,5.02,5.15,2.74,3.71,3.83,3.88,4.3,5.45,5.44,5.21,6.21,5.01
E1781,Ingeniería Informática,1,B,25,12,76,82,20,3,4.8,4.3,Aprobado,4.9,4.74,5.39,5.18,5.31,6.57,4.76,5.68,4.3,4.43,5.02,4.83,5.3,4.27,5.51
E1782,Ingeniería Electrónica,3,C,29,13,72,66,24,3,3.9,4.8,Aprobado,5.47,4.56,6.22,5.79,5.34,4.16,4.04,4.84,5.26,4.76,4.51,5.36,5.73,3.43,4.02
E1783,Ingeniería en Construcción,4,A,34,14,78,70,25,1,4.6,5.1,Aprobado,4.82,5.33,5.48,4.83,5.04,3.05,4.99,5.28,4.78,3.6,4.82,5.68,5.65,4.25,3.41
E1784,Ingeniería Civil Industrial,4,C,22,15,78,85,17,3,5.9,7.0,Aprobado,6.26,2.75,6.41,5.63,6.32,3.52,5.08,5.92,3.94,3.89,6.18,5.5,5.43,3.98,5.0
E1785,Ingeniería en Construcción,2,B,24,14,82,84,12,3,5.9,7.0,Aprobado,6.36,3.39,6.67,7.0,7.0,1.54,3.93,3.93,3.99,1.84,4.87,6.22,6.13,5.44,4.47
E1786,Ingeniería Informática,2,D,23,13,74,76,17,0,5.2,6.0,Aprobado,4.89,6.14,5.82,5.3,4.55,1.04,5.18,4.67,5.03,5.29,4.55,4.9,5.26,3.71,5.25
E1787,Ingeniería Civil Industrial,1,D,26,21,88,80,34,2,6.0,7.0,Aprobado,5.51,5.43,6.18,6.26,6.11,2.03,5.92,6.06,6.06,6.33,6.62,7.0,6.49,4.25,4.61
E1788,Ingeniería Electrónica,4,B,32,17,71,56,18,3,5.0,4.1,Aprobado,5.33,5.84,5.3,4.39,4.03,4.11,4.89,4.49,4.5,3.37,4.39,5.28,4.36,3.3,3.77
E1789,Ingeniería en Construcción,1,C,28,15,67,46,17,2,4.5,4.8,Aprobado,3.78,3.4,4.07,4.4,5.26,3.86,4.22,5.29,5.16,4.01,4.8,5.1,4.61,4.08,2.88
E1790,Ingeniería Electrónica,2,A,26,13,81,72,14,0,5.0,5.5,Aprobado,4.86,6.45,5.31,4.39,6.2,3.03,5.01,4.3,4.19,3.96,4.98,5.45,5.72,3.55,4.45
E1791,Ingeniería Informática,3,B,24,16,84,83,20,1,4.3,6.5,Aprobado,5.22,4.75,5.82,5.12,5.64,3.67,5.16,4.77,4.83,5.2,6.17,5.61,5.7,2.81,5.94
E1792,Ingeniería Informática,3,B,26,10,83,82,23,3,5.0,5.1,Aprobado,4.62,3.9,4.94,3.96,4.45,2.42,4.05,4.07,3.42,3.12,4.19,4.15,4.23,4.8,3.91
E1793,Ingeniería Electrónica,2,A,28,12,76,56,9,2,4.0,4.8,Aprobado,2.61,4.96,3.98,3.25,3.3,3.59,5.61,5.65,5.06,4.79,3.67,4.54,3.74,3.48,4.7
E1794,Ingeniería Informática,2,C,24,14,86,100,23,2,3.6,5.9,Aprobado,5.9,5.19,5.52,5.37,5.75,5.48,5.67,4.83,5.85,5.56,6.26,5.61,5.21,5.25,4.65
E1795,Ingeniería Electrónica,3,C,30,11,87,80,19,2,4.8,5.8,Aprobado,5.92,4.91,5.84,5.63,6.69,3.21,5.04,5.93,5.26,5.86,5.6,5.43,5.14,3.73,2.49
E1796,Ingeniería en Construcción,2,B,34,8,76,62,10,4,4.7,4.4,Aprobado,4.83,4.19,5.19,4.98,3.77,3.27,4.61,4.29,4.94,3.95,4.84,3.8,4.69,4.66,2.96
E1797,Ingeniería Civil Industrial,1,D,33,10,75,82,6,3,5.0,5.2,Aprobado,4.57,4.57,4.45,4.1,5.67,2.48,4.19,3.8,3.68,3.37,4.76,4.84,4.42,4.76,4.36
E1798,Ingeniería Electrónica,4,C,28,11,75,68,27,5,5.9,4.8,Aprobado,4.22,4.82,5.79,4.25,4.24,3.64,4.02,4.44,4.03,3.92,4.27,4.82,5.08,4.71,4.85
E1799,Ingeniería Civil Industrial,3,C,24,13,73,63,25,6,5.0,5.7,Aprobado,4.94,4.56,5.75,4.67,5.04,4.16,5.26,5.86,6.12,5.96,4.5,4.46,5.28,4.3,4.65
E1800,Ingeniería en Construcción,1,A,23,16,77,49,18,3,5.2,4.7,Aprobado,4.82,4.18,5.71,4.66,3.82,3.99,4.47,4.96,5.08,5.03,3.58,5.17,5.03,4.56,4.24
E1801,Ingeniería Electrónica,2,C,34,12,97,76,19,1,5.4,7.0,Aprobado,4.44,5.6,5.21,4.75,5.74,1.44,4.7,4.69,5.15,4.47,5.07,4.82,5.6,4.07,2.34
E1802,Ingeniería Civil Industrial,1,C,29,13,84,85,17,2,4.6,5.4,Aprobado,4.12,4.74,4.68,4.69,4.49,4.66,6.08,4.96,5.19,6.52,4.84,4.84,3.89,4.04,3.83
E1803,Ingeniería en Construcción,2,B,24,15,88,79,24,1,4.5,5.7,Aprobado,3.96,5.41,4.26,4.08,4.98,3.1,5.76,6.4,6.59,6.0,4.7,5.44,5.58,3.7,3.74
E1804,Ingeniería Civil Industrial,1,C,31,17,75,68,23,4,4.6,4.8,Aprobado,6.1,3.59,6.03,6.42,5.41,4.7,5.16,3.58,3.75,2.93,5.02,4.6,5.4,4.74,4.39
E1805,Ingeniería en Construcción,2,B,22,12,76,51,17,3,4.2,4.5,Aprobado,7.0,4.41,6.87,5.47,6.2,3.37,3.24,5.13,4.38,4.45,3.92,5.16,4.08,6.34,3.04
E1806,Ingeniería Electrónica,2,A,25,7,50,57,7,1,3.9,2.9,Reprobado,3.11,5.25,3.51,3.57,3.53,4.36,3.35,2.48,3.84,2.95,2.7,3.58,3.32,3.29,3.66
E1807,Ingeniería Electrónica,3,A,30,17,88,70,22,2,5.7,6.4,Aprobado,5.49,3.21,6.28,5.06,5.59,2.57,5.43,6.17,5.89,4.29,4.8,5.55,5.5,5.13,5.05
E1808,Ingeniería Civil Industrial,4,A,25,10,75,59,20,5,4.3,4.1,Aprobado,2.82,4.48,2.25,3.76,1.96,4.25,5.54,3.74,4.19,5.19,5.1,4.55,3.43,4.62,4.54
E1809,Ingeniería Civil Industrial,2,C,27,11,81,81,18,2,4.9,6.5,Aprobado,4.89,3.68,4.9,4.62,5.35,3.26,4.93,5.84,5.4,3.61,5.91,4.59,5.38,4.33,4.72
E1810,Ingeniería Civil Industrial,2,D,26,16,66,69,22,3,5.4,6.2,Aprobado,4.75,5.28,6.18,5.15,4.93,2.26,4.87,3.52,4.18,4.02,4.82,5.29,4.85,5.3,2.85
E1811,Ingeniería Electrónica,2,D,33,17,69,77,24,5,5.7,6.3,Aprobado,4.61,4.66,5.8,5.21,4.48,1.97,4.02,4.66,4.19,4.34,4.74,5.3,5.0,5.43,4.87
E1812,Ingeniería Electrónica,1,B,23,9,67,71,15,2,3.7,3.8,Reprobado,4.03,4.91,4.27,4.1,4.07,1.35,5.24,4.11,4.96,4.77,4.21,3.7,4.01,3.72,3.02
E1813,Ingeniería Electrónica,1,C,33,16,94,98,15,0,5.5,6.5,Aprobado,5.2,3.64,5.17,5.54,6.16,6.5,5.57,5.45,6.12,5.18,6.85,6.44,5.59,1.6,4.09
E1814,Ingeniería Informática,4,D,29,13,86,68,18,0,3.8,5.2,Aprobado,3.59,4.04,4.75,4.37,3.97,5.67,6.33,6.41,6.01,6.7,4.35,4.62,4.39,3.28,4.01
E1815,Ingeniería en Construcción,3,B,22,16,76,72,25,2,3.9,4.9,Aprobado,3.43,4.7,3.27,4.54,3.74,4.66,5.31,4.76,5.28,4.76,4.87,5.8,4.67,2.64,5.39
E1816,Ingeniería Electrónica,2,C,33,13,78,97,18,2,3.8,6.5,Aprobado,5.53,4.3,5.1,5.93,5.9,3.61,5.53,4.1,4.92,4.62,5.84,6.2,5.09,4.44,5.13
E1817,Ingeniería Civil Industrial,1,D,24,17,87,89,26,3,4.8,6.4,Aprobado,5.36,5.13,5.22,5.25,5.26,4.3,3.97,4.68,4.33,4.48,5.61,5.79,6.32,4.69,3.34
E1818,Ingeniería Electrónica,3,B,31,12,73,75,21,0,4.7,5.1,Aprobado,5.27,4.71,6.25,4.69,4.93,3.36,3.92,4.1,2.99,3.52,3.68,3.02,4.87,1.79,4.26
E1819,Ingeniería en Construcción,2,A,31,11,87,67,19,2,3.8,5.4,Aprobado,5.86,5.01,5.15,6.6,5.66,3.82,4.69,4.19,5.06,4.3,5.49,5.32,5.44,3.28,4.98
E1820,Ingeniería en Construcción,3,D,26,13,75,82,24,3,5.3,5.7,Aprobado,4.32,3.89,5.11,4.88,3.8,3.44,4.27,4.35,4.75,4.65,5.17,5.08,5.18,4.47,3.52
E1821,Ingeniería Informática,4,B,22,7,62,52,14,6,5.1,4.0,Aprobado,4.04,4.63,5.03,4.39,4.55,3.99,3.52,3.86,3.9,3.37,3.89,4.13,3.9,4.85,4.46
E1822,Ingeniería Civil Industrial,3,C,26,14,72,36,22,1,4.1,3.9,Reprobado,4.87,4.66,4.53,4.63,4.92,6.21,3.68,3.35,2.55,2.39,3.38,4.15,4.3,2.31,3.65
E1823,Ingeniería Informática,3,D,24,9,94,51,14,4,4.5,4.8,Aprobado,5.28,2.74,6.19,5.27,5.62,3.16,3.25,2.55,1.26,2.11,4.46,3.98,5.01,5.03,4.68
E1824,Ingeniería en Construcción,2,B,26,10,77,84,18,4,4.1,5.0,Aprobado,4.57,4.44,4.68,4.96,4.59,3.56,5.0,5.51,4.61,3.78,4.81,4.13,5.18,4.68,5.33
E1825,Ingeniería Informática,1,D,34,13,68,56,12,4,4.2,4.2,Aprobado,5.35,5.15,5.3,5.54,3.52,4.68,5.09,3.68,5.44,3.9,4.65,4.39,3.82,5.86,4.02
E1826,Ingeniería Civil Industrial,1,C,33,9,86,74,12,6,5.7,5.9,Aprobado,4.76,4.66,5.28,4.98,4.82,1.92,5.14,5.66,4.88,4.97,4.92,3.19,5.59,4.86,2.69
E1827,Ingeniería Civil Industrial,4,D,32,15,75,70,34,4,5.1,5.5,Aprobado,4.29,3.84,4.55,4.98,4.22,4.12,5.6,4.81,6.86,5.96,5.24,5.25,4.82,3.9,4.21
E1828,Ingeniería Civil Industrial,2,A,22,3,52,68,9,0,4.5,4.1,Aprobado,3.2,4.47,4.08,3.86,4.12,1.38,5.08,4.59,4.76,3.76,2.74,3.45,2.77,3.28,4.84
E1829,Ingeniería Civil Industrial,2,D,33,12,89,100,21,1,4.6,6.1,Aprobado,6.99,5.35,6.16,5.6,5.18,3.55,5.16,5.34,3.93,4.93,6.35,5.4,5.33,3.01,3.84
E1830,Ingeniería Civil Industrial,2,D,27,17,98,85,21,1,4.4,7.0,Aprobado,5.41,6.26,6.55,6.47,6.82,1.0,3.78,3.92,3.04,3.1,5.04,5.45,6.65,4.56,5.48
E1831,Ingeniería Civil Industrial,3,B,27,13,58,56,15,3,4.9,4.2,Aprobado,3.9,5.69,5.22,4.58,4.5,3.7,3.33,4.23,3.29,3.84,3.98,5.08,3.57,4.65,3.78
E1832,Ingeniería Informática,2,C,32,9,76,69,8,4,4.3,5.0,Aprobado,4.94,4.37,5.41,5.47,5.73,4.41,5.24,4.69,4.01,4.27,4.57,4.11,4.58,3.58,4.33
E1833,Ingeniería Informática,3,A,28,3,62,57,10,4,4.9,3.6,Reprobado,4.25,2.47,5.23,4.6,3.25,4.48,2.21,3.34,3.54,2.52,3.06,2.81,3.43,3.92,4.01
E1834,Ingeniería Informática,2,B,28,14,66,65,17,2,3.8,4.0,Aprobado,4.57,3.29,4.46,3.86,3.67,4.36,2.78,3.98,3.1,3.22,3.26,4.43,3.8,4.34,3.43
E1835,Ingeniería Civil Industrial,1,A,27,12,66,64,22,1,4.3,4.5,Aprobado,5.6,5.32,6.57,4.45,4.88,4.96,4.19,4.52,5.27,3.6,4.05,4.4,5.62,3.17,4.99
E1836,Ingeniería Informática,1,C,29,7,65,68,8,1,4.7,4.1,Aprobado,5.24,3.84,6.13,5.7,5.13,5.05,4.25,4.64,4.93,3.22,5.18,4.28,4.5,4.78,2.66
E1837,Ingeniería Electrónica,1,B,27,9,85,72,16,1,4.8,5.1,Aprobado,6.43,4.73,6.05,5.68,5.12,3.49,4.18,3.75,3.86,4.0,5.07,4.27,5.02,2.88,2.22
E1838,Ingeniería en Construcción,3,B,23,11,86,59,20,0,4.8,5.2,Aprobado,5.78,6.58,5.83,5.36,5.23,4.91,2.8,2.77,3.78,2.44,4.66,4.18,5.15,3.26,4.11
E1839,Ingeniería en Construcción,1,C,30,9,79,64,17,5,4.3,4.8,Aprobado,4.27,4.9,4.11,4.19,3.75,4.03,4.92,5.53,5.82,5.02,3.54,4.09,4.59,5.03,5.36
E1840,Ingeniería Electrónica,2,B,25,11,66,49,19,2,4.7,4.2,Aprobado,3.9,4.33,4.39,4.34,4.06,3.77,4.24,4.34,5.26,4.31,3.48,3.52,2.8,4.38,3.75
E1841,Ingeniería en Construcción,1,B,26,15,78,85,25,3,5.1,5.7,Aprobado,6.09,3.62,6.78,5.41,5.76,4.22,5.81,6.53,5.96,5.22,5.72,5.71,5.81,3.93,4.57
E1842,Ingeniería Civil Industrial,1,B,32,10,65,83,16,2,5.9,5.2,Aprobado,5.22,4.19,5.57,5.04,4.88,4.9,4.43,5.17,3.93,5.33,4.56,4.05,4.61,3.46,2.92
E1843,Ingeniería Informática,1,D,22,16,80,79,26,2,6.1,6.0,Aprobado,5.3,4.94,5.44,5.15,5.13,2.92,5.4,5.09,4.92,5.31,5.01,6.29,5.79,5.39,4.58
E1844,Ingeniería Electrónica,3,C,24,13,91,55,10,1,3.9,5.5,Aprobado,5.62,3.66,5.35,4.99,4.89,4.12,2.99,2.84,3.27,1.55,5.43,5.7,3.99,3.85,4.5
E1845,Ingeniería Civil Industrial,1,A,29,16,83,75,16,5,5.5,6.2,Aprobado,6.9,6.23,7.0,6.48,6.42,3.37,4.33,4.26,3.95,4.43,5.49,5.13,5.92,4.91,3.39
E1846,Ingeniería en Construcción,1,A,27,11,87,76,20,4,4.5,5.4,Aprobado,4.8,6.26,5.92,4.92,5.63,5.8,3.28,4.28,4.32,3.42,3.87,4.36,4.7,3.29,5.66
E1847,Ingeniería Electrónica,2,A,28,11,93,68,27,0,4.0,5.6,Aprobado,4.22,4.58,4.99,4.88,5.41,1.94,3.2,3.98,4.38,3.72,5.97,6.01,4.19,2.92,5.08
E1848,Ingeniería Informática,1,D,29,9,62,50,12,0,4.6,4.3,Aprobado,4.45,6.5,4.32,5.44,4.28,3.18,4.8,4.24,4.58,3.8,4.0,4.39,4.44,2.43,4.48
E1849,Ingeniería Civil Industrial,2,C,30,12,68,65,16,5,4.2,5.4,Aprobado,5.7,5.44,5.11,4.02,4.85,4.25,4.61,4.42,5.78,4.25,4.33,4.12,4.14,4.94,5.8
E1850,Ingeniería Electrónica,2,C,28,20,82,79,29,3,4.6,5.7,Aprobado,5.74,6.54,5.99,5.3,5.34,3.96,7.0,6.9,6.72,6.74,6.22,6.65,5.46,5.73,4.05
E1851,Ingeniería Civil Industrial,1,B,30,15,64,78,24,1,4.1,5.5,Aprobado,5.09,5.28,6.12,4.96,4.37,2.43,5.24,5.09,3.94,4.27,4.22,4.71,5.23,3.66,3.7
E1852,Ingeniería Civil Industrial,2,C,26,8,63,62,18,4,5.4,4.0,Aprobado,5.09,3.64,5.14,4.67,5.74,6.08,4.35,3.79,3.44,3.02,2.98,3.26,4.64,4.71,4.19
E1853,Ingeniería Informática,1,A,28,10,82,75,8,1,3.9,4.8,Aprobado,3.88,5.17,4.77,3.68,4.43,3.18,5.95,6.03,4.8,6.17,4.38,4.62,4.2,4.76,4.21
E1854,Ingeniería en Construcción,2,A,33,12,80,62,21,4,3.3,4.1,Aprobado,4.44,5.19,3.47,3.91,4.0,4.47,5.46,5.5,5.92,5.74,5.19,4.89,4.32,4.22,3.87
E1855,Ingeniería Informática,1,A,22,18,45,69,20,3,4.8,4.8,Aprobado,4.74,3.94,4.66,4.33,4.67,5.3,4.34,5.15,4.17,2.84,4.37,5.37,4.47,5.29,3.66
E1856,Ingeniería Informática,2,C,30,14,88,73,23,1,4.2,6.0,Aprobado,6.88,5.38,6.74,6.6,6.73,5.3,3.57,3.95,5.32,4.31,4.8,6.48,6.38,3.57,5.47
E1857,Ingeniería Civil Industrial,3,C,22,5,80,61,9,3,4.4,4.2,Aprobado,4.79,5.11,5.03,5.2,4.83,3.29,3.34,3.77,3.99,4.63,3.99,3.41,4.34,4.82,3.75
E1858,Ingeniería Informática,1,C,25,14,75,73,23,4,4.2,4.5,Aprobado,4.9,4.12,4.8,5.3,5.72,4.08,6.13,5.2,5.08,5.33,4.9,5.72,4.81,5.34,3.35
E1859,Ingeniería Electrónica,4,C,25,8,71,45,15,0,5.7,4.7,Aprobado,4.85,4.99,4.57,4.81,4.11,4.06,3.4,3.88,3.52,3.53,2.84,4.11,3.85,4.78,4.19
E1860,Ingeniería en Construcción,3,C,29,10,64,63,19,2,5.8,5.1,Aprobado,5.2,4.54,5.59,4.77,4.37,1.47,3.43,3.9,2.97,3.82,3.28,2.65,3.09,3.62,3.3
E1861,Ingeniería en Construcción,3,D,25,12,72,87,12,5,4.5,5.2,Aprobado,5.09,4.04,5.43,4.73,4.31,3.47,3.95,4.65,4.41,2.85,5.2,4.01,4.97,5.42,4.45
E1862,Ingeniería en Construcción,2,B,27,11,88,71,9,3,4.6,5.6,Aprobado,5.01,5.56,5.46,4.79,4.36,5.35,5.24,5.59,5.01,5.0,4.96,3.88,4.99,4.06,6.04
E1863,Ingeniería Electrónica,4,A,23,10,69,61,19,4,4.0,4.4,Aprobado,2.92,5.28,2.92,2.84,2.98,2.3,6.03,5.05,4.58,4.8,4.56,3.44,3.25,3.41,3.62
E1864,Ingeniería en Construcción,2,B,25,7,68,71,14,5,5.0,4.3,Aprobado,4.53,3.35,5.05,3.8,3.25,2.95,4.07,2.3,3.66,2.88,4.73,3.06,3.99,5.08,5.27
E1865,Ingeniería Civil Industrial,1,D,22,13,73,72,20,3,4.6,5.3,Aprobado,4.83,2.94,4.87,4.28,5.49,3.81,4.3,5.13,3.64,3.87,3.9,4.8,4.74,4.98,5.75
E1866,Ingeniería Civil Industrial,3,B,26,17,94,100,28,2,4.5,6.6,Aprobado,7.0,4.31,7.0,6.47,7.0,4.81,4.92,4.98,5.01,4.13,6.02,7.0,6.77,3.67,5.28
E1867,Ingeniería Informática,1,D,33,11,71,36,12,3,6.2,4.1,Aprobado,4.54,4.55,4.34,3.95,4.78,3.35,6.49,5.6,7.0,5.45,4.67,5.53,3.66,4.36,4.78
E1868,Ingeniería Civil Industrial,3,D,24,12,83,70,18,0,5.6,5.1,Aprobado,6.25,3.55,6.34,5.16,5.46,3.4,4.43,4.91,3.95,3.17,4.12,5.27,4.54,2.5,3.31
E1869,Ingeniería en Construcción,1,B,28,13,82,86,15,0,5.7,5.2,Aprobado,3.07,5.04,3.58,3.54,2.66,3.21,5.15,4.54,4.66,5.33,4.79,5.19,3.83,2.7,3.22
E1870,Ingeniería Electrónica,3,D,29,10,93,70,16,1,4.6,5.7,Aprobado,4.37,3.91,4.89,4.09,4.79,3.14,5.07,6.09,5.38,3.53,5.18,4.58,4.35,2.57,5.3
E1871,Ingeniería Electrónica,1,D,26,8,66,52,10,0,4.1,4.1,Aprobado,3.73,3.27,4.63,4.45,4.02,1.98,4.98,4.65,4.58,4.1,4.92,3.75,3.35,4.05,4.62
E1872,Ingeniería Electrónica,4,B,32,11,68,45,13,1,4.7,4.2,Aprobado,4.06,3.0,5.16,5.18,5.04,4.21,3.36,3.8,3.79,3.43,4.63,4.79,4.18,4.69,1.56
E1873,Ingeniería Civil Industrial,4,D,27,10,71,56,17,6,5.3,4.0,Aprobado,4.64,4.47,4.77,4.28,4.3,3.69,3.05,2.5,2.33,2.34,2.75,3.5,3.63,5.4,4.93
E1874,Ingeniería Electrónica,4,A,27,8,59,59,19,2,4.0,3.3,Reprobado,3.29,3.45,3.73,3.95,3.58,4.06,3.18,2.75,2.51,2.99,2.97,3.88,3.29,4.92,4.22
E1875,Ingeniería en Construcción,3,D,34,11,59,65,23,0,6.1,3.9,Reprobado,3.31,4.83,4.06,2.86,3.65,3.99,4.9,6.13,4.77,5.22,3.25,3.04,3.36,2.21,4.09
E1876,Ingeniería en Construcción,4,C,29,7,71,50,13,2,4.4,3.4,Reprobado,4.55,7.0,5.26,4.77,4.9,2.9,2.84,2.14,2.55,1.83,2.35,3.89,3.28,4.03,2.6
E1877,Ingeniería en Construcción,4,A,32,7,78,39,12,3,4.7,4.2,Aprobado,4.65,3.99,4.64,3.9,4.27,2.27,3.66,4.46,3.95,4.45,3.8,3.7,3.69,4.82,4.41
E1878,Ingeniería Informática,2,D,34,12,85,68,21,2,3.4,5.4,Aprobado,4.51,3.39,5.1,5.52,5.76,1.0,4.6,4.38,4.86,4.95,5.37,5.85,5.55,4.09,4.97
E1879,Ingeniería Civil Industrial,3,A,25,13,75,61,10,1,5.1,5.6,Aprobado,5.15,3.88,4.91,5.67,5.45,3.98,4.61,4.84,5.98,4.03,5.25,5.61,5.06,4.55,4.24
E1880,Ingeniería Electrónica,4,C,22,14,97,94,26,5,4.0,5.9,Aprobado,6.9,4.35,6.2,6.8,6.01,5.54,5.53,5.58,6.45,4.34,6.51,5.97,6.59,5.14,4.44
E1881,Ingeniería Electrónica,3,D,24,14,82,72,26,3,4.8,5.5,Aprobado,3.86,2.42,4.5,4.82,4.86,3.03,7.0,6.59,6.81,5.71,6.56,6.09,5.06,5.03,3.71
E1882,Ingeniería en Construcción,2,D,31,16,75,89,32,2,4.7,6.3,Aprobado,5.32,5.91,5.59,4.8,6.4,4.82,4.91,4.39,4.27,3.67,5.84,5.17,5.67,3.78,5.3
E1883,Ingeniería Electrónica,2,D,32,8,75,63,9,3,5.9,4.8,Aprobado,4.89,2.65,5.02,5.24,5.09,2.89,5.17,4.55,5.45,4.75,4.76,3.85,4.53,5.61,4.52
E1884,Ingeniería Informática,1,D,28,13,69,66,24,4,3.7,5.2,Aprobado,4.61,5.33,4.68,5.03,4.9,2.82,3.14,3.8,3.11,2.66,5.32,5.14,4.08,3.99,3.22
E1885,Ingeniería Informática,3,D,22,13,79,78,11,5,5.3,5.6,Aprobado,5.93,4.44,5.92,5.63,4.44,2.13,4.24,4.88,3.92,4.11,5.52,6.07,5.77,5.42,5.47
E1886,Ingeniería Electrónica,1,A,29,8,56,35,13,1,4.4,3.4,Reprobado,4.38,4.26,3.13,4.08,4.01,3.23,3.81,5.07,4.81,4.36,3.38,3.58,3.62,3.46,4.26
E1887,Ingeniería Informática,3,C,28,11,89,66,13,1,4.9,5.1,Aprobado,4.15,4.3,4.43,4.15,4.79,5.77,3.42,4.65,3.9,4.56,4.32,5.16,4.3,3.05,4.42
E1888,Ingeniería Electrónica,1,C,28,6,68,59,16,5,4.6,3.8,Reprobado,3.4,4.63,3.16,3.58,3.6,3.26,5.16,5.29,5.39,4.56,3.86,3.79,3.63,4.22,5.78
E1889,Ingeniería Electrónica,3,A,22,12,77,72,15,0,3.7,5.2,Aprobado,5.44,4.25,5.3,5.32,5.22,4.98,3.7,5.09,3.63,2.8,3.99,4.28,4.41,2.33,3.62
E1890,Ingeniería Civil Industrial,3,A,23,8,64,52,9,2,4.0,3.7,Reprobado,4.02,5.48,4.08,4.03,3.03,4.69,5.54,5.35,5.18,4.03,3.16,3.4,3.76,4.91,3.16
E1891,Ingeniería Civil Industrial,1,D,28,19,80,75,19,4,6.0,6.3,Aprobado,5.53,3.51,5.99,5.4,5.17,2.46,4.8,5.17,4.86,5.49,4.13,5.54,5.34,4.97,3.62
E1892,Ingeniería Civil Industrial,3,C,34,15,80,82,21,0,4.7,6.1,Aprobado,6.14,4.35,6.01,5.75,7.0,3.53,5.45,4.65,5.93,3.66,6.12,6.35,5.11,2.33,3.31
E1893,Ingeniería Electrónica,3,A,33,12,78,62,13,5,4.2,5.1,Aprobado,5.53,4.76,5.63,5.4,4.87,2.75,3.85,3.96,3.89,3.38,4.93,4.95,5.62,3.65,4.17
E1894,Ingeniería en Construcción,2,B,24,11,86,80,21,6,5.1,6.4,Aprobado,5.34,2.85,5.39,5.12,5.69,4.4,5.11,4.39,4.17,3.11,5.49,5.36,5.54,5.54,2.87
E1895,Ingeniería Civil Industrial,2,C,32,12,78,63,20,1,4.2,5.3,Aprobado,4.38,4.39,4.87,4.39,4.16,4.04,2.35,2.13,3.8,2.98,4.27,4.34,4.96,3.86,3.9
E1896,Ingeniería Electrónica,4,C,28,14,64,55,25,3,3.5,4.1,Aprobado,4.8,4.03,3.82,4.33,4.95,3.93,4.96,4.77,4.95,5.77,4.04,4.54,3.62,3.22,4.8
E1897,Ingeniería en Construcción,1,B,30,7,70,50,10,2,4.2,4.3,Aprobado,4.77,5.53,5.64,4.93,4.87,3.75,4.16,3.65,4.25,3.0,4.01,3.46,4.04,4.24,5.73
E1898,Ingeniería Informática,4,A,30,10,55,73,16,1,3.3,3.9,Reprobado,1.37,3.9,3.2,3.62,2.68,4.09,4.55,5.09,4.71,4.3,4.34,3.9,2.89,1.99,6.0
E1899,Ingeniería Electrónica,4,A,34,14,67,65,19,5,2.3,4.3,Aprobado,3.46,3.48,3.15,4.05,3.15,6.46,4.39,5.26,4.69,4.84,5.13,5.61,3.99,3.6,5.58
E1900,Ingeniería en Construcción,2,D,24,14,62,49,21,1,4.8,4.4,Aprobado,4.59,4.72,4.89,4.0,4.08,4.03,4.66,4.89,4.9,4.22,4.51,4.71,5.18,2.96,5.33
E1901,Ingeniería Informática,3,A,26,15,57,80,24,3,3.7,4.5,Aprobado,4.41,3.21,6.06,3.86,4.85,5.84,5.3,4.94,4.71,4.4,4.02,4.27,3.83,3.28,6.63
E1902,Ingeniería Informática,3,A,29,10,68,69,16,0,5.5,5.5,Aprobado,5.31,3.74,6.06,5.49,5.86,5.52,3.15,3.53,3.7,3.28,4.81,3.23,5.56,2.84,5.11
E1903,Ingeniería Informática,4,B,30,10,88,71,13,1,4.5,5.7,Aprobado,4.28,4.81,6.21,4.71,4.7,2.53,3.71,4.88,4.23,3.15,4.3,4.06,5.8,4.98,2.7
E1904,Ingeniería Electrónica,4,D,27,10,80,96,17,6,3.6,5.3,Aprobado,3.95,5.26,4.93,4.45,3.95,4.45,4.96,5.26,5.65,4.68,5.39,5.21,5.16,7.0,4.01
E1905,Ingeniería Civil Industrial,1,D,27,11,82,56,15,3,6.5,5.2,Aprobado,4.24,5.75,5.5,5.37,4.38,2.95,4.86,5.69,5.46,5.17,3.41,4.56,4.38,4.43,3.21
E1906,Ingeniería Electrónica,3,C,26,9,58,42,12,1,4.4,3.5,Reprobado,3.85,5.46,4.21,3.3,3.85,3.23,3.67,4.0,4.22,3.16,4.39,4.56,3.29,3.75,4.01
E1907,Ingeniería en Construcción,2,C,27,22,77,71,24,2,4.3,6.3,Aprobado,5.68,5.19,5.68,5.26,5.33,2.42,4.85,5.11,4.39,3.79,5.64,6.5,4.93,2.84,3.14
E1908,Ingeniería Informática,1,B,23,13,91,74,20,2,4.8,5.9,Aprobado,7.0,5.62,6.55,6.08,5.14,4.75,2.94,3.94,3.65,3.53,6.27,5.48,5.9,4.81,4.69
E1909,Ingeniería Informática,4,A,32,15,88,71,19,3,4.7,5.1,Aprobado,6.67,3.12,6.56,7.0,6.72,2.19,3.43,2.91,3.77,2.61,5.72,6.33,6.14,4.09,3.52
E1910,Ingeniería Electrónica,3,A,31,11,88,72,12,2,5.1,5.4,Aprobado,6.11,5.8,6.49,5.52,5.06,2.29,3.19,4.75,4.4,4.03,4.53,4.43,4.81,3.45,3.99
E1911,Ingeniería Informática,1,A,27,11,78,69,21,6,6.2,5.8,Aprobado,5.09,4.17,5.0,3.94,5.04,1.64,4.0,3.38,3.13,2.09,3.55,3.71,4.15,4.47,3.93
E1912,Ingeniería Informática,2,B,23,12,61,60,21,4,4.8,4.5,Aprobado,4.77,5.13,4.92,4.22,4.73,3.84,4.86,5.72,5.53,5.23,4.18,5.14,4.93,5.29,3.17
E1913,Ingeniería Informática,2,D,30,11,88,65,18,0,5.5,4.8,Aprobado,5.38,3.77,5.41,4.8,5.03,3.9,3.61,3.81,2.87,3.5,3.58,4.07,4.84,4.07,4.17
E1914,Ingeniería en Construcción,2,C,32,12,75,98,15,0,5.1,5.2,Aprobado,5.74,3.36,6.29,4.49,5.69,6.42,4.74,4.89,5.55,4.77,5.64,5.79,5.66,3.48,4.26
E1915,Ingeniería Civil Industrial,2,A,26,7,67,71,19,0,4.1,4.4,Aprobado,4.93,5.21,4.87,4.77,3.85,2.97,4.82,4.92,4.67,5.14,5.38,3.28,3.93,2.05,4.26
E1916,Ingeniería Civil Industrial,3,C,22,15,85,82,25,2,5.7,6.9,Aprobado,6.34,5.11,6.31,5.53,5.64,4.87,5.44,5.24,5.52,3.86,5.19,4.41,6.36,4.12,5.64
E1917,Ingeniería Informática,2,D,29,8,60,63,11,0,4.2,4.4,Aprobado,4.05,3.56,5.14,4.81,4.09,4.27,6.95,6.0,6.85,6.55,4.3,4.11,3.7,3.12,4.27
E1918,Ingeniería Electrónica,4,C,32,11,83,60,29,0,4.7,5.0,Aprobado,6.12,5.23,6.42,5.24,4.87,1.84,2.57,3.25,2.26,3.37,3.8,4.09,5.06,3.66,5.37
E1919,Ingeniería Civil Industrial,3,C,32,8,62,66,17,3,4.3,5.0,Aprobado,3.65,3.3,3.52,3.68,3.6,2.57,5.53,6.04,5.7,4.61,5.1,4.47,4.02,4.87,3.91
E1920,Ingeniería Civil Industrial,1,C,30,17,76,79,31,2,4.4,5.4,Aprobado,5.75,3.12,5.0,4.97,5.36,3.46,4.35,4.2,4.93,4.03,5.18,4.72,4.68,2.58,5.54
E1921,Ingeniería Electrónica,1,C,25,11,59,70,12,4,3.7,3.7,Reprobado,5.1,5.42,5.48,4.39,4.47,4.72,4.31,5.13,4.31,3.7,5.03,4.55,4.51,3.5,3.55
E1922,Ingeniería en Construcción,3,A,28,15,80,72,25,1,3.7,5.3,Aprobado,4.6,5.18,5.48,5.16,5.85,6.54,5.5,6.53,6.36,5.81,5.69,5.19,4.55,4.16,5.16
E1923,Ingeniería Electrónica,1,B,30,11,59,42,16,0,3.9,4.2,Aprobado,5.12,4.81,5.31,4.67,3.82,1.44,3.37,4.5,5.1,3.69,3.65,4.26,4.59,2.63,4.86
E1924,Ingeniería Electrónica,1,C,27,9,88,75,12,1,4.4,5.9,Aprobado,7.0,3.03,7.0,7.0,6.44,3.36,3.57,4.34,4.47,4.16,5.92,5.88,6.05,3.49,4.43
E1925,Ingeniería en Construcción,4,D,27,11,79,61,23,4,4.0,4.8,Aprobado,4.26,5.18,5.01,4.96,3.8,3.16,3.74,4.18,5.04,3.81,4.56,5.71,4.77,4.37,6.49
E1926,Ingeniería Electrónica,1,A,33,10,54,53,16,4,6.1,3.7,Reprobado,3.21,2.71,3.68,3.57,3.91,4.35,3.0,3.27,2.9,2.27,4.05,4.19,4.09,2.98,5.18
E1927,Ingeniería Electrónica,1,A,26,11,77,60,23,3,4.8,5.4,Aprobado,4.48,3.84,5.33,4.92,5.5,2.95,4.1,4.47,4.3,4.51,5.19,4.56,4.81,5.0,3.65
E1928,Ingeniería Electrónica,4,A,28,10,53,70,15,3,4.5,4.7,Aprobado,4.76,5.27,4.51,3.93,4.61,3.48,5.65,4.31,4.7,4.69,5.16,4.49,3.77,3.47,5.21
E1929,Ingeniería en Construcción,3,D,25,15,74,80,15,0,4.0,5.1,Aprobado,4.7,4.07,5.82,4.56,4.13,2.98,3.42,4.02,4.2,2.42,4.43,3.41,3.9,2.77,4.42
E1930,Ingeniería Informática,3,A,24,13,83,62,28,3,5.0,6.6,Aprobado,5.94,3.66,5.96,6.3,6.21,4.27,5.57,5.45,5.58,5.37,6.2,5.81,5.64,4.23,3.89
E1931,Ingeniería Electrónica,2,C,26,12,59,88,19,0,5.1,5.1,Aprobado,4.15,5.57,5.18,4.54,4.32,4.86,4.03,4.21,5.11,3.59,4.66,4.54,5.05,2.0,2.45
E1932,Ingeniería en Construcción,1,D,30,13,64,73,17,1,4.1,5.3,Aprobado,3.5,5.71,4.28,4.75,4.16,4.68,6.28,5.37,5.82,4.97,3.86,4.95,4.43,3.75,3.79
E1933,Ingeniería Electrónica,4,D,25,13,64,81,18,3,5.6,5.9,Aprobado,5.1,5.53,5.75,4.7,5.37,5.15,5.7,5.52,4.45,4.47,6.05,5.76,3.63,5.62,4.28
E1934,Ingeniería Informática,1,A,30,14,86,80,19,3,5.5,5.5,Aprobado,6.12,2.97,6.26,5.38,5.57,3.07,4.11,3.33,3.76,3.56,4.98,4.86,5.75,3.95,5.41
E1935,Ingeniería Electrónica,2,A,23,11,76,70,27,2,4.2,4.3,Aprobado,5.3,4.15,6.11,5.94,5.49,3.88,4.81,4.46,5.1,4.01,4.88,5.85,5.58,3.93,2.21
E1936,Ingeniería Civil Industrial,1,C,33,18,83,87,27,0,5.3,6.3,Aprobado,6.95,5.35,7.0,7.0,6.5,4.42,4.81,4.88,5.53,5.86,6.16,6.21,6.93,2.86,4.6
E1937,Ingeniería en Construcción,1,D,22,10,64,66,17,3,3.7,4.2,Aprobado,4.57,4.88,4.43,4.62,4.17,3.67,4.82,4.38,4.55,4.93,4.75,4.69,4.48,4.16,2.84
E1938,Ingeniería Civil Industrial,2,B,22,7,72,40,22,3,5.8,4.6,Aprobado,3.02,5.62,3.85,3.69,4.59,3.19,2.39,2.03,3.44,2.87,3.83,3.38,3.02,5.36,3.16
E1939,Ingeniería en Construcción,2,A,26,13,69,63,18,4,4.8,5.0,Aprobado,4.69,5.6,5.34,4.96,4.71,1.93,4.94,5.25,6.03,5.68,4.38,5.02,5.27,4.6,4.85
E1940,Ingeniería Civil Industrial,3,C,28,10,86,67,16,5,6.1,5.4,Aprobado,6.41,5.47,6.36,6.16,6.59,3.71,5.65,5.92,5.46,5.26,5.11,5.68,5.89,6.59,5.21
E1941,Ingeniería en Construcción,3,B,31,7,72,69,16,2,3.3,4.0,Aprobado,4.42,5.37,5.02,4.6,5.13,3.77,3.71,3.99,3.48,1.74,4.5,4.06,4.57,2.91,4.23
E1942,Ingeniería Electrónica,3,A,25,10,80,87,15,4,5.9,5.9,Aprobado,6.18,5.32,6.93,5.72,5.6,1.0,4.31,5.59,5.0,4.28,4.28,3.74,4.87,5.28,4.34
E1943,Ingeniería en Construcción,3,C,25,12,75,68,20,2,5.4,5.8,Aprobado,4.65,5.32,4.86,4.32,4.4,4.61,3.74,4.28,4.47,5.38,4.79,4.9,5.13,5.57,4.86
E1944,Ingeniería Electrónica,2,D,22,15,59,63,29,0,4.6,4.0,Aprobado,4.01,4.51,5.5,4.96,4.51,4.6,4.48,5.34,4.65,4.9,5.57,5.32,4.28,3.53,3.45
E1945,Ingeniería en Construcción,1,A,28,15,71,95,29,0,4.0,6.5,Aprobado,6.19,5.39,6.64,6.03,5.84,2.77,4.05,4.08,3.71,2.72,5.85,6.84,6.14,3.08,4.02
E1946,Ingeniería Informática,1,A,30,11,69,54,7,5,6.2,5.1,Aprobado,5.95,5.86,5.88,5.85,5.57,2.81,4.07,3.84,3.02,3.5,4.28,5.03,4.68,6.39,4.18
E1947,Ingeniería Electrónica,3,D,29,17,76,64,18,0,4.4,5.3,Aprobado,5.79,2.9,5.36,5.39,4.8,3.15,4.19,4.98,5.41,4.54,5.59,6.01,5.77,3.01,2.52
E1948,Ingeniería en Construcción,2,D,33,11,82,77,20,3,4.7,5.3,Aprobado,5.44,5.12,6.4,5.88,5.75,4.78,2.58,2.23,3.5,3.56,3.99,4.19,5.63,4.9,2.79
E1949,Ingeniería Informática,1,B,31,16,81,85,25,2,5.3,6.8,Aprobado,5.69,3.67,6.78,5.23,5.77,2.96,4.52,4.12,3.31,3.07,5.79,4.57,5.74,4.55,6.86
E1950,Ingeniería en Construcción,1,D,23,14,79,74,23,0,4.0,5.7,Aprobado,4.83,3.59,5.28,5.05,5.06,4.81,5.98,4.47,4.88,4.43,4.41,3.84,4.96,2.23,6.34
E1951,Ingeniería Civil Industrial,3,C,25,10,74,85,19,1,5.1,5.5,Aprobado,6.35,3.43,6.29,5.56,5.45,6.1,4.02,4.61,4.89,3.68,4.86,4.28,5.25,3.57,3.51
E1952,Ingeniería Electrónica,3,D,26,8,89,62,12,4,3.9,4.7,Aprobado,6.36,4.55,6.04,5.29,5.23,5.21,2.16,2.97,3.36,2.4,5.46,5.06,5.13,4.25,5.64
E1953,Ingeniería Civil Industrial,3,C,32,12,73,71,18,0,4.8,4.9,Aprobado,6.2,4.12,7.0,6.84,5.44,3.65,3.38,3.95,3.72,2.94,4.68,4.88,4.75,3.05,3.89
E1954,Ingeniería Civil Industrial,1,C,31,9,81,80,16,3,5.0,4.8,Aprobado,4.17,3.8,3.65,4.0,3.77,3.99,4.49,5.16,5.41,4.75,4.82,4.63,4.43,3.62,3.99
E1955,Ingeniería Electrónica,3,A,29,15,68,62,30,3,4.6,4.4,Aprobado,5.06,6.41,4.61,5.08,3.6,2.52,5.29,5.54,4.66,4.13,4.97,5.48,5.14,4.62,3.33
E1956,Ingeniería Electrónica,3,C,33,12,62,48,16,4,4.1,3.8,Reprobado,4.53,3.93,4.17,4.38,2.92,3.76,3.79,4.34,4.65,3.91,2.81,3.62,4.38,4.58,3.54
E1957,Ingeniería en Construcción,3,B,28,15,74,68,15,4,4.3,4.4,Aprobado,4.62,3.6,5.54,5.53,4.68,4.06,5.75,5.72,7.0,6.08,4.5,5.52,5.52,3.59,5.24
E1958,Ingeniería Electrónica,1,B,24,18,97,67,28,4,4.7,5.0,Aprobado,5.79,4.61,5.63,4.78,4.8,5.73,5.22,4.55,4.08,2.43,5.15,5.54,5.53,6.47,4.19
E1959,Ingeniería Informática,2,B,33,15,80,93,31,3,4.5,6.1,Aprobado,5.66,4.1,6.31,6.14,5.18,3.62,5.56,5.13,5.99,5.46,7.0,6.19,6.47,5.1,6.42
E1960,Ingeniería Electrónica,3,A,22,13,53,68,12,3,5.8,5.4,Aprobado,1.83,4.07,3.19,3.84,3.91,1.54,3.79,4.39,3.9,3.72,3.63,4.04,3.37,4.82,3.47
E1961,Ingeniería en Construcción,4,A,27,9,69,48,13,3,4.5,3.8,Reprobado,4.85,4.9,4.87,5.91,4.44,3.5,3.18,3.2,3.04,3.43,3.98,4.88,3.92,3.74,3.57
E1962,Ingeniería en Construcción,4,A,23,9,82,61,17,3,4.1,3.8,Reprobado,4.4,5.76,5.11,4.69,3.5,3.69,3.39,3.62,3.34,2.27,3.53,2.98,3.79,3.09,5.59
E1963,Ingeniería Electrónica,4,D,31,12,80,75,18,4,5.2,5.1,Aprobado,5.03,5.55,6.6,5.01,5.43,3.43,4.47,4.41,4.96,4.46,5.29,4.44,6.02,4.41,4.63
E1964,Ingeniería Electrónica,2,B,32,12,72,83,15,3,4.6,5.2,Aprobado,4.52,3.39,5.58,5.08,5.05,5.16,4.66,5.03,4.91,3.73,6.5,5.66,4.75,4.9,4.15
E1965,Ingeniería Informática,1,B,24,17,74,85,20,3,5.8,6.3,Aprobado,6.46,5.13,5.24,6.28,5.95,3.23,3.62,3.54,4.19,3.49,5.83,5.41,4.46,5.33,4.4
E1966,Ingeniería Electrónica,2,A,24,16,95,75,19,4,4.4,6.7,Aprobado,5.38,4.62,7.0,6.01,6.19,4.53,2.96,3.14,3.18,2.52,5.07,5.15,5.74,5.1,3.58
E1967,Ingeniería en Construcción,1,C,33,8,61,57,18,2,4.9,3.9,Reprobado,3.51,6.23,2.71,3.26,3.13,5.08,4.42,4.45,3.45,3.39,3.71,3.39,2.59,3.7,5.8
E1968,Ingeniería Civil Industrial,3,A,26,18,98,68,34,0,5.5,6.0,Aprobado,4.22,4.68,4.08,4.44,4.76,5.95,5.6,4.2,4.87,4.74,5.2,5.99,4.97,1.47,4.49
E1969,Ingeniería Civil Industrial,3,C,28,7,54,66,13,0,4.3,4.5,Aprobado,5.19,2.71,5.11,5.29,5.2,2.05,1.6,2.22,1.58,3.0,4.44,3.23,3.99,2.58,3.34
E1970,Ingeniería Civil Industrial,1,C,33,10,70,58,7,3,5.5,4.9,Aprobado,4.51,4.47,4.67,4.88,3.75,2.03,4.42,3.59,4.14,3.92,4.45,4.64,4.33,5.64,3.0
E1971,Ingeniería en Construcción,1,C,29,14,70,52,26,4,5.0,4.0,Aprobado,3.01,4.43,3.46,3.36,3.76,5.08,5.76,5.09,4.88,6.33,4.68,5.19,4.48,4.65,1.83
E1972,Ingeniería Civil Industrial,3,B,28,7,89,79,17,0,4.9,5.3,Aprobado,5.62,4.9,5.66,5.29,5.38,3.36,3.87,5.31,5.19,4.68,4.57,3.54,5.74,4.14,4.9
E1973,Ingeniería Civil Industrial,3,B,25,8,74,73,10,4,6.0,5.4,Aprobado,4.83,4.76,4.97,4.04,4.79,3.3,4.67,4.66,4.77,2.82,4.19,4.44,4.14,4.13,4.75
E1974,Ingeniería Civil Industrial,2,B,25,14,84,73,20,5,4.1,4.9,Aprobado,4.85,4.54,4.88,4.92,5.34,2.32,5.91,5.4,5.56,4.23,5.52,5.98,5.73,5.3,3.45
E1975,Ingeniería Electrónica,4,D,32,18,89,81,24,4,4.0,5.3,Aprobado,4.39,4.05,5.8,4.94,5.07,3.95,3.99,5.12,3.86,4.98,5.58,6.04,5.38,3.2,5.05
E1976,Ingeniería Civil Industrial,3,B,30,16,66,71,24,2,4.6,4.5,Aprobado,5.47,5.1,5.69,5.71,5.19,2.67,5.35,6.43,5.21,4.81,4.46,5.35,5.13,4.62,4.58
E1977,Ingeniería Civil Industrial,2,D,23,10,79,89,15,7,6.8,6.1,Aprobado,6.17,3.37,6.79,6.38,6.3,2.72,5.61,5.46,5.05,5.6,5.12,4.98,5.8,4.81,5.12
E1978,Ingeniería en Construcción,3,B,30,17,76,76,18,2,4.6,4.3,Aprobado,6.15,4.67,6.08,5.2,5.49,6.06,5.11,4.03,4.98,4.31,5.84,5.06,4.14,4.1,3.91
E1979,Ingeniería Civil Industrial,1,B,33,8,78,70,8,4,4.8,4.7,Aprobado,5.1,4.42,4.68,4.56,4.98,5.9,5.16,5.45,5.53,4.68,4.41,5.48,4.03,4.19,5.3
E1980,Ingeniería Civil Industrial,2,B,31,12,64,71,22,5,5.0,5.4,Aprobado,4.83,4.1,4.84,4.93,4.65,2.12,4.1,4.07,3.39,3.42,3.86,4.93,4.2,4.82,4.5
E1981,Ingeniería Informática,1,A,24,15,60,65,12,3,5.1,4.9,Aprobado,4.33,3.96,5.23,4.13,4.17,4.12,3.75,4.83,4.28,5.66,4.41,4.38,4.44,3.5,3.37
E1982,Ingeniería Informática,1,A,25,9,76,52,16,2,6.3,4.1,Aprobado,3.78,5.91,4.48,3.63,3.53,3.23,4.62,5.58,4.39,5.32,3.92,4.26,3.77,4.41,4.25
E1983,Ingeniería Electrónica,4,C,30,9,61,70,14,2,5.3,4.0,Aprobado,3.99,3.08,3.66,3.68,3.11,1.9,5.73,5.41,5.67,6.49,4.25,4.26,4.57,5.09,4.09
E1984,Ingeniería Informática,1,D,33,11,85,69,17,0,3.8,4.6,Aprobado,4.65,3.21,4.57,4.99,4.37,5.76,3.83,3.36,4.04,4.03,3.62,4.28,4.97,3.48,4.42
E1985,Ingeniería Civil Industrial,1,B,24,15,66,58,26,0,4.5,4.2,Aprobado,2.44,4.03,4.69,2.91,3.64,4.74,3.82,4.47,5.08,5.68,4.38,4.45,3.84,1.12,3.44
E1986,Ingeniería Informática,3,D,25,13,94,77,14,3,4.0,6.5,Aprobado,5.01,4.39,6.11,5.77,6.09,2.49,5.75,7.0,6.59,7.0,6.54,5.57,6.16,2.94,5.67
E1987,Ingeniería Civil Industrial,3,B,23,11,77,69,16,1,3.3,5.3,Aprobado,4.24,4.39,5.27,3.48,4.89,3.59,5.44,5.14,4.13,3.45,4.45,4.71,4.98,2.91,3.35
E1988,Ingeniería Informática,1,B,34,22,95,100,34,1,4.5,7.0,Aprobado,7.0,6.59,6.32,6.92,6.59,2.93,4.69,5.37,5.51,4.88,6.78,7.0,6.61,3.85,2.26
E1989,Ingeniería en Construcción,1,A,25,16,76,91,30,2,5.5,6.8,Aprobado,5.71,4.28,6.41,5.46,6.71,2.91,4.98,5.3,4.37,6.04,6.18,4.42,5.78,5.04,3.47
E1990,Ingeniería Civil Industrial,2,D,25,17,100,95,29,4,3.9,7.0,Aprobado,6.5,3.54,7.0,7.0,6.0,2.83,6.84,5.82,5.92,6.69,7.0,7.0,6.64,3.04,3.53
E1991,Ingeniería Civil Industrial,1,D,33,11,64,47,20,2,3.6,3.8,Reprobado,2.92,4.98,2.85,2.85,3.66,2.82,4.72,5.71,6.19,5.22,3.02,5.06,3.31,3.96,3.41
E1992,Ingeniería en Construcción,2,D,28,15,67,67,23,5,2.8,4.4,Aprobado,4.52,5.3,5.49,5.25,4.15,5.48,3.87,4.36,5.83,5.04,4.53,4.51,4.55,5.15,5.57
E1993,Ingeniería Civil Industrial,3,D,25,14,81,72,23,2,5.5,6.6,Aprobado,6.03,4.97,6.55,5.89,6.53,2.25,3.67,3.54,3.55,3.88,5.66,5.75,5.62,4.46,6.18
E1994,Ingeniería Informática,1,B,31,10,66,47,11,2,4.3,3.4,Reprobado,4.11,4.2,4.67,4.48,3.42,5.56,4.17,4.95,4.43,5.07,3.41,5.06,3.69,4.88,4.17
E1995,Ingeniería Informática,1,A,22,14,69,66,21,4,4.0,5.2,Aprobado,5.63,4.32,6.61,5.34,5.59,6.1,2.5,4.2,3.89,3.94,4.19,4.2,3.75,5.24,5.1
E1996,Ingeniería en Construcción,2,C,25,6,67,55,8,2,5.1,4.6,Aprobado,3.98,2.53,4.39,4.13,4.02,1.06,4.4,4.08,4.33,3.68,3.94,4.37,4.36,4.54,3.79
E1997,Ingeniería Civil Industrial,3,A,23,10,45,70,15,4,5.8,3.6,Reprobado,3.83,4.78,3.94,4.32,4.34,4.75,5.63,5.34,5.67,6.22,5.41,5.22,3.72,5.39,4.79
E1998,Ingeniería Civil Industrial,3,D,24,17,93,84,17,3,4.2,7.0,Aprobado,6.33,3.87,6.41,6.01,7.0,2.97,4.32,4.45,4.56,2.78,6.16,6.82,6.16,3.95,3.73
E1999,Ingeniería Informática,2,C,27,8,92,68,17,0,4.9,5.3,Aprobado,4.34,4.37,4.64,5.39,5.39,5.23,5.2,4.32,3.98,4.1,4.6,3.8,4.86,3.29,4.06
E2000,Ingeniería Informática,2,B,28,7,74,64,10,1,4.8,4.0,Aprobado,5.06,4.08,4.54,4.77,4.33,2.36,5.94,6.27,6.31,5.65,3.99,4.06,4.36,3.21,3.86
